t_sim_sec,t_ros_sec,t_ros_ns,x_n,y_e,z_d,vx_n,vy_e,vz_d,yaw_rad
0.0,1700000000.0,1700000000000000000,55.0,0.0,0.0,-0.0,1.25,0.0,1.5707963267948963
0.1,1700000000.1,1700000000100000000,54.99968750065104,0.12499947916731773,0.0,-0.0062499739583658865,1.249984375032552,0.0,1.5757963267948967
0.2,1700000000.2,1700000000200000000,54.99875001041663,0.24999583335416664,0.0,-0.012499791667708333,1.2499375005208315,0.0,1.5807963267948966
0.30000000000000004,1700000000.3,1700000000300000000,54.997187552733976,0.3749859376582023,0.0,-0.018749296882910115,1.249859377636699,0.0,1.5857963267948967
0.4,1700000000.4,1700000000400000000,54.99500016666444,0.49996666733332706,0.0,-0.024998333366666355,1.2497500083332223,0.0,1.5907963267948966
0.5,1700000000.5,1700000000500000000,54.99218790689257,0.6249348978678083,0.0,-0.031246744893390417,1.2496093953446283,0.0,1.5957963267948967
0.6000000000000001,1700000000.6,1700000000600000000,54.98875084372469,0.7498875050623917,0.0,-0.037494375253119584,1.2494375421862345,0.0,1.6007963267948966
0.7000000000000001,1700000000.7,1700000000700000000,54.98468906308722,0.8748213651084049,0.0,-0.04374106825542025,1.2492344531543607,0.0,1.6057963267948967
0.8,1700000000.8,1700000000800000000,54.98000266652445,0.9997333546658542,0.0,-0.04998666773329271,1.2490001333262224,0.0,1.6107963267948966
0.9,1700000000.9,1700000000900000000,54.97469177119606,1.124620350941506,0.0,-0.0562310175470753,1.2487345885598031,0.0,1.6157963267948967
1.0,1700000001.0,1700000001000000000,54.968756509874154,1.2494792317669583,0.0,-0.062473961588347914,1.2484378254937079,0.0,1.6207963267948964
1.1,1700000001.1,1700000001100000000,54.96219703093996,1.3743068756766934,0.0,-0.06871534378383468,1.2481098515469982,0.0,1.625796326794897
1.2000000000000002,1700000001.2,1700000001200000000,54.955013498380104,1.4991001619861153,0.0,-0.07495500809930576,1.2477506749190053,0.0,1.6307963267948966
1.3,1700000001.3,1700000001300000000,54.94720609178253,1.623855970869565,0.0,-0.08119279854347825,1.2473603045891264,0.0,1.6357963267948963
1.4000000000000001,1700000001.4,1700000001400000000,54.938775006331994,1.7485711834383193,0.0,-0.08742855917191596,1.2469387503165994,0.0,1.6407963267948968
1.5,1700000001.5,1700000001500000000,54.929720452805185,1.8732426818185588,0.0,-0.09366213409092794,1.2464860226402594,0.0,1.6457963267948965
1.6,1700000001.6,1700000001600000000,54.92004265756549,1.9978673492293177,0.0,-0.09989336746146589,1.2460021328782742,0.0,1.6507963267948964
1.7000000000000002,1700000001.7,1700000001700000000,54.90974186255726,2.122442070060401,0.0,-0.10612210350302005,1.245487093127863,0.0,1.655796326794897
1.8,1700000001.8,1700000001800000000,54.89881832529986,2.2469637299502763,0.0,-0.11234818649751382,1.244940916264993,0.0,1.6607963267948966
1.9000000000000001,1700000001.9,1700000001900000000,54.88727231888113,2.371429215863933,0.0,-0.11857146079319664,1.2443636159440565,0.0,1.6657963267948965
2.0,1700000002.0,1700000002000000000,54.87510413195065,2.4958354161707037,0.0,-0.1247917708085352,1.2437552065975324,0.0,1.6707963267948966
2.1,1700000002.1,1700000002100000000,54.862314068712436,2.620179220722062,0.0,-0.13100896103610313,1.2431157034356217,0.0,1.6757963267948965
2.2,1700000002.2,1700000002200000000,54.84890244891742,2.7444575209293705,0.0,-0.13722287604646854,1.242445122445871,0.0,1.6807963267948967
2.3000000000000003,1700000002.3,1700000002300000000,54.834869607855396,2.868667209841596,0.0,-0.1434333604920798,1.2417434803927698,0.0,1.6857963267948965
2.4000000000000004,1700000002.4,1700000002400000000,54.82021589634665,2.992805182222985,0.0,-0.14964025911114923,1.2410107948173328,0.0,1.6907963267948967
2.5,1700000002.5,1700000002500000000,54.80494168073322,3.1168683346306922,0.0,-0.15584341673153462,1.2402470840366613,0.0,1.6957963267948968
2.6,1700000002.6,1700000002600000000,54.7890473428697,3.2408535654923716,0.0,-0.16204267827461857,1.2394523671434852,0.0,1.7007963267948967
2.7,1700000002.7,1700000002700000000,54.7725332801137,3.3647577751837074,0.0,-0.16823788875918538,1.2386266640056849,0.0,1.7057963267948966
2.8000000000000003,1700000002.8,1700000002800000000,54.755399905315926,3.488577866105912,0.0,-0.17442889330529562,1.2377699952657963,0.0,1.7107963267948967
2.9000000000000004,1700000002.9,1700000002900000000,54.73764764680987,3.6123107427631607,0.0,-0.18061553713815803,1.2368823823404935,0.0,1.7157963267948966
3.0,1700000003.0,1700000003000000000,54.71927694840106,3.7359533118399813,0.0,-0.18679766559199906,1.2359638474200527,0.0,1.7207963267948967
3.1,1700000003.1,1700000003100000000,54.700288269355994,3.859502482278586,0.0,-0.1929751241139293,1.2350144134677998,0.0,1.7257963267948966
3.2,1700000003.2,1700000003200000000,54.680682084390675,3.98295516535615,0.0,-0.1991477582678075,1.2340341042195337,0.0,1.730796326794897
3.3000000000000003,1700000003.3,1700000003300000000,54.66045888365869,4.106308274762025,0.0,-0.20531541373810125,1.2330229441829346,0.0,1.7357963267948966
3.4000000000000004,1700000003.4,1700000003400000000,54.63961917273902,4.2295587266749015,0.0,-0.21147793633374506,1.2319809586369508,0.0,1.7407963267948967
3.5,1700000003.5,1700000003500000000,54.61816347262334,4.3527034398399,0.0,-0.21763517199199497,1.230908173631167,0.0,1.7457963267948966
3.6,1700000003.6,1700000003600000000,54.59609231970303,4.475739335645605,0.0,-0.22378696678228027,1.229804615985152,0.0,1.7507963267948967
3.7,1700000003.7,1700000003700000000,54.573406265755786,4.598663338201031,0.0,-0.22993316691005156,1.2286703132877894,0.0,1.7557963267948966
3.8000000000000003,1700000003.8,1700000003800000000,54.550105877931756,4.721472374412515,0.0,-0.23607361872062577,1.2275052938965878,0.0,1.7607963267948967
3.9000000000000004,1700000003.9,1700000003900000000,54.52619173873943,4.844163374060549,0.0,-0.24220816870302747,1.2263095869369716,0.0,1.7657963267948966
4.0,1700000004.0,1700000004000000000,54.50166444603104,4.9667332698765305,0.0,-0.24833666349382652,1.225083222301552,0.0,1.7707963267948967
4.1000000000000005,1700000004.1,1700000004100000000,54.47652461298763,5.089178997619451,0.0,-0.2544589498809725,1.2238262306493812,0.0,1.7757963267948966
4.2,1700000004.2,1700000004200000000,54.450772868103705,5.211497496152489,0.0,-0.2605748748076245,1.2225386434051853,0.0,1.7807963267948967
4.3,1700000004.3,1700000004300000000,54.42440985517156,5.333685707519558,0.0,-0.2666842853759779,1.221220492758578,0.0,1.7857963267948966
4.4,1700000004.4,1700000004400000000,54.39743623326514,5.455740577021734,0.0,-0.2727870288510867,1.219871811663257,0.0,1.7907963267948965
4.5,1700000004.5,1700000004500000000,54.36985267672358,5.577659053293636,0.0,-0.2788829526646818,1.2184926338361792,0.0,1.7957963267948966
4.6000000000000005,1700000004.6,1700000004600000000,54.34165987513437,5.699438088379711,0.0,-0.28497190441898557,1.2170829937567185,0.0,1.8007963267948968
4.7,1700000004.7,1700000004700000000,54.312858533316074,5.82107463781042,0.0,-0.29105373189052103,1.2156429266658038,0.0,1.8057963267948967
4.800000000000001,1700000004.8,1700000004800000000,54.28344937130074,5.9425656606783654,0.0,-0.2971282830339183,1.214172468565037,0.0,1.810796326794897
4.9,1700000004.9,1700000004900000000,54.25343312431588,6.063908119714302,0.0,-0.3031954059857151,1.2126716562157942,0.0,1.8157963267948967
5.0,1700000005.0,1700000005000000000,54.22281054276612,6.1850989813630735,0.0,-0.30925494906815365,1.211140527138306,0.0,1.8207963267948966
5.1000000000000005,1700000005.1,1700000005100000000,54.191582392214386,6.306135215859452,0.0,-0.31530676079297265,1.2095791196107195,0.0,1.8257963267948967
5.2,1700000005.2,1700000005200000000,54.159749453362835,6.427013797303878,0.0,-0.3213506898651939,1.2079874726681414,0.0,1.8307963267948966
5.300000000000001,1700000005.3,1700000005300000000,54.12731252203326,6.547731703738112,0.0,-0.3273865851869056,1.2063656261016629,0.0,1.8357963267948965
5.4,1700000005.4,1700000005400000000,54.094272409147266,6.6682859172207785,0.0,-0.33341429586103893,1.2047136204573632,0.0,1.8407963267948966
5.5,1700000005.5,1700000005500000000,54.06062994070595,6.7886734239028215,0.0,-0.3394336711951411,1.2030314970352975,0.0,1.845796326794897
5.6000000000000005,1700000005.6,1700000005600000000,54.02638595776927,6.9088912141028445,0.0,-0.3454445607051422,1.2013192978884637,0.0,1.8507963267948966
5.7,1700000005.7,1700000005700000000,53.99154131643503,7.028936282382352,0.0,-0.3514468141191176,1.1995770658217513,0.0,1.8557963267948967
5.800000000000001,1700000005.8,1700000005800000000,53.95609688781743,7.14880562762089,0.0,-0.3574402813810445,1.1978048443908715,0.0,1.8607963267948966
5.9,1700000005.9,1700000005900000000,53.920053558025344,7.26849625309107,0.0,-0.3634248126545535,1.1960026779012674,0.0,1.8657963267948967
6.0,1700000006.0,1700000006000000000,53.883412228140145,7.38800516653349,0.0,-0.3694002583266745,1.1941706114070074,0.0,1.8707963267948966
6.1000000000000005,1700000006.1,1700000006100000000,53.84617381419318,7.507329380231539,0.0,-0.375366469011577,1.1923086907096587,0.0,1.8757963267948967
6.2,1700000006.2,1700000006200000000,53.80833924714284,7.626465911086089,0.0,-0.38132329555430444,1.1904169623571417,0.0,1.8807963267948966
6.300000000000001,1700000006.3,1700000006300000000,53.76990947285133,7.745411780690073,0.0,-0.3872705890345036,1.1884954736425666,0.0,1.8857963267948967
6.4,1700000006.4,1700000006400000000,53.73088545206102,7.864164015402945,0.0,-0.3932082007701473,1.186544272603051,0.0,1.8907963267948966
6.5,1700000006.5,1700000006500000000,53.69126816037039,7.982719646425024,0.0,-0.3991359823212512,1.1845634080185197,0.0,1.8957963267948967
6.6000000000000005,1700000006.6,1700000006600000000,53.65105858820967,8.101075709871711,0.0,-0.4050537854935855,1.1825529294104835,0.0,1.9007963267948966
6.7,1700000006.7,1700000006700000000,53.61025774081608,8.21922924684758,0.0,-0.41096146234237896,1.1805128870408037,0.0,1.9057963267948967
6.800000000000001,1700000006.8,1700000006800000000,53.568866638208654,8.337177303520361,0.0,-0.41685886517601806,1.1784433319104328,0.0,1.9107963267948966
6.9,1700000006.9,1700000006900000000,53.52688631516283,8.454916931194782,0.0,-0.4227458465597391,1.1763443157581412,0.0,1.915796326794897
7.0,1700000007.0,1700000007000000000,53.484317821184476,8.572445186386284,0.0,-0.42862225931931425,1.1742158910592235,0.0,1.9207963267948966
7.1000000000000005,1700000007.1,1700000007100000000,53.44116222048373,8.689759130894608,0.0,-0.4344879565447304,1.1720581110241866,0.0,1.9257963267948965
7.2,1700000007.2,1700000007200000000,53.397420591948375,8.80685583187725,0.0,-0.44034279159386247,1.1698710295974184,0.0,1.9307963267948967
7.300000000000001,1700000007.3,1700000007300000000,53.35309402911683,8.923732361922786,0.0,-0.4461866180961393,1.1676547014558414,0.0,1.9357963267948965
7.4,1700000007.4,1700000007400000000,53.30818364015086,9.040385799124051,0.0,-0.45201928995620255,1.165409182007543,0.0,1.9407963267948967
7.5,1700000007.5,1700000007500000000,53.26269054780786,9.15681322715119,0.0,-0.45784066135755946,1.1631345273903928,0.0,1.9457963267948966
7.6000000000000005,1700000007.6,1700000007600000000,53.21661588941276,9.273011735324568,0.0,-0.4636505867662284,1.1608307944706378,0.0,1.9507963267948967
7.7,1700000007.7,1700000007700000000,53.169960816829615,9.38897841868753,0.0,-0.46944892093437657,1.158498040841481,0.0,1.9557963267948966
7.800000000000001,1700000007.8,1700000007800000000,53.122726496432826,9.504710378079038,0.0,-0.4752355189039519,1.1561363248216412,0.0,1.9607963267948967
7.9,1700000007.9,1700000007900000000,53.07491410907793,9.620204720206125,0.0,-0.4810102360103063,1.1537457054538967,0.0,1.9657963267948966
8.0,1700000008.0,1700000008000000000,53.02652485007213,9.735458557716264,0.0,-0.48677292788581317,1.1513262425036064,0.0,1.9707963267948967
8.1,1700000008.1,1700000008100000000,52.97755992914436,9.85046900926951,0.0,-0.49252345046347557,1.1488779964572184,0.0,1.9757963267948966
8.200000000000001,1700000008.2,1700000008200000000,52.92802057041513,9.965233199610573,0.0,-0.4982616599805287,1.1464010285207564,0.0,1.9807963267948967
8.3,1700000008.3,1700000008300000000,52.87790801236579,10.079748259640667,0.0,-0.5039874129820333,1.1438954006182898,0.0,1.9857963267948966
8.4,1700000008.4,1700000008400000000,52.8272235078077,10.194011326489255,0.0,-0.5097005663244627,1.1413611753903854,0.0,1.9907963267948965
8.5,1700000008.5,1700000008500000000,52.77596832385085,10.308019543585619,0.0,-0.515400977179281,1.1387984161925422,0.0,1.9957963267948966
8.6,1700000008.6,1700000008600000000,52.724143741872126,10.42177006073027,0.0,-0.5210885030365134,1.1362071870936064,0.0,2.0007963267948967
8.700000000000001,1700000008.7,1700000008700000000,52.67175105748342,10.535260034166201,0.0,-0.5267630017083101,1.1335875528741708,0.0,2.0057963267948966
8.8,1700000008.8,1700000008800000000,52.618791580499085,10.648486626649992,0.0,-0.5324243313324996,1.1309395790249541,0.0,2.0107963267948965
8.9,1700000008.9,1700000008900000000,52.5652666349033,10.761447007522722,0.0,-0.5380723503761361,1.1282633317451651,0.0,2.015796326794897
9.0,1700000009.0,1700000009000000000,52.511177558816925,10.874138352780756,0.0,-0.5437069176390378,1.125558877940846,0.0,2.0207963267948967
9.1,1700000009.1,1700000009100000000,52.45652570446403,10.986557845146331,0.0,-0.5493278922573166,1.1228262852232014,0.0,2.0257963267948966
9.200000000000001,1700000009.2,1700000009200000000,52.401312438138135,11.098702674137996,0.0,-0.5549351337068998,1.1200656219069065,0.0,2.0307963267948965
9.3,1700000009.3,1700000009300000000,52.345539140168015,11.210570036140863,0.0,-0.5605285018070432,1.1172769570084007,0.0,2.035796326794897
9.4,1700000009.4,1700000009400000000,52.289207204883226,11.322157134476708,0.0,-0.5661078567238355,1.1144603602441612,0.0,2.0407963267948968
9.5,1700000009.5,1700000009500000000,52.2323180405792,11.433461179473888,0.0,-0.5716730589736944,1.1116159020289602,0.0,2.0457963267948966
9.600000000000001,1700000009.6,1700000009600000000,52.1748730694821,11.544479388537074,0.0,-0.5772239694268537,1.108743653474105,0.0,2.0507963267948965
9.700000000000001,1700000009.7,1700000009700000000,52.11687372771321,11.65520898621682,0.0,-0.582760449310841,1.1058436863856604,0.0,2.055796326794897
9.8,1700000009.8,1700000009800000000,52.05832146525304,11.765647204278952,0.0,-0.5882823602139476,1.1029160732626517,0.0,2.0607963267948968
9.9,1700000009.9,1700000009900000000,51.999217745905106,11.87579128177377,0.0,-0.5937895640886885,1.0999608872952553,0.0,2.0657963267948967
10.0,1700000010.0,1700000010000000000,51.93956404725932,11.985638465105076,0.0,-0.5992819232552538,1.096978202362966,0.0,2.0707963267948966
10.100000000000001,1700000010.1,1700000010100000000,51.87936186065504,12.095186008099008,0.0,-0.6047593004049503,1.0939680930327516,0.0,2.075796326794897
10.200000000000001,1700000010.2,1700000010200000000,51.818612691143784,12.20443117207269,0.0,-0.6102215586036345,1.090930634557189,0.0,2.080796326794897
10.3,1700000010.3,1700000010300000000,51.757318057451634,12.313371225902717,0.0,-0.6156685612951358,1.087865902872582,0.0,2.0857963267948967
10.4,1700000010.4,1700000010400000000,51.69547949194124,12.422003446093418,0.0,-0.621100172304671,1.0847739745970624,0.0,2.0907963267948966
10.5,1700000010.5,1700000010500000000,51.63309854057353,12.530325116844947,0.0,-0.6265162558422475,1.0816549270286766,0.0,2.095796326794897
10.600000000000001,1700000010.6,1700000010600000000,51.570176762869025,12.638333530121177,0.0,-0.6319166765060589,1.078508838143451,0.0,2.100796326794897
10.700000000000001,1700000010.7,1700000010700000000,51.506715731868894,12.746025985717397,0.0,-0.6373012992858698,1.0753357865934445,0.0,2.1057963267948967
10.8,1700000010.8,1700000010800000000,51.44271703409561,12.85339979132783,0.0,-0.6426699895663914,1.0721358517047803,0.0,2.1107963267948966
10.9,1700000010.9,1700000010900000000,51.37818226951327,12.960452262612925,0.0,-0.6480226131306464,1.0689091134756634,0.0,2.115796326794897
11.0,1700000011.0,1700000011000000000,51.31311305148764,13.06718072326648,0.0,-0.653359036163324,1.065655652574382,0.0,2.120796326794897
11.100000000000001,1700000011.1,1700000011100000000,51.24751100674578,13.173582505082534,0.0,-0.6586791252541268,1.0623755503372894,0.0,2.1257963267948967
11.200000000000001,1700000011.2,1700000011200000000,51.181377775335406,13.279654948022085,0.0,-0.6639827474011042,1.05906888876677,0.0,2.1307963267948966
11.3,1700000011.3,1700000011300000000,51.114715010583836,13.385395400279585,0.0,-0.6692697700139792,1.0557357505291916,0.0,2.1357963267948965
11.4,1700000011.4,1700000011400000000,51.04752437905672,13.490801218349233,0.0,-0.6745400609174617,1.0523762189528358,0.0,2.140796326794897
11.5,1700000011.5,1700000011500000000,50.97980756051635,13.595869767091065,0.0,-0.6797934883545532,1.0489903780258176,0.0,2.1457963267948967
11.600000000000001,1700000011.6,1700000011600000000,50.911566247879676,13.700598419796842,0.0,-0.6850299209898421,1.0455783123939837,0.0,2.1507963267948966
11.700000000000001,1700000011.7,1700000011700000000,50.84280214717594,13.804984558255692,0.0,-0.6902492279127846,1.0421401073587968,0.0,2.155796326794897
11.8,1700000011.8,1700000011800000000,50.77351697750409,13.909025572819598,0.0,-0.6954512786409799,1.0386758488752044,0.0,2.160796326794897
11.9,1700000011.9,1700000011900000000,50.70371247098975,14.012718862468606,0.0,-0.7006359431234304,1.0351856235494874,0.0,2.1657963267948968
12.0,1700000012.0,1700000012000000000,50.63339037274196,14.116061834875888,0.0,-0.7058030917437943,1.0316695186370977,0.0,2.1707963267948966
12.100000000000001,1700000012.1,1700000012100000000,50.5625524408095,14.219051906472501,0.0,-0.7109525953236251,1.028127622040475,0.0,2.1757963267948965
12.200000000000001,1700000012.2,1700000012200000000,50.491200446136986,14.321686502512035,0.0,-0.7160843251256017,1.0245600223068494,0.0,2.180796326794897
12.3,1700000012.3,1700000012300000000,50.41933617252057,14.423963057134923,0.0,-0.7211981528567462,1.0209668086260284,0.0,2.1857963267948968
12.4,1700000012.4,1700000012400000000,50.346961416563346,14.525879013432629,0.0,-0.7262939506716315,1.0173480708281675,0.0,2.1907963267948967
12.5,1700000012.5,1700000012500000000,50.27407798763045,14.627431823511555,0.0,-0.7313715911755778,1.0137038993815224,0.0,2.1957963267948966
12.600000000000001,1700000012.6,1700000012600000000,50.200687707803795,14.72861894855674,0.0,-0.736430947427837,1.0100343853901896,0.0,2.200796326794897
12.700000000000001,1700000012.7,1700000012700000000,50.12679241183656,14.829437858895325,0.0,-0.7414718929447662,1.0063396205918282,0.0,2.205796326794897
12.8,1700000012.8,1700000012800000000,50.05239394710731,14.929886034059802,0.0,-0.7464943017029901,1.0026196973553656,0.0,2.2107963267948967
12.9,1700000012.9,1700000012900000000,49.977494173573774,15.029960962851026,0.0,-0.7514980481425514,0.9988747086786889,0.0,2.2157963267948966
13.0,1700000013.0,1700000013000000000,49.9020949637264,15.129660143400988,0.0,-0.7564830071700495,0.9951047481863198,0.0,2.2207963267948965
13.100000000000001,1700000013.1,1700000013100000000,49.826198202541484,15.228981083235372,0.0,-0.7614490541617686,0.9913099101270741,0.0,2.225796326794897
13.200000000000001,1700000013.2,1700000013200000000,49.74980578743413,15.327921299335848,0.0,-0.7663960649667924,0.9874902893717062,0.0,2.2307963267948967
13.3,1700000013.3,1700000013300000000,49.67291962821072,15.426478318202166,0.0,-0.7713239159101083,0.9836459814105358,0.0,2.2357963267948966
13.4,1700000013.4,1700000013400000000,49.595541647021236,15.524649675913993,0.0,-0.7762324837956996,0.9797770823510615,0.0,2.2407963267948965
13.5,1700000013.5,1700000013500000000,49.51767377831117,15.622432918192498,0.0,-0.7811216459096249,0.9758836889155585,0.0,2.245796326794897
13.600000000000001,1700000013.6,1700000013600000000,49.439317968773196,15.719825600461714,0.0,-0.7859912800230857,0.9719658984386598,0.0,2.2507963267948967
13.700000000000001,1700000013.7,1700000013700000000,49.360476177298466,15.816825287909658,0.0,-0.790841264395483,0.9680238088649235,0.0,2.2557963267948966
13.8,1700000013.8,1700000013800000000,49.28115037492766,15.9134295555492,0.0,-0.79567147777746,0.9640575187463831,0.0,2.2607963267948965
13.9,1700000013.9,1700000013900000000,49.20134254480171,16.009635988278674,0.0,-0.8004817994139337,0.9600671272400856,0.0,2.265796326794897
14.0,1700000014.0,1700000014000000000,49.12105468211221,16.10544218094228,0.0,-0.8052721090471139,0.9560527341056104,0.0,2.2707963267948967
14.100000000000001,1700000014.1,1700000014100000000,49.04028879405154,16.200845738390182,0.0,-0.8100422869195091,0.952014439702577,0.0,2.2757963267948966
14.200000000000001,1700000014.2,1700000014200000000,48.9590468997627,16.295844275538418,0.0,-0.8147922137769209,0.9479523449881351,0.0,2.2807963267948965
14.3,1700000014.3,1700000014300000000,48.877331030288815,16.39043541742851,0.0,-0.8195217708714254,0.9438665515144409,0.0,2.285796326794897
14.4,1700000014.4,1700000014400000000,48.79514322852238,16.48461679928683,0.0,-0.8242308399643415,0.9397571614261186,0.0,2.2907963267948968
14.5,1700000014.5,1700000014500000000,48.712485549154124,16.578386066583743,0.0,-0.8289193033291873,0.9356242774577063,0.0,2.2957963267948966
14.600000000000001,1700000014.6,1700000014600000000,48.62936005862176,16.671740875092446,0.0,-0.8335870437546223,0.9314680029310879,0.0,2.3007963267948965
14.700000000000001,1700000014.7,1700000014700000000,48.5457688350582,16.764678890947597,0.0,-0.8382339445473798,0.9272884417529101,0.0,2.305796326794897
14.8,1700000014.8,1700000014800000000,48.46171396823969,16.85719779070363,0.0,-0.8428598895351814,0.9230856984119848,0.0,2.3107963267948968
14.9,1700000014.9,1700000014900000000,48.37719755953353,16.949295261392873,0.0,-0.8474647630696436,0.9188598779766765,0.0,2.3157963267948967
15.0,1700000015.0,1700000015000000000,48.29222172184552,17.040969000583353,0.0,-0.8520484500291676,0.9146110860922761,0.0,2.3207963267948966
15.100000000000001,1700000015.1,1700000015100000000,48.20678857956719,17.132216716436375,0.0,-0.8566108358218187,0.9103394289783593,0.0,2.3257963267948965
15.200000000000001,1700000015.2,1700000015200000000,48.12090026852263,17.223036127763784,0.0,-0.8611518063881893,0.9060450134261313,0.0,2.330796326794897
15.3,1700000015.3,1700000015300000000,48.03455893591516,17.313424964085034,0.0,-0.8656712482042517,0.9017279467957577,0.0,2.3357963267948967
15.4,1700000015.4,1700000015400000000,47.94776674027358,17.40338096568392,0.0,-0.870169048284196,0.8973883370136791,0.0,2.3407963267948966
15.5,1700000015.5,1700000015500000000,47.860525851398286,17.492901883665088,0.0,-0.8746450941832544,0.8930262925699142,0.0,2.3457963267948965
15.600000000000001,1700000015.6,1700000015600000000,47.772838450306935,17.581985480010257,0.0,-0.8790992740005128,0.8886419225153466,0.0,2.350796326794897
15.700000000000001,1700000015.7,1700000015700000000,47.68470672917999,17.67062952763415,0.0,-0.8835314763817076,0.8842353364589995,0.0,2.3557963267948967
15.8,1700000015.8,1700000015800000000,47.5961328913059,17.758831810440196,0.0,-0.8879415905220098,0.8798066445652951,0.0,2.3607963267948966
15.9,1700000015.9,1700000015900000000,47.50711915102599,17.846590123375922,0.0,-0.8923295061687961,0.8753559575512997,0.0,2.3657963267948965
16.0,1700000016.0,1700000016000000000,47.41766773367914,17.93390227248807,0.0,-0.8966951136244035,0.8708833866839567,0.0,2.370796326794897
16.1,1700000016.1,1700000016100000000,47.327780875546104,18.020766074977466,0.0,-0.9010383037488733,0.8663890437773052,0.0,2.3757963267948967
16.2,1700000016.2,1700000016200000000,47.237460823793676,18.107179359253564,0.0,-0.9053589679626782,0.8618730411896837,0.0,2.3807963267948966
16.3,1700000016.3,1700000016300000000,47.14670983641844,18.193139964988763,0.0,-0.9096569982494382,0.8573354918209217,0.0,2.3857963267948965
16.400000000000002,1700000016.4,1700000016400000000,47.05553018219034,18.2786457431724,0.0,-0.91393228715862,0.8527765091095167,0.0,2.390796326794897
16.5,1700000016.5,1700000016500000000,46.96392414059599,18.363694556164464,0.0,-0.9181847278082232,0.8481962070297998,0.0,2.3957963267948967
16.6,1700000016.6,1700000016600000000,46.871894001781676,18.448284277749067,0.0,-0.9224142138874535,0.8435947000890838,0.0,2.4007963267948966
16.7,1700000016.7,1700000016700000000,46.77944206649606,18.532412793187575,0.0,-0.9266206396593788,0.838972103324803,0.0,2.4057963267948965
16.8,1700000016.8,1700000016800000000,46.6865706460327,18.616077999271486,0.0,-0.9308038999635743,0.834328532301635,0.0,2.410796326794897
16.900000000000002,1700000016.9,1700000016900000000,46.593282062172285,18.699277804374997,0.0,-0.9349638902187498,0.8296641031086143,0.0,2.4157963267948968
17.0,1700000017.0,1700000017000000000,46.49957864712455,18.782010128507316,0.0,-0.9391005064253659,0.8249789323562275,0.0,2.4207963267948966
17.1,1700000017.1,1700000017100000000,46.40546274347,18.864272903364657,0.0,-0.9432136451682328,0.8202731371734996,0.0,2.4257963267948965
17.2,1700000017.2,1700000017200000000,46.310936704101294,18.946064072381922,0.0,-0.9473032036190963,0.8155468352050649,0.0,2.4307963267948964
17.3,1700000017.3,1700000017300000000,46.216002892164525,19.027381590784156,0.0,-0.9513690795392078,0.810800144608226,0.0,2.4357963267948968
17.400000000000002,1700000017.4,1700000017400000000,46.120663681000025,19.10822342563763,0.0,-0.9554111712818815,0.8060331840500014,0.0,2.4407963267948967
17.5,1700000017.5,1700000017500000000,46.02492145408313,19.18858755590068,0.0,-0.9594293777950338,0.8012460727041564,0.0,2.4457963267948966
17.6,1700000017.6,1700000017600000000,45.928778604964506,19.268471972474234,0.0,-0.9634235986237117,0.7964389302482251,0.0,2.450796326794897
17.7,1700000017.7,1700000017700000000,45.83223753721038,19.34787467825204,0.0,-0.9673937339126021,0.791611876860519,0.0,2.455796326794897
17.8,1700000017.8,1700000017800000000,45.73530066434242,19.426793688170598,0.0,-0.9713396844085299,0.786765033217121,0.0,2.4607963267948967
17.900000000000002,1700000017.9,1700000017900000000,45.637970409777395,19.50522702925876,0.0,-0.975261351462938,0.78189852048887,0.0,2.4657963267948966
18.0,1700000018.0,1700000018000000000,45.54024920676661,19.583172740687086,0.0,-0.9791586370343542,0.7770124603383305,0.0,2.4707963267948965
18.1,1700000018.1,1700000018100000000,45.44213949833504,19.66062887381685,0.0,-0.9830314436908426,0.772106974916752,0.0,2.475796326794897
18.2,1700000018.2,1700000018200000000,45.34364373722029,19.737593492248763,0.0,-0.9868796746124381,0.7671821868610145,0.0,2.4807963267948967
18.3,1700000018.3,1700000018300000000,45.24476438581125,19.814064671871364,0.0,-0.9907032335935683,0.7622382192905626,0.0,2.4857963267948966
18.400000000000002,1700000018.4,1700000018400000000,45.14550391608657,19.890040500909155,0.0,-0.9945020250454577,0.7572751958043283,0.0,2.490796326794897
18.5,1700000018.5,1700000018500000000,45.04586480955281,19.965519079970356,0.0,-0.9982759539985178,0.7522932404776407,0.0,2.495796326794897
18.6,1700000018.6,1700000018600000000,44.945849557182456,20.04049852209443,0.0,-1.0020249261047214,0.7472924778591227,0.0,2.5007963267948967
18.7,1700000018.7,1700000018700000000,44.8454606593516,20.11497695279923,0.0,-1.0057488476399614,0.7422730329675798,0.0,2.5057963267948966
18.8,1700000018.8,1700000018800000000,44.744700625777455,20.18895251012786,0.0,-1.0094476255063929,0.7372350312888727,0.0,2.5107963267948965
18.900000000000002,1700000018.9,1700000018900000000,44.643571975455615,20.262423344695247,0.0,-1.0131211672347624,0.7321785987727809,0.0,2.515796326794897
19.0,1700000019.0,1700000019000000000,44.54207723659709,20.335387619734345,0.0,-1.016769380986717,0.7271038618298543,0.0,2.5207963267948967
19.1,1700000019.1,1700000019100000000,44.44021894656504,20.407843511142087,0.0,-1.0203921755571044,0.7220109473282519,0.0,2.5257963267948966
19.200000000000003,1700000019.2,1700000019200000000,44.337999651811415,20.47978920752496,0.0,-1.023989460376248,0.7168999825905706,0.0,2.530796326794897
19.3,1700000019.3,1700000019300000000,44.23542190781327,20.551222910244295,0.0,-1.027561145512215,0.7117710953906635,0.0,2.535796326794897
19.400000000000002,1700000019.4,1700000019400000000,44.132488279008854,20.622142833461254,0.0,-1.0311071416730626,0.7066244139504427,0.0,2.5407963267948968
19.5,1700000019.5,1700000019500000000,44.029201338733536,20.69254720418144,0.0,-1.034627360209072,0.7014600669366767,0.0,2.5457963267948966
19.6,1700000019.6,1700000019600000000,43.92556366915543,20.762434262299262,0.0,-1.0381217131149632,0.6962781834577715,0.0,2.5507963267948965
19.700000000000003,1700000019.7,1700000019700000000,43.82157786121088,20.831802260641904,0.0,-1.0415901130320953,0.6910788930605443,0.0,2.555796326794897
19.8,1700000019.8,1700000019800000000,43.71724651453969,20.900649465013014,0.0,-1.0450324732506506,0.6858623257269845,0.0,2.5607963267948968
19.900000000000002,1700000019.9,1700000019900000000,43.61257223742006,20.968974154236076,0.0,-1.0484487077118039,0.6806286118710031,0.0,2.5657963267948967
20.0,1700000020.0,1700000020000000000,43.507557646703496,21.036774620197413,0.0,-1.0518387310098707,0.6753778823351747,0.0,2.5707963267948966
20.1,1700000020.1,1700000020100000000,43.40220536774927,21.10404916788891,0.0,-1.0552024583944455,0.6701102683874633,0.0,2.575796326794897
20.200000000000003,1700000020.2,1700000020200000000,43.29651803435888,21.170796115450383,0.0,-1.058539805772519,0.6648259017179441,0.0,2.580796326794897
20.3,1700000020.3,1700000020300000000,43.19049828871017,21.23701379421161,0.0,-1.0618506897105804,0.6595249144355084,0.0,2.5857963267948967
20.400000000000002,1700000020.4,1700000020400000000,43.08414878129123,21.302700548734077,0.0,-1.0651350274367037,0.6542074390645618,0.0,2.5907963267948966
20.5,1700000020.5,1700000020500000000,42.97747217083424,21.367854736852337,0.0,-1.068392736842617,0.6488736085417119,0.0,2.595796326794897
20.6,1700000020.6,1700000020600000000,42.87047112424888,21.432474729715086,0.0,-1.0716237364857542,0.6435235562124442,0.0,2.600796326794897
20.700000000000003,1700000020.7,1700000020700000000,42.76314831655576,21.496558911825865,0.0,-1.0748279455912932,0.6381574158277876,0.0,2.6057963267948967
20.8,1700000020.8,1700000020800000000,42.65550643081946,21.56010568108346,0.0,-1.078005284054173,0.632775321540973,0.0,2.6107963267948966
20.900000000000002,1700000020.9,1700000020900000000,42.54754815808153,21.62311344882195,0.0,-1.0811556724410976,0.6273774079040766,0.0,2.615796326794897
21.0,1700000021.0,1700000021000000000,42.439276197293175,21.685580639850425,0.0,-1.0842790319925213,0.6219638098646587,0.0,2.620796326794897
21.1,1700000021.1,1700000021100000000,42.33069325524776,21.747505692492357,0.0,-1.0873752846246179,0.6165346627623879,0.0,2.6257963267948967
21.200000000000003,1700000021.2,1700000021200000000,42.22180204651318,21.80888705862466,0.0,-1.0904443529312329,0.6110901023256592,0.0,2.6307963267948966
21.3,1700000021.3,1700000021300000000,42.112605293364,21.869723203716372,0.0,-1.0934861601858188,0.6056302646682001,0.0,2.635796326794897
21.400000000000002,1700000021.4,1700000021400000000,42.003105725713354,21.93001260686704,0.0,-1.096500630343352,0.6001552862856676,0.0,2.640796326794897
21.5,1700000021.5,1700000021500000000,41.89330608104472,21.989753760844724,0.0,-1.0994876880422362,0.594665304052236,0.0,2.6457963267948963
21.6,1700000021.6,1700000021600000000,41.7832091043435,22.048945172123688,0.0,-1.1024472586061844,0.589160455217175,0.0,2.6507963267948966
21.700000000000003,1700000021.7,1700000021700000000,41.67281754802838,22.107585360921732,0.0,-1.1053792680460865,0.5836408774014189,0.0,2.655796326794897
21.8,1700000021.8,1700000021800000000,41.56213417188252,22.16567286123718,0.0,-1.108283643061859,0.5781067085941259,0.0,2.660796326794897
21.900000000000002,1700000021.9,1700000021900000000,41.45116174298455,22.223206220885565,0.0,-1.1111603110442783,0.5725580871492277,0.0,2.6657963267948968
22.0,1700000022.0,1700000022000000000,41.33990303563943,22.280184001535886,0.0,-1.1140092000767943,0.5669951517819717,0.0,2.6707963267948966
22.1,1700000022.1,1700000022100000000,41.22836083130903,22.33660477874659,0.0,-1.1168302389373295,0.5614180415654517,0.0,2.675796326794897
22.200000000000003,1700000022.2,1700000022200000000,41.11653791854267,22.39246714200119,0.0,-1.1196233571000596,0.5558268959271335,0.0,2.6807963267948964
22.3,1700000022.3,1700000022300000000,41.004437092907324,22.447769694743517,0.0,-1.122388484737176,0.5502218546453662,0.0,2.6857963267948968
22.400000000000002,1700000022.4,1700000022400000000,40.892061156917805,22.502511054412626,0.0,-1.1251255527206314,0.5446030578458901,0.0,2.6907963267948967
22.5,1700000022.5,1700000022500000000,40.77941291996665,22.55668985247738,0.0,-1.127834492623869,0.5389706459983328,0.0,2.6957963267948966
22.6,1700000022.6,1700000022600000000,40.666495198253926,22.61030473447065,0.0,-1.1305152367235325,0.5333247599126966,0.0,2.700796326794897
22.700000000000003,1700000022.7,1700000022700000000,40.553310814716795,22.663354360023177,0.0,-1.1331677180011588,0.5276655407358398,0.0,2.705796326794897
22.8,1700000022.8,1700000022800000000,40.43986259895895,22.715837402897083,0.0,-1.1357918701448542,0.5219931299479474,0.0,2.7107963267948967
22.900000000000002,1700000022.9,1700000022900000000,40.326153387179865,22.767752551019036,0.0,-1.1383876275509517,0.5163076693589933,0.0,2.715796326794897
23.0,1700000023.0,1700000023000000000,40.21218602210393,22.81909850651303,0.0,-1.1409549253256515,0.5106093011051964,0.0,2.720796326794897
23.1,1700000023.1,1700000023100000000,40.097963352909325,22.869873985732852,0.0,-1.1434936992866427,0.5048981676454662,0.0,2.725796326794897
23.200000000000003,1700000023.2,1700000023200000000,39.98348823515683,22.920077719294174,0.0,-1.1460038859647086,0.4991744117578413,0.0,2.7307963267948967
23.3,1700000023.3,1700000023300000000,39.868763530718425,22.969708452106268,0.0,-1.1484854226053134,0.4934381765359213,0.0,2.7357963267948966
23.400000000000002,1700000023.4,1700000023400000000,39.75379210770575,23.01876494340339,0.0,-1.1509382471701697,0.48768960538528755,0.0,2.740796326794897
23.5,1700000023.5,1700000023500000000,39.6385768403984,23.067245966775825,0.0,-1.1533622983387912,0.48192884201992,0.0,2.745796326794897
23.6,1700000023.6,1700000023600000000,39.52312060917204,23.115150310200512,0.0,-1.1557575155100255,0.47615603045860205,0.0,2.7507963267948967
23.700000000000003,1700000023.7,1700000023700000000,39.40742630042645,23.162476776071355,0.0,-1.1581238388035677,0.4703713150213224,0.0,2.755796326794897
23.8,1700000023.8,1700000023800000000,39.29149680651332,23.209224181229168,0.0,-1.1604612090614583,0.464574840325666,0.0,2.760796326794897
23.900000000000002,1700000023.9,1700000023900000000,39.17533502566396,23.255391356991268,0.0,-1.1627695678495633,0.458766751283198,0.0,2.765796326794897
24.0,1700000024.0,1700000024000000000,39.05894386191683,23.30097714918066,0.0,-1.165048857459033,0.45294719309584175,0.0,2.7707963267948967
24.1,1700000024.1,1700000024100000000,38.94232622504499,23.345980418154912,0.0,-1.1672990209077456,0.4471163112522494,0.0,2.7757963267948966
24.200000000000003,1700000024.2,1700000024200000000,38.82548503048325,23.39040003883465,0.0,-1.1695200019417324,0.4412742515241627,0.0,2.780796326794897
24.3,1700000024.3,1700000024300000000,38.70842319925542,23.434234900731663,0.0,-1.171711745036583,0.4354211599627712,0.0,2.785796326794897
24.400000000000002,1700000024.4,1700000024400000000,38.59114365790117,23.47748390797669,0.0,-1.1738741953988345,0.4295571828950585,0.0,2.7907963267948968
24.5,1700000024.5,1700000024500000000,38.47364933840293,23.520145979346804,0.0,-1.1760072989673402,0.42368246692014655,0.0,2.7957963267948966
24.6,1700000024.6,1700000024600000000,38.35594317811256,23.56222004829244,0.0,-1.178111002414622,0.41779715890562796,0.0,2.800796326794897
24.700000000000003,1700000024.7,1700000024700000000,38.23802811967794,23.603705062964067,0.0,-1.1801852531482033,0.41190140598389713,0.0,2.805796326794897
24.8,1700000024.8,1700000024800000000,38.1199071109694,23.644599986238475,0.0,-1.1822299993119239,0.4059953555484701,0.0,2.8107963267948968
24.900000000000002,1700000024.9,1700000024900000000,38.001583105006,23.68490379574472,0.0,-1.184245189787236,0.4000791552502998,0.0,2.8157963267948967
25.0,1700000025.0,1700000025000000000,37.88305905988172,23.724615483889654,0.0,-1.1862307741944829,0.3941529529940858,0.0,2.8207963267948966
25.1,1700000025.1,1700000025100000000,37.76433793869151,23.763734057883152,0.0,-1.1881867028941575,0.3882168969345755,0.0,2.825796326794897
25.200000000000003,1700000025.2,1700000025200000000,37.64542270945723,23.802258539762896,0.0,-1.1901129269881447,0.3822711354728614,0.0,2.830796326794897
25.3,1700000025.3,1700000025300000000,37.52631634505342,23.840187966418842,0.0,-1.192009398320942,0.37631581725267066,0.0,2.8357963267948967
25.400000000000002,1700000025.4,1700000025400000000,37.407021823132965,23.877521389617307,0.0,-1.1938760694808654,0.37035109115664816,0.0,2.840796326794897
25.5,1700000025.5,1700000025500000000,37.28754212605272,23.91425787602465,0.0,-1.1957128938012325,0.36437710630263603,0.0,2.845796326794897
25.6,1700000025.6,1700000025600000000,37.16788024079888,23.950396507230625,0.0,-1.1975198253615313,0.35839401203994414,0.0,2.850796326794897
25.700000000000003,1700000025.7,1700000025700000000,37.04803915891235,23.985936379771335,0.0,-1.1992968189885669,0.35240195794561774,0.0,2.8557963267948967
25.8,1700000025.8,1700000025800000000,36.928021876413936,24.020876605151816,0.0,-1.2010438302575908,0.34640109382069695,0.0,2.8607963267948966
25.900000000000002,1700000025.9,1700000025900000000,36.807831393729444,24.055216309868257,0.0,-1.2027608154934128,0.3403915696864722,0.0,2.865796326794897
26.0,1700000026.0,1700000026000000000,36.68747071561468,24.088954635429825,0.0,-1.2044477317714912,0.3343735357807342,0.0,2.870796326794897
26.1,1700000026.1,1700000026100000000,36.566942851080334,24.122090738380138,0.0,-1.2061045369190069,0.32834714255401676,0.0,2.8757963267948967
26.200000000000003,1700000026.2,1700000026200000000,36.44625081331674,24.154623790318354,0.0,-1.2077311895159175,0.32231254066583676,0.0,2.880796326794897
26.3,1700000026.3,1700000026300000000,36.32539761961855,24.18655297791986,0.0,-1.209327648895993,0.3162698809809275,0.0,2.885796326794897
26.400000000000002,1700000026.4,1700000026400000000,36.20438629130932,24.217877502956632,0.0,-1.2108938751478318,0.31021931456546586,0.0,2.890796326794897
26.5,1700000026.5,1700000026500000000,36.08321985366595,24.24859658231718,0.0,-1.212429829115859,0.30416099268329755,0.0,2.8957963267948967
26.6,1700000026.6,1700000026600000000,35.96190133584308,24.278709448026113,0.0,-1.2139354724013058,0.2980950667921539,0.0,2.9007963267948966
26.700000000000003,1700000026.7,1700000026700000000,35.84043377079732,24.308215347263364,0.0,-1.2154107673631682,0.292021688539866,0.0,2.905796326794897
26.8,1700000026.8,1700000026800000000,35.718820195211485,24.337113542382983,0.0,-1.2168556771191492,0.28594100976057424,0.0,2.910796326794897
26.900000000000002,1700000026.9,1700000026900000000,35.59706364941862,24.3654033109316,0.0,-1.2182701655465802,0.279853182470931,0.0,2.9157963267948968
27.0,1700000027.0,1700000027000000000,35.475167177326036,24.393083945666476,0.0,-1.219654197283324,0.27375835886630184,0.0,2.9207963267948966
27.1,1700000027.1,1700000027100000000,35.35313382633918,24.420154754573183,0.0,-1.2210077377286592,0.26765669131695907,0.0,2.925796326794897
27.200000000000003,1700000027.2,1700000027200000000,35.23096664728548,24.446615060882905,0.0,-1.2223307530441454,0.2615483323642738,0.0,2.930796326794897
27.3,1700000027.3,1700000027300000000,35.10866869433804,24.472464203089366,0.0,-1.2236232101544684,0.255433434716902,0.0,2.9357963267948968
27.400000000000002,1700000027.4,1700000027400000000,34.98624302493932,24.497701534965355,0.0,-1.2248850767482677,0.24931215124696607,0.0,2.9407963267948967
27.5,1700000027.5,1700000027500000000,34.86369269972468,24.522326425578893,0.0,-1.2261163212789445,0.243184634986234,0.0,2.9457963267948966
27.6,1700000027.6,1700000027600000000,34.74102078244586,24.546338259308996,0.0,-1.2273169129654498,0.2370510391222928,0.0,2.950796326794897
27.700000000000003,1700000027.7,1700000027700000000,34.618230339894396,24.569736435861067,0.0,-1.2284868217930534,0.23091151699471998,0.0,2.955796326794897
27.8,1700000027.8,1700000027800000000,34.495324441824984,24.592520370281914,0.0,-1.2296260185140957,0.2247662220912492,0.0,2.9607963267948967
27.900000000000002,1700000027.9,1700000027900000000,34.37230616087865,24.614689492974364,0.0,-1.2307344746487183,0.2186153080439324,0.0,2.965796326794897
28.0,1700000028.0,1700000028000000000,34.24917857250602,24.636243249711505,0.0,-1.2318121624855753,0.21245892862530102,0.0,2.970796326794897
28.1,1700000028.1,1700000028100000000,34.125944754890384,24.65718110165054,0.0,-1.2328590550825271,0.20629723774451925,0.0,2.975796326794897
28.200000000000003,1700000028.2,1700000028200000000,34.002607788870776,24.67750252534626,0.0,-1.2338751262673129,0.2001303894435388,0.0,2.9807963267948967
28.3,1700000028.3,1700000028300000000,33.87917075786491,24.69720701276413,0.0,-1.2348603506382065,0.1939585378932457,0.0,2.9857963267948966
28.400000000000002,1700000028.4,1700000028400000000,33.75563674779214,24.716294071292996,0.0,-1.2358147035646498,0.18778183738960702,0.0,2.990796326794897
28.5,1700000028.5,1700000028500000000,33.632008846996285,24.734763223757383,0.0,-1.2367381611878692,0.18160044234981415,0.0,2.995796326794897
28.6,1700000028.6,1700000028600000000,33.50829014616841,24.752614008429447,0.0,-1.2376307004214724,0.17541450730842065,0.0,3.0007963267948967
28.700000000000003,1700000028.7,1700000028700000000,33.38448373826961,24.769845979040493,0.0,-1.2384922989520248,0.16922418691348054,0.0,3.005796326794897
28.8,1700000028.8,1700000028800000000,33.26059271845363,24.78645870479216,0.0,-1.239322935239608,0.16302963592268166,0.0,3.010796326794897
28.900000000000002,1700000028.9,1700000028900000000,33.136620183989514,24.80245177036717,0.0,-1.2401225885183584,0.15683100919947554,0.0,3.015796326794897
29.0,1700000029.0,1700000029000000000,33.01256923418416,24.817824775939712,0.0,-1.2408912387969857,0.150628461709208,0.0,3.0207963267948967
29.1,1700000029.1,1700000029100000000,32.88844297030486,24.83257733718545,0.0,-1.2416288668592725,0.14442214851524293,0.0,3.0257963267948966
29.200000000000003,1700000029.2,1700000029200000000,32.764244495501735,24.84670908529112,0.0,-1.2423354542645562,0.1382122247750867,0.0,3.030796326794897
29.3,1700000029.3,1700000029300000000,32.6399769147302,24.860219666963758,0.0,-1.243010983348188,0.1319988457365099,0.0,3.035796326794897
29.400000000000002,1700000029.4,1700000029400000000,32.515643334673285,24.873108744439524,0.0,-1.2436554372219761,0.12578216673366438,0.0,3.0407963267948968
29.5,1700000029.5,1700000029500000000,32.39124686366404,24.885375995492147,0.0,-1.2442687997746074,0.11956234318320193,0.0,3.0457963267948966
29.6,1700000029.6,1700000029600000000,32.26679061160774,24.897021113441,0.0,-1.24485105567205,0.11333953058038682,0.0,3.050796326794897
29.700000000000003,1700000029.7,1700000029700000000,32.142277689904205,24.908043807158737,0.0,-1.2454021903579369,0.10711388449521028,0.0,3.055796326794897
29.8,1700000029.8,1700000029800000000,32.01771121137001,24.918443801078585,0.0,-1.2459221900539292,0.10088556056850051,0.0,3.0607963267948968
29.900000000000002,1700000029.9,1700000029900000000,31.89309429016062,24.92822083520124,0.0,-1.2464110417600622,0.09465471450803095,0.0,3.0657963267948967
30.0,1700000030.0,1700000030000000000,31.76843004169257,24.937374665101363,0.0,-1.246868733255068,0.08842150208462864,0.0,3.0707963267948966
30.1,1700000030.1,1700000030100000000,31.643721582565583,24.945905061933672,0.0,-1.2472952530966837,0.0821860791282792,0.0,3.075796326794897
30.200000000000003,1700000030.2,1700000030200000000,31.51897203048464,24.953811812438705,0.0,-1.247690590621935,0.07594860152423209,0.0,3.080796326794897
30.3,1700000030.3,1700000030300000000,31.394184504182057,24.9610947189481,0.0,-1.248054735947405,0.0697092252091028,0.0,3.0857963267948967
30.400000000000002,1700000030.4,1700000030400000000,31.269362123339473,24.967753599389575,0.0,-1.2483876799694786,0.0634681061669737,0.0,3.090796326794897
30.5,1700000030.5,1700000030500000000,31.144508008509927,24.97378828729147,0.0,-1.2486894143645735,0.05722540042549632,0.0,3.095796326794897
30.6,1700000030.6,1700000030600000000,31.01962528103977,24.9791986317869,0.0,-1.248959931589345,0.050981264051988516,0.0,3.100796326794897
30.700000000000003,1700000030.7,1700000030700000000,30.8947170629907,24.983984497617534,0.0,-1.2491992248808768,0.04473585314953496,0.0,3.1057963267948967
30.8,1700000030.8,1700000030800000000,30.769786477061654,24.988145765136977,0.0,-1.2494072882568488,0.03848932385308265,0.0,3.1107963267948966
30.900000000000002,1700000030.9,1700000030900000000,30.644836646510768,24.991682330313754,0.0,-1.2495841165156878,0.03224183232553839,0.0,3.115796326794897
31.0,1700000031.0,1700000031000000000,30.519870695077312,24.994594104733924,0.0,-1.2497297052366962,0.025993534753865535,0.0,3.120796326794897
31.1,1700000031.1,1700000031100000000,30.394891746903546,24.996881015603275,0.0,-1.2498440507801638,0.019744587345177384,0.0,3.1257963267948967
31.200000000000003,1700000031.2,1700000031200000000,30.26990292645668,24.99854300574916,0.0,-1.2499271502874578,0.013495146322833962,0.0,3.130796326794897
31.3,1700000031.3,1700000031300000000,30.144907358450713,24.9995800336219,0.0,-1.249979001681095,0.007245367922535622,0.0,3.135796326794897
31.400000000000002,1700000031.4,1700000031400000000,30.019908167768325,24.999992073295864,0.0,-1.2499996036647933,0.0009954083884163017,0.0,3.140796326794897
31.5,1700000031.5,1700000031500000000,29.89490847938279,24.999779114470076,0.0,-1.249988955723504,-0.005254576030860607,0.0,-3.1373889803846895
31.6,1700000031.6,1700000031600000000,29.76991141827979,24.9989411624685,0.0,-1.249947058123425,-0.011504429086010421,0.0,-3.1323889803846896
31.700000000000003,1700000031.7,1700000031700000000,29.64492010937935,24.99747823823989,0.0,-1.2498739119119944,-0.017753994531032546,0.0,-3.1273889803846897
31.8,1700000031.8,1700000031800000000,29.519937677457683,24.99539037835727,0.0,-1.2497695189178635,-0.024003116127115812,0.0,-3.12238898038469
31.900000000000002,1700000031.9,1700000031900000000,29.394967247069072,24.99267763501704,0.0,-1.2496338817508519,-0.030251637646546335,0.0,-3.1173889803846895
32.0,1700000032.0,1700000032000000000,29.27001194246778,24.989340076037628,0.0,-1.2494670038018814,-0.03649940287661102,0.0,-3.1123889803846896
32.1,1700000032.1,1700000032100000000,29.145074887529898,24.985377784857846,0.0,-1.2492688892428923,-0.04274625562350508,0.0,-3.1073889803846897
32.2,1700000032.2,1700000032200000000,29.020159205675302,24.980790860534764,0.0,-1.249039543026738,-0.04899203971623491,0.0,-3.1023889803846894
32.300000000000004,1700000032.3,1700000032300000000,28.895268019789537,24.975579417741248,0.0,-1.2487789708870625,-0.05523659901052323,0.0,-3.0973889803846895
32.4,1700000032.4,1700000032400000000,28.770404452145737,24.969743586763098,0.0,-1.248487179338155,-0.061479777392713195,0.0,-3.0923889803846896
32.5,1700000032.5,1700000032500000000,28.645571624326593,24.96328351349579,0.0,-1.2481641756747894,-0.0677214187836704,0.0,-3.0873889803846897
32.6,1700000032.6,1700000032600000000,28.520772657146292,24.956199359440813,0.0,-1.2478099679720405,-0.07396136714268545,0.0,-3.08238898038469
32.7,1700000032.7,1700000032700000000,28.39601067057252,24.948491301701647,0.0,-1.2474245650850824,-0.08019946647137408,0.0,-3.0773889803846894
32.800000000000004,1700000032.8,1700000032800000000,28.27128878364844,24.94015953297934,0.0,-1.247007976648967,-0.08643556081757799,0.0,-3.0723889803846895
32.9,1700000032.9,1700000032900000000,28.146610114414745,24.93120426156768,0.0,-1.246560213078384,-0.09266949427926274,0.0,-3.0673889803846897
33.0,1700000033.0,1700000033000000000,28.021977779831648,24.92162571134797,0.0,-1.2460812855673986,-0.0989011110084176,0.0,-3.0623889803846898
33.1,1700000033.1,1700000033100000000,27.897394895701034,24.911424121783483,0.0,-1.2455712060891742,-0.10513025521494836,0.0,-3.0573889803846894
33.2,1700000033.2,1700000033200000000,27.77286457658852,24.900599747913418,0.0,-1.245029987395671,-0.11135677117057399,0.0,-3.0523889803846895
33.300000000000004,1700000033.3,1700000033300000000,27.64838993574559,24.88915286034656,0.0,-1.244457643017328,-0.11758050321272044,0.0,-3.0473889803846896
33.4,1700000033.4,1700000033400000000,27.5239740850318,24.877083745254506,0.0,-1.2438541872627253,-0.12380129574841,0.0,-3.0423889803846897
33.5,1700000033.5,1700000033500000000,27.399620134836912,24.864392704364498,0.0,-1.2432196352182248,-0.13001899325815441,0.0,-3.03738898038469
33.6,1700000033.6,1700000033600000000,27.275331194003215,24.8510800549519,0.0,-1.242554002747595,-0.13623344029983916,0.0,-3.0323889803846895
33.7,1700000033.7,1700000033700000000,27.151110369747762,24.837146129832252,0.0,-1.2418573064916125,-0.1424444815126119,0.0,-3.0273889803846896
33.800000000000004,1700000033.8,1700000033800000000,27.026960767584683,24.822591277352963,0.0,-1.241129563867648,-0.14865196162076583,0.0,-3.0223889803846893
33.9,1700000033.9,1700000033900000000,26.90288549124758,24.80741586138458,0.0,-1.240370793069229,-0.15485572543762094,0.0,-3.01738898038469
34.0,1700000034.0,1700000034000000000,26.778887642611878,24.791620261311714,0.0,-1.2395810130655858,-0.1610556178694061,0.0,-3.0123889803846895
34.1,1700000034.1,1700000034100000000,26.65497032161735,24.775204872023547,0.0,-1.2387602436011773,-0.1672514839191325,0.0,-3.0073889803846896
34.2,1700000034.2,1700000034200000000,26.531136626190555,24.75817010390395,0.0,-1.2379085051951975,-0.17344316869047222,0.0,-3.0023889803846897
34.300000000000004,1700000034.3,1700000034300000000,26.407389652167435,24.740516382821244,0.0,-1.2370258191410624,-0.1796305173916282,0.0,-2.9973889803846894
34.4,1700000034.4,1700000034400000000,26.283732493215908,24.722244150117536,0.0,-1.2361122075058768,-0.18581337533920456,0.0,-2.99238898038469
34.5,1700000034.5,1700000034500000000,26.160168240758484,24.70335386259769,0.0,-1.2351676931298845,-0.19199158796207577,0.0,-2.9873889803846896
34.6,1700000034.6,1700000034600000000,26.03669998389505,24.68384599251791,0.0,-1.2341922996258956,-0.19816500080524746,0.0,-2.9823889803846897
34.7,1700000034.7,1700000034700000000,25.913330809325597,24.663721027573935,0.0,-1.2331860513786967,-0.20433345953372012,0.0,-2.9773889803846894
34.800000000000004,1700000034.8,1700000034800000000,25.79006380127307,24.642979470888836,0.0,-1.232148973544442,-0.21049680993634656,0.0,-2.9723889803846895
34.9,1700000034.9,1700000034900000000,25.666902041406242,24.621621841000454,0.0,-1.2310810920500228,-0.2166548979296879,0.0,-2.9673889803846896
35.0,1700000035.0,1700000035000000000,25.543848608762698,24.599648671848424,0.0,-1.2299824335924212,-0.2228075695618651,0.0,-2.9623889803846897
35.1,1700000035.1,1700000035100000000,25.420906579671836,24.577060512760823,0.0,-1.2288530256380412,-0.2289546710164081,0.0,-2.95738898038469
35.2,1700000035.2,1700000035200000000,25.298079027677993,24.55385792844046,0.0,-1.227692896422023,-0.2350960486161004,0.0,-2.9523889803846894
35.300000000000004,1700000035.3,1700000035300000000,25.175369023463563,24.53004149895073,0.0,-1.2265020749475366,-0.24123154882682188,0.0,-2.9473889803846895
35.4,1700000035.4,1700000035400000000,25.052779634772275,24.505611819701137,0.0,-1.2252805909850568,-0.24736101826138626,0.0,-2.9423889803846897
35.5,1700000035.5,1700000035500000000,24.93031392633244,24.48056950143238,0.0,-1.224028475071619,-0.25348430368337804,0.0,-2.9373889803846898
35.6,1700000035.6,1700000035600000000,24.8079749597804,24.454915170201115,0.0,-1.2227457585100558,-0.25960125201098005,0.0,-2.9323889803846894
35.7,1700000035.7,1700000035700000000,24.685765793583954,24.42864946736429,0.0,-1.2214324733682145,-0.2657117103208024,0.0,-2.9273889803846895
35.800000000000004,1700000035.8,1700000035800000000,24.563689482965877,24.401773049563104,0.0,-1.2200886524781551,-0.2718155258517061,0.0,-2.9223889803846896
35.9,1700000035.9,1700000035900000000,24.441749079827602,24.374286588706607,0.0,-1.2187143294353304,-0.27791254600862003,0.0,-2.9173889803846897
36.0,1700000036.0,1700000036000000000,24.31994763267282,24.34619077195488,0.0,-1.217309538597744,-0.28400261836635887,0.0,-2.91238898038469
36.1,1700000036.1,1700000036100000000,24.198288186531393,24.317486301701884,0.0,-1.2158743150850944,-0.29008559067343037,0.0,-2.9073889803846895
36.2,1700000036.2,1700000036200000000,24.076773782883127,24.288173895557883,0.0,-1.214408694777894,-0.29616131085584363,0.0,-2.9023889803846896
36.300000000000004,1700000036.3,1700000036300000000,23.95540745958179,24.2582542863315,0.0,-1.212912714316575,-0.30222962702091055,0.0,-2.8973889803846893
36.4,1700000036.4,1700000036400000000,23.83419225077915,24.227728222011407,0.0,-1.2113864111005703,-0.30829038746104254,0.0,-2.89238898038469
36.5,1700000036.5,1700000036500000000,23.713131186849093,24.19659646574763,0.0,-1.2098298232873814,-0.31434344065754527,0.0,-2.88738898038469
36.6,1700000036.6,1700000036600000000,23.592227294311932,24.164859795832438,0.0,-1.2082429897916218,-0.3203886352844034,0.0,-2.8823889803846896
36.7,1700000036.7,1700000036700000000,23.47148359575867,24.13251900568094,0.0,-1.206625950284047,-0.32642582021206656,0.0,-2.8773889803846897
36.800000000000004,1700000036.8,1700000036800000000,23.350903109775487,24.099574903811202,0.0,-1.20497874519056,-0.33245484451122576,0.0,-2.8723889803846894
36.9,1700000036.9,1700000036900000000,23.230488850868262,24.066028313824056,0.0,-1.2033014156912027,-0.338475557456587,0.0,-2.86738898038469
37.0,1700000037.0,1700000037000000000,23.110243829387176,24.031880074382496,0.0,-1.2015940037191248,-0.3444878085306412,0.0,-2.8623889803846896
37.1,1700000037.1,1700000037100000000,22.990171051451515,23.997131039190737,0.0,-1.199856551959537,-0.3504914474274242,0.0,-2.8573889803846897
37.2,1700000037.2,1700000037200000000,22.870273518874473,23.961782076972852,0.0,-1.1980891038486425,-0.35648632405627634,0.0,-2.8523889803846894
37.300000000000004,1700000037.3,1700000037300000000,22.750554229088124,23.92583407145105,0.0,-1.1962917035725524,-0.36247228854559377,0.0,-2.8473889803846895
37.4,1700000037.4,1700000037400000000,22.631016175068474,23.8892879213236,0.0,-1.1944643960661798,-0.36844919124657627,0.0,-2.8423889803846896
37.5,1700000037.5,1700000037500000000,22.511662345260646,23.852144540242346,0.0,-1.1926072270121173,-0.37441688273696766,0.0,-2.8373889803846897
37.6,1700000037.6,1700000037600000000,22.392495723504165,23.814404856789885,0.0,-1.190720242839494,-0.3803752138247918,0.0,-2.83238898038469
37.7,1700000037.7,1700000037700000000,22.27351928895837,23.77606981445633,0.0,-1.1888034907228167,-0.38632403555208145,0.0,-2.8273889803846894
37.800000000000004,1700000037.8,1700000037800000000,22.154736016027933,23.73714037161576,0.0,-1.1868570185807878,-0.39226319919860336,0.0,-2.8223889803846895
37.9,1700000037.9,1700000037900000000,22.0361488742885,23.697617501502204,0.0,-1.1848808750751103,-0.3981925562855751,0.0,-2.8173889803846897
38.0,1700000038.0,1700000038000000000,21.917760828412412,23.657502192185362,0.0,-1.182875109609268,-0.4041119585793795,0.0,-2.8123889803846898
38.1,1700000038.1,1700000038100000000,21.799574838094664,23.616795446545872,0.0,-1.1808397723272936,-0.41002125809526674,0.0,-2.8073889803846894
38.2,1700000038.2,1700000038200000000,21.681593857978868,23.575498282250262,0.0,-1.178774914112513,-0.4159203071010567,0.0,-2.8023889803846895
38.300000000000004,1700000038.3,1700000038300000000,21.563820837583364,23.533611731725486,0.0,-1.1766805865862742,-0.42180895812083186,0.0,-2.7973889803846896
38.400000000000006,1700000038.4,1700000038400000000,21.446258721227537,23.49113684213312,0.0,-1.174556842106656,-0.4276870639386232,0.0,-2.7923889803846893
38.5,1700000038.5,1700000038500000000,21.32891044795818,23.448074675343204,0.0,-1.1724037337671602,-0.433554477602091,0.0,-2.78738898038469
38.6,1700000038.6,1700000038600000000,21.211778951476,23.40442630790765,0.0,-1.1702213153953824,-0.4394110524262001,0.0,-2.7823889803846895
38.7,1700000038.7,1700000038700000000,21.094867160062307,23.36019283103338,0.0,-1.168009641551669,-0.44525664199688453,0.0,-2.7773889803846896
38.800000000000004,1700000038.8,1700000038800000000,20.97817799650581,23.31537535055501,0.0,-1.1657687675277504,-0.4510911001747095,0.0,-2.7723889803846893
38.900000000000006,1700000038.9,1700000038900000000,20.861714378029518,23.26997498690722,0.0,-1.163498749345361,-0.4569142810985241,0.0,-2.7673889803846894
39.0,1700000039.0,1700000039000000000,20.745479216217824,23.22399287509673,0.0,-1.1611996437548364,-0.4627260391891089,0.0,-2.7623889803846895
39.1,1700000039.1,1700000039100000000,20.629475416943713,23.177430164673947,0.0,-1.1588715082336973,-0.4685262291528142,0.0,-2.7573889803846896
39.2,1700000039.2,1700000039200000000,20.513705880296133,23.130288019704203,0.0,-1.1565144009852102,-0.4743147059851933,0.0,-2.7523889803846897
39.300000000000004,1700000039.3,1700000039300000000,20.398173500507465,23.08256761873867,0.0,-1.1541283809369336,-0.4800913249746268,0.0,-2.7473889803846894
39.400000000000006,1700000039.4,1700000039400000000,20.28288116588119,23.03427015478488,0.0,-1.151713507739244,-0.48585594170594054,0.0,-2.7423889803846895
39.5,1700000039.5,1700000039500000000,20.16783175871968,22.985396835276926,0.0,-1.1492698417638465,-0.4916084120640162,0.0,-2.7373889803846896
39.6,1700000039.6,1700000039600000000,20.053028155252097,22.935948882045242,0.0,-1.1467974441022621,-0.4973485922373952,0.0,-2.7323889803846897
39.7,1700000039.7,1700000039700000000,19.93847322556256,22.885927531286086,0.0,-1.1442963765643044,-0.5030763387218719,0.0,-2.7273889803846894
39.800000000000004,1700000039.8,1700000039800000000,19.824169833518354,22.83533403353063,0.0,-1.1417667016765314,-0.5087915083240822,0.0,-2.7223889803846895
39.900000000000006,1700000039.9,1700000039900000000,19.710120836698316,22.784169653613663,0.0,-1.1392084826806832,-0.5144939581650841,0.0,-2.7173889803846896
40.0,1700000040.0,1700000040000000000,19.59632908632144,22.732435670642044,0.0,-1.1366217835321022,-0.520183545683928,0.0,-2.7123889803846897
40.1,1700000040.1,1700000040100000000,19.482797427175534,22.680133377962626,0.0,-1.1340066688981314,-0.5258601286412233,0.0,-2.70738898038469
40.2,1700000040.2,1700000040200000000,19.369528697546187,22.627264083130022,0.0,-1.1313632041565012,-0.5315235651226907,0.0,-2.70238898038469
40.300000000000004,1700000040.3,1700000040300000000,19.25652572914573,22.57382910787384,0.0,-1.128691455393692,-0.5371737135427136,0.0,-2.6973889803846895
40.400000000000006,1700000040.4,1700000040400000000,19.14379134704248,22.519829788065678,0.0,-1.1259914894032839,-0.5428104326478761,0.0,-2.692388980384689
40.5,1700000040.5,1700000040500000000,19.031328369590142,22.465267473685728,0.0,-1.1232633736842865,-0.5484335815204928,0.0,-2.6873889803846898
40.6,1700000040.6,1700000040600000000,18.919139608357266,22.410143528788996,0.0,-1.1205071764394496,-0.5540430195821366,0.0,-2.6823889803846894
40.7,1700000040.7,1700000040700000000,18.807227868057062,22.354459331471237,0.0,-1.117722966573562,-0.5596386065971468,0.0,-2.6773889803846895
40.800000000000004,1700000040.8,1700000040800000000,18.69559594647719,22.298216273834484,0.0,-1.1149108136917243,-0.5652202026761405,0.0,-2.672388980384689
40.900000000000006,1700000040.9,1700000040900000000,18.584246634409897,22.241415761952254,0.0,-1.1120707880976126,-0.5707876682795052,0.0,-2.6673889803846893
41.0,1700000041.0,1700000041000000000,18.47318271558217,22.18405921583438,0.0,-1.109202960791719,-0.5763408642208914,0.0,-2.6623889803846894
41.1,1700000041.1,1700000041100000000,18.362406966586203,22.126148069391533,0.0,-1.1063074034695766,-0.5818796516706899,0.0,-2.6573889803846895
41.2,1700000041.2,1700000041200000000,18.251922156809947,22.067683770399352,0.0,-1.1033841885199676,-0.5874038921595027,0.0,-2.6523889803846896
41.300000000000004,1700000041.3,1700000041300000000,18.14173104836788,22.00866778046226,0.0,-1.100433389023113,-0.592913447581606,0.0,-2.6473889803846897
41.400000000000006,1700000041.4,1700000041400000000,18.031836396031995,21.949101574976947,0.0,-1.0974550787488475,-0.5984081801984003,0.0,-2.6423889803846894
41.5,1700000041.5,1700000041500000000,17.92224094716287,21.888986643095443,0.0,-1.0944493321547721,-0.6038879526418566,0.0,-2.6373889803846895
41.6,1700000041.6,1700000041600000000,17.812947441641015,21.82832448768791,0.0,-1.0914162243843957,-0.6093526279179493,0.0,-2.6323889803846896
41.7,1700000041.7,1700000041700000000,17.70395861179837,21.76711662530507,0.0,-1.0883558312652535,-0.6148020694100815,0.0,-2.6273889803846893
41.800000000000004,1700000041.8,1700000041800000000,17.595277182350017,21.70536458614031,0.0,-1.0852682293070155,-0.620236140882499,0.0,-2.62238898038469
41.900000000000006,1700000041.9,1700000041900000000,17.486905870326034,21.64306991399138,0.0,-1.082153495699569,-0.6256547064836984,0.0,-2.61738898038469
42.0,1700000042.0,1700000042000000000,17.37884738500356,21.580234166221842,0.0,-1.0790117083110922,-0.6310576307498219,0.0,-2.6123889803846896
42.1,1700000042.1,1700000042100000000,17.271104427839116,21.51685891372212,0.0,-1.075842945686106,-0.6364447786080442,0.0,-2.6073889803846897
42.2,1700000042.2,1700000042200000000,17.163679692401004,21.452945740870216,0.0,-1.0726472870435109,-0.6418160153799499,0.0,-2.6023889803846894
42.300000000000004,1700000042.3,1700000042300000000,17.056575864302033,21.38849624549214,0.0,-1.0694248122746068,-0.6471712067848984,0.0,-2.5973889803846895
42.400000000000006,1700000042.4,1700000042400000000,16.949795621132306,21.3235120388219,0.0,-1.0661756019410948,-0.6525102189433847,0.0,-2.592388980384689
42.5,1700000042.5,1700000042500000000,16.843341632392374,21.2579947454613,0.0,-1.062899737273065,-0.6578329183803813,0.0,-2.5873889803846897
42.6,1700000042.6,1700000042600000000,16.737216559426372,21.19194600333924,0.0,-1.059597300166962,-0.6631391720286814,0.0,-2.5823889803846893
42.7,1700000042.7,1700000042700000000,16.631423055355626,21.125367463670848,0.0,-1.0562683731835423,-0.6684288472322187,0.0,-2.5773889803846894
42.800000000000004,1700000042.8,1700000042800000000,16.525963765012214,21.05826079091614,0.0,-1.052913039545807,-0.6737018117493894,0.0,-2.5723889803846895
42.900000000000006,1700000042.9,1700000042900000000,16.420841324872896,20.99062766273844,0.0,-1.049531383136922,-0.6789579337563554,0.0,-2.567388980384689
43.0,1700000043.0,1700000043000000000,16.316058362993225,20.922469769962444,0.0,-1.046123488498122,-0.6841970818503387,0.0,-2.5623889803846898
43.1,1700000043.1,1700000043100000000,16.21161749894176,20.8537888165319,0.0,-1.042689440826595,-0.689419125052912,0.0,-2.55738898038469
43.2,1700000043.2,1700000043200000000,16.107521343734682,20.784586519467076,0.0,-1.0392293259733538,-0.6946239328132658,0.0,-2.5523889803846895
43.300000000000004,1700000043.3,1700000043300000000,16.003772499770434,20.714864608821795,0.0,-1.0357432304410898,-0.6998113750114782,0.0,-2.547388980384689
43.400000000000006,1700000043.4,1700000043400000000,15.90037356076474,20.644624827640197,0.0,-1.0322312413820098,-0.704981321961763,0.0,-2.5423889803846897
43.5,1700000043.5,1700000043500000000,15.797327111685668,20.573868931913147,0.0,-1.0286934465956574,-0.7101336444157167,0.0,-2.53738898038469
43.6,1700000043.6,1700000043600000000,15.694635728689079,20.502598690534356,0.0,-1.0251299345267177,-0.7152682135655462,0.0,-2.5323889803846895
43.7,1700000043.7,1700000043700000000,15.592301979054206,20.43081588525614,0.0,-1.021540794262807,-0.7203849010472897,0.0,-2.52738898038469
43.800000000000004,1700000043.8,1700000043800000000,15.490328421119443,20.35852231064489,0.0,-1.0179261155322445,-0.7254835789440278,0.0,-2.5223889803846893
43.900000000000006,1700000043.9,1700000043900000000,15.388717604218453,20.285719774036224,0.0,-1.0142859887018112,-0.7305641197890773,0.0,-2.5173889803846894
44.0,1700000044.0,1700000044000000000,15.287472068616355,20.21241009548975,0.0,-1.0106205047744876,-0.7356263965691823,0.0,-2.5123889803846895
44.1,1700000044.1,1700000044100000000,15.186594345446261,20.13859510774362,0.0,-1.006929755387181,-0.7406702827276869,0.0,-2.5073889803846896
44.2,1700000044.2,1700000044200000000,15.086086956645993,20.064276656168676,0.0,-1.0032138328084337,-0.7456956521677004,0.0,-2.5023889803846893
44.300000000000004,1700000044.3,1700000044300000000,14.985952414895053,19.989456598722345,0.0,-0.9994728299361172,-0.7507023792552474,0.0,-2.4973889803846894
44.400000000000006,1700000044.4,1700000044400000000,14.886193223551759,19.914136805902164,0.0,-0.9957068402951081,-0.7556903388224121,0.0,-2.4923889803846895
44.5,1700000044.5,1700000044500000000,14.786811876590699,19.83831916069903,0.0,-0.9919159580349514,-0.7606594061704651,0.0,-2.4873889803846896
44.6,1700000044.6,1700000044600000000,14.687810858540372,19.76200555855012,0.0,-0.988100277927506,-0.7656094570729814,0.0,-2.4823889803846897
44.7,1700000044.7,1700000044700000000,14.58919264442106,19.68519790729151,0.0,-0.9842598953645755,-0.770540367778947,0.0,-2.4773889803846894
44.800000000000004,1700000044.8,1700000044800000000,14.490959699683005,19.607898127110495,0.0,-0.9803949063555248,-0.7754520150158497,0.0,-2.4723889803846895
44.900000000000006,1700000044.9,1700000044900000000,14.393114480144686,19.53010815049754,0.0,-0.976505407524877,-0.7803442759927658,0.0,-2.467388980384689
45.0,1700000045.0,1700000045000000000,14.295659431931522,19.45182992219803,0.0,-0.9725914961099015,-0.7852170284034239,0.0,-2.4623889803846897
45.1,1700000045.1,1700000045100000000,14.19859699141461,19.373065399163565,0.0,-0.9686532699581784,-0.7900701504292695,0.0,-2.4573889803846893
45.2,1700000045.2,1700000045200000000,14.101929585149932,19.29381655050314,0.0,-0.9646908275251571,-0.7949035207425035,0.0,-2.4523889803846894
45.300000000000004,1700000045.3,1700000045300000000,14.0056596298176,19.21408535743384,0.0,-0.960704267871692,-0.79971701850912,0.0,-2.4473889803846895
45.400000000000006,1700000045.4,1700000045400000000,13.909789532161476,19.133873813231332,0.0,-0.9566936906615665,-0.8045105233919261,0.0,-2.442388980384689
45.5,1700000045.5,1700000045500000000,13.814321688929034,19.053183923180057,0.0,-0.952659196159003,-0.8092839155535482,0.0,-2.4373889803846898
45.6,1700000045.6,1700000045600000000,13.719258486811352,18.972017704523044,0.0,-0.9486008852261523,-0.8140370756594324,0.0,-2.4323889803846894
45.7,1700000045.7,1700000045700000000,13.62460230238355,18.89037718641155,0.0,-0.9445188593205776,-0.8187698848808224,0.0,-2.42738898038469
45.800000000000004,1700000045.8,1700000045800000000,13.530355502045296,18.80826440985426,0.0,-0.940413220492713,-0.8234822248977351,0.0,-2.422388980384689
45.900000000000006,1700000045.9,1700000045900000000,13.436520441961708,18.72568142766633,0.0,-0.9362840713833165,-0.8281739779019146,0.0,-2.4173889803846893
46.0,1700000046.0,1700000046000000000,13.34309946800439,18.642630304418002,0.0,-0.9321315152209,-0.8328450265997805,0.0,-2.4123889803846894
46.1,1700000046.1,1700000046100000000,13.250094915692824,18.55911311638303,0.0,-0.9279556558191515,-0.8374952542153589,0.0,-2.4073889803846895
46.2,1700000046.2,1700000046200000000,13.157509110135976,18.47513195148677,0.0,-0.9237565975743385,-0.8421245444932012,0.0,-2.4023889803846896
46.300000000000004,1700000046.3,1700000046300000000,13.065344365974155,18.390688909253964,0.0,-0.9195344454626981,-0.8467327817012922,0.0,-2.3973889803846893
46.400000000000006,1700000046.4,1700000046400000000,12.97360298732118,18.305786100756276,0.0,-0.9152893050378139,-0.851319850633941,0.0,-2.3923889803846894
46.5,1700000046.5,1700000046500000000,12.88228726770673,18.2204256485595,0.0,-0.9110212824279751,-0.8558856366146634,0.0,-2.38738898038469
46.6,1700000046.6,1700000046600000000,12.791399490019042,18.134609686670487,0.0,-0.9067304843335244,-0.860430025499048,0.0,-2.3823889803846896
46.7,1700000046.7,1700000046700000000,12.700941926447811,18.04834036048381,0.0,-0.9024170180241906,-0.8649529036776094,0.0,-2.3773889803846893
46.800000000000004,1700000046.8,1700000046800000000,12.610916838427443,17.961619826728146,0.0,-0.8980809913364074,-0.8694541580786279,0.0,-2.3723889803846894
46.900000000000006,1700000046.9,1700000046900000000,12.521326476580427,17.874450253412316,0.0,-0.8937225126706159,-0.8739336761709786,0.0,-2.36738898038469
47.0,1700000047.0,1700000047000000000,12.432173080661151,17.786833819771108,0.0,-0.8893416909885554,-0.8783913459669425,0.0,-2.3623889803846896
47.1,1700000047.1,1700000047100000000,12.34345887949987,17.698772716210804,0.0,-0.8849386358105402,-0.8828270560250064,0.0,-2.35738898038469
47.2,1700000047.2,1700000047200000000,12.255186090946982,17.6102691442544,0.0,-0.8805134572127199,-0.887240695452651,0.0,-2.3523889803846894
47.300000000000004,1700000047.3,1700000047300000000,12.167356921817618,17.521325316486593,0.0,-0.8760662658243296,-0.891632153909119,0.0,-2.3473889803846895
47.400000000000006,1700000047.4,1700000047400000000,12.079973567836419,17.431943456498438,0.0,-0.8715971728249218,-0.896001321608179,0.0,-2.342388980384689
47.5,1700000047.5,1700000047500000000,11.993038213582707,17.342125798831795,0.0,-0.8671062899415898,-0.9003480893208647,0.0,-2.3373889803846897
47.6,1700000047.6,1700000047600000000,11.906553032435777,17.251874588923403,0.0,-0.8625937294461701,-0.9046723483782111,0.0,-2.3323889803846893
47.7,1700000047.7,1700000047700000000,11.820520186520678,17.161192083048828,0.0,-0.8580596041524414,-0.908973990673966,0.0,-2.3273889803846894
47.800000000000004,1700000047.8,1700000047800000000,11.734941826654069,17.07008054826599,0.0,-0.8535040274132997,-0.9132529086672965,0.0,-2.32238898038469
47.900000000000006,1700000047.9,1700000047900000000,11.649820092290483,16.978542262358506,0.0,-0.8489271131179253,-0.9175089953854759,0.0,-2.3173889803846897
48.0,1700000048.0,1700000048000000000,11.565157111468856,16.886579513778766,0.0,-0.8443289756889383,-0.9217421444265572,0.0,-2.3123889803846893
48.1,1700000048.1,1700000048100000000,11.480955000759298,16.794194601590693,0.0,-0.8397097300795346,-0.9259522499620352,0.0,-2.3073889803846894
48.2,1700000048.2,1700000048200000000,11.397215865210189,16.701389835412275,0.0,-0.8350694917706137,-0.9301392067394907,0.0,-2.3023889803846895
48.300000000000004,1700000048.3,1700000048300000000,11.313941798295545,16.608167535357826,0.0,-0.8304083767678914,-0.9343029100852228,0.0,-2.297388980384689
48.400000000000006,1700000048.4,1700000048400000000,11.231134881862722,16.51453003198001,0.0,-0.8257265015990005,-0.938443255906864,0.0,-2.2923889803846893
48.5,1700000048.5,1700000048500000000,11.148797186080305,16.420479666211527,0.0,-0.8210239833105764,-0.9425601406959848,0.0,-2.2873889803846894
48.6,1700000048.6,1700000048600000000,11.066930769386406,16.32601878930662,0.0,-0.816300939465331,-0.9466534615306798,0.0,-2.2823889803846895
48.7,1700000048.7,1700000048700000000,10.985537678437169,16.231149762782284,0.0,-0.8115574881391142,-0.9507231160781415,0.0,-2.277388980384689
48.800000000000004,1700000048.8,1700000048800000000,10.904619948055643,16.13587495835926,0.0,-0.806793747917963,-0.9547690025972179,0.0,-2.2723889803846897
48.900000000000006,1700000048.9,1700000048900000000,10.824179601180862,16.040196757902685,0.0,-0.8020098378951344,-0.9587910199409568,0.0,-2.26738898038469
49.0,1700000049.0,1700000049000000000,10.744218648817316,15.944117553362592,0.0,-0.7972058776681296,-0.9627890675591343,0.0,-2.2623889803846895
49.1,1700000049.1,1700000049100000000,10.664739089984643,15.847639746714085,0.0,-0.7923819873357042,-0.966763045500768,0.0,-2.2573889803846896
49.2,1700000049.2,1700000049200000000,10.585742911667666,15.750765749897297,0.0,-0.7875382874948649,-0.9707128544166167,0.0,-2.2523889803846893
49.300000000000004,1700000049.3,1700000049300000000,10.507232088766749,15.653497984757122,0.0,-0.7826748992378562,-0.9746383955616624,0.0,-2.24738898038469
49.400000000000006,1700000049.4,1700000049400000000,10.429208584048357,15.555838882982606,0.0,-0.7777919441491303,-0.978539570797582,0.0,-2.242388980384689
49.5,1700000049.5,1700000049500000000,10.351674348096068,15.457790886046233,0.0,-0.7728895443023116,-0.9824162825951965,0.0,-2.2373889803846896
49.6,1700000049.6,1700000049600000000,10.274631319261715,15.359356445142785,0.0,-0.7679678222571393,-0.9862684340369142,0.0,-2.2323889803846897
49.7,1700000049.7,1700000049700000000,10.198081423617023,15.26053802112818,0.0,-0.763026901056409,-0.9900959288191489,0.0,-2.2273889803846894
49.800000000000004,1700000049.8,1700000049800000000,10.12202657490539,15.161338084457867,0.0,-0.7580669042228934,-0.9938986712547304,0.0,-2.2223889803846895
49.900000000000006,1700000049.9,1700000049900000000,10.046468674494072,15.061759115125087,0.0,-0.7530879557562543,-0.9976765662752963,0.0,-2.217388980384689
50.0,1700000050.0,1700000050000000000,9.971409611326656,14.961803602598915,0.0,-0.7480901801299457,-1.001429519433667,0.0,-2.21238898038469
50.1,1700000050.1,1700000050100000000,9.896851261875788,14.861474045761913,0.0,-0.7430737022880957,-1.0051574369062104,0.0,-2.2073889803846893
50.2,1700000050.2,1700000050200000000,9.822795490096347,14.760772952847818,0.0,-0.7380386476423908,-1.0088602254951826,0.0,-2.20238898038469
50.300000000000004,1700000050.3,1700000050300000000,9.749244147378747,14.659702841378678,0.0,-0.7329851420689338,-1.0125377926310626,0.0,-2.197388980384689
50.400000000000006,1700000050.4,1700000050400000000,9.676199072502744,14.55826623810204,0.0,-0.7279133119051019,-1.0161900463748628,0.0,-2.192388980384689
50.5,1700000050.5,1700000050500000000,9.6036620915914,14.456465678927689,0.0,-0.7228232839463844,-1.01981689542043,0.0,-2.1873889803846893
50.6,1700000050.6,1700000050600000000,9.531635018065451,14.354303708864308,0.0,-0.7177151854432153,-1.0234182490967274,0.0,-2.1823889803846894
50.7,1700000050.7,1700000050700000000,9.460119652598,14.251782881955824,0.0,-0.7125891440977912,-1.0269940173701,0.0,-2.17738898038469
50.800000000000004,1700000050.8,1700000050800000000,9.389117783069437,14.14890576121756,0.0,-0.7074452880608779,-1.030544110846528,0.0,-2.172388980384689
50.900000000000006,1700000050.9,1700000050900000000,9.318631184522822,14.045674918572198,0.0,-0.70228374592861,-1.034068440773859,0.0,-2.1673889803846893
51.0,1700000051.0,1700000051000000000,9.248661619119439,13.942092934785416,0.0,-0.6971046467392708,-1.037566919044028,0.0,-2.1623889803846894
51.1,1700000051.1,1700000051100000000,9.179210836094786,13.838162399401416,0.0,-0.6919081199700707,-1.0410394581952607,0.0,-2.15738898038469
51.2,1700000051.2,1700000051200000000,9.110280571714803,13.733885910678156,0.0,-0.6866942955339078,-1.0444859714142598,0.0,-2.152388980384689
51.300000000000004,1700000051.3,1700000051300000000,9.04187254923253,13.629266075522448,0.0,-0.6814633037761224,-1.0479063725383735,0.0,-2.1473889803846897
51.400000000000006,1700000051.4,1700000051400000000,8.973988478844959,13.524305509424705,0.0,-0.6762152754712353,-1.051300576057752,0.0,-2.1423889803846894
51.5,1700000051.5,1700000051500000000,8.906630057650311,13.419006836393619,0.0,-0.6709503418196809,-1.0546684971174844,0.0,-2.1373889803846895
51.6,1700000051.6,1700000051600000000,8.83979896960561,13.31337268889053,0.0,-0.6656686344445264,-1.0580100515197195,0.0,-2.1323889803846896
51.7,1700000051.7,1700000051700000000,8.773496885484569,13.207405707763611,0.0,-0.6603702853881805,-1.0613251557257715,0.0,-2.1273889803846893
51.800000000000004,1700000051.8,1700000051800000000,8.707725462835853,13.101108542181894,0.0,-0.6550554271090947,-1.0646137268582074,0.0,-2.1223889803846894
51.900000000000006,1700000051.9,1700000051900000000,8.642486345941588,12.994483849568962,0.0,-0.649724192478448,-1.0678756827029205,0.0,-2.117388980384689
52.0,1700000052.0,1700000052000000000,8.577781165776315,12.887534295536604,0.0,-0.6443767147768302,-1.0711109417111842,0.0,-2.1123889803846896
52.1,1700000052.1,1700000052100000000,8.513611539966153,12.780262553818064,0.0,-0.6390131276909032,-1.0743194230016924,0.0,-2.1073889803846897
52.2,1700000052.2,1700000052200000000,8.449979072748409,12.672671306201327,0.0,-0.6336335653100664,-1.0775010463625796,0.0,-2.1023889803846894
52.300000000000004,1700000052.3,1700000052300000000,8.38688535493145,12.564763242461968,0.0,-0.6282381621230984,-1.0806557322534274,0.0,-2.0973889803846895
52.400000000000006,1700000052.4,1700000052400000000,8.324331963854934,12.456541060295955,0.0,-0.6228270530147977,-1.0837834018072532,0.0,-2.092388980384689
52.5,1700000052.5,1700000052500000000,8.262320463350392,12.348007465252229,0.0,-0.6174003732626114,-1.0868839768324805,0.0,-2.0873889803846897
52.6,1700000052.6,1700000052600000000,8.200852403702083,12.239165170664979,0.0,-0.6119582585332489,-1.089957379814896,0.0,-2.0823889803846893
52.7,1700000052.7,1700000052700000000,8.139929321608314,12.130016897585927,0.0,-0.6065008448792963,-1.0930035339195843,0.0,-2.0773889803846894
52.800000000000004,1700000052.8,1700000052800000000,8.079552740142958,12.020565374716197,0.0,-0.6010282687358098,-1.096022362992852,0.0,-2.072388980384689
52.900000000000006,1700000052.9,1700000052900000000,8.019724168717413,11.91081333833818,0.0,-0.595540666916909,-1.0990137915641294,0.0,-2.067388980384689
53.0,1700000053.0,1700000053000000000,7.960445103042847,11.800763532247057,0.0,-0.5900381766123528,-1.1019777448478576,0.0,-2.0623889803846893
53.1,1700000053.1,1700000053100000000,7.901717025092811,11.690418707682252,0.0,-0.5845209353841125,-1.1049141487453593,0.0,-2.0573889803846894
53.2,1700000053.2,1700000053200000000,7.843541403066201,11.57978162325863,0.0,-0.5789890811629315,-1.10782292984669,0.0,-2.05238898038469
53.300000000000004,1700000053.3,1700000053300000000,7.7859196913505215,11.468855044897529,0.0,-0.5734427522448764,-1.1107040154324739,0.0,-2.047388980384689
53.400000000000006,1700000053.4,1700000053400000000,7.728853330485585,11.357641745757652,0.0,-0.5678820872878826,-1.1135573334757207,0.0,-2.0423889803846897
53.5,1700000053.5,1700000053500000000,7.672343747127428,11.246144506165674,0.0,-0.5623072253082837,-1.1163828126436286,0.0,-2.0373889803846894
53.6,1700000053.6,1700000053600000000,7.616392354012696,11.134366113546779,0.0,-0.5567183056773389,-1.1191803822993651,0.0,-2.0323889803846895
53.7,1700000053.7,1700000053700000000,7.5610005499233,11.022309362354948,0.0,-0.5511154681177475,-1.1219499725038349,0.0,-2.0273889803846896
53.800000000000004,1700000053.8,1700000053800000000,7.506169719651464,10.909977054003148,0.0,-0.5454988527001574,-1.1246915140174267,0.0,-2.0223889803846897
53.900000000000006,1700000053.9,1700000053900000000,7.451901233965078,10.797371996793224,0.0,-0.5398685998396612,-1.1274049383017462,0.0,-2.0173889803846894
54.0,1700000054.0,1700000054000000000,7.398196449573469,10.684497005845744,0.0,-0.5342248502922873,-1.1300901775213266,0.0,-2.0123889803846895
54.1,1700000054.1,1700000054100000000,7.345056709093445,10.571354903029603,0.0,-0.5285677451514801,-1.1327471645453278,0.0,-2.0073889803846896
54.2,1700000054.2,1700000054200000000,7.292483341015743,10.457948516891465,0.0,-0.5228974258445732,-1.135375832949213,0.0,-2.0023889803846893
54.300000000000004,1700000054.3,1700000054300000000,7.240477659671836,10.344280682585099,0.0,-0.5172140341292549,-1.1379761170164082,0.0,-1.9973889803846896
54.400000000000006,1700000054.4,1700000054400000000,7.189040965201045,10.230354241800423,0.0,-0.5115177120900212,-1.1405479517399477,0.0,-1.9923889803846893
54.5,1700000054.5,1700000054500000000,7.138174543518062,10.116172042692552,0.0,-0.5058086021346276,-1.143091272824097,0.0,-1.9873889803846898
54.6,1700000054.6,1700000054600000000,7.087879666280763,10.001736939810478,0.0,-0.5000868469905239,-1.1456060166859618,0.0,-1.9823889803846895
54.7,1700000054.7,1700000054700000000,7.0381575908584715,9.887051794025842,0.0,-0.4943525897012921,-1.1480921204570764,0.0,-1.9773889803846896
54.800000000000004,1700000054.8,1700000054800000000,6.9890095603004845,9.772119472461306,0.0,-0.48860597362306524,-1.1505495219849757,0.0,-1.9723889803846897
54.900000000000006,1700000054.9,1700000054900000000,6.940436803304994,9.656942848418911,0.0,-0.4828471424209456,-1.1529781598347504,0.0,-1.9673889803846891
55.0,1700000055.0,1700000055000000000,6.89244053418841,9.541524801308292,0.0,-0.4770762400654146,-1.1553779732905793,0.0,-1.96238898038469
55.1,1700000055.1,1700000055100000000,6.84502195285495,9.425868216574575,0.0,-0.4712934108287287,-1.1577489023572525,0.0,-1.9573889803846896
55.2,1700000055.2,1700000055200000000,6.798182244766682,9.309975985626382,0.0,-0.46549879928131915,-1.1600908877616658,0.0,-1.9523889803846897
55.300000000000004,1700000055.3,1700000055300000000,6.751922580913863,9.193851005763435,0.0,-0.4596925502881717,-1.1624038709543068,0.0,-1.9473889803846893
55.400000000000006,1700000055.4,1700000055400000000,6.70624411778569,9.077496180104196,0.0,-0.4538748090052098,-1.1646877941107154,0.0,-1.9423889803846892
55.5,1700000055.5,1700000055500000000,6.661147997341359,8.960914417513244,0.0,-0.4480457208756622,-1.1669426001329322,0.0,-1.9373889803846895
55.6,1700000055.6,1700000055600000000,6.616635346981528,8.844108632528567,0.0,-0.4422054316264284,-1.1691682326509236,0.0,-1.9323889803846896
55.7,1700000055.7,1700000055700000000,6.5727072795201416,8.727081745288707,0.0,-0.43635408726443536,-1.1713646360239929,0.0,-1.9273889803846898
55.800000000000004,1700000055.8,1700000055800000000,6.52936489315659,8.60983668145974,0.0,-0.43049183407298697,-1.1735317553421705,0.0,-1.9223889803846894
55.900000000000006,1700000055.9,1700000055900000000,6.4866092714482875,8.492376372162175,0.0,-0.42461881860810874,-1.1756695364275855,0.0,-1.9173889803846895
56.0,1700000056.0,1700000056000000000,6.444441483283544,8.374703753897617,0.0,-0.41873518769488083,-1.177777925835823,0.0,-1.9123889803846894
56.1,1700000056.1,1700000056100000000,6.4028625828548655,8.256821768475394,0.0,-0.41284108842376965,-1.1798568708572568,0.0,-1.90738898038469
56.2,1700000056.2,1700000056200000000,6.3618736096326,8.13873336293899,0.0,-0.40693666814694945,-1.18190631951837,0.0,-1.9023889803846894
56.300000000000004,1700000056.3,1700000056300000000,6.3214755883389415,8.020441489492415,0.0,-0.40102207447462074,-1.183926220583053,0.0,-1.8973889803846893
56.400000000000006,1700000056.4,1700000056400000000,6.281669528922318,7.901949105426335,0.0,-0.3950974552713168,-1.185916523553884,0.0,-1.8923889803846896
56.5,1700000056.5,1700000056500000000,6.242456426532147,7.783259173044178,0.0,-0.3891629586522089,-1.1878771786733926,0.0,-1.8873889803846897
56.6,1700000056.6,1700000056600000000,6.203837261493941,7.6643746595880735,0.0,-0.3832187329794037,-1.189808136925303,0.0,-1.8823889803846898
56.7,1700000056.7,1700000056700000000,6.16581299928481,7.545298537164653,0.0,-0.37726492685823265,-1.1917093500357594,0.0,-1.8773889803846893
56.800000000000004,1700000056.8,1700000056800000000,6.128384590509338,7.426033782670799,0.0,-0.37130168913353995,-1.1935807704745331,0.0,-1.8723889803846896
56.900000000000006,1700000056.9,1700000056900000000,6.091552970875789,7.30658337771914,0.0,-0.365329168885957,-1.1954223514562106,0.0,-1.8673889803846893
57.0,1700000057.0,1700000057000000000,6.055319061172742,7.18695030856361,0.0,-0.3593475154281805,-1.197234046941363,0.0,-1.8623889803846898
57.1,1700000057.1,1700000057100000000,6.01968376724604,7.067137566024664,0.0,-0.3533568783012332,-1.1990158116376979,0.0,-1.8573889803846895
57.2,1700000057.2,1700000057200000000,5.984647979976192,6.947148145414658,0.0,-0.34735740727073294,-1.2007676010011905,0.0,-1.8523889803846896
57.300000000000004,1700000057.3,1700000057300000000,5.950212575256039,6.826985046462848,0.0,-0.3413492523231424,-1.202489371237198,0.0,-1.8473889803846897
57.400000000000006,1700000057.4,1700000057400000000,5.916378413968914,6.706651273240436,0.0,-0.33533256366202185,-1.2041810793015542,0.0,-1.8423889803846893
57.5,1700000057.5,1700000057500000000,5.883146341967091,6.586149834085521,0.0,-0.32930749170427603,-1.2058426829016453,0.0,-1.83738898038469
57.6,1700000057.6,1700000057600000000,5.850517190050628,6.46548374152776,0.0,-0.323274187076388,-1.2074741404974685,0.0,-1.8323889803846893
57.7,1700000057.7,1700000057700000000,5.818491773946629,6.344656012213214,0.0,-0.31723280061066067,-1.2090754113026685,0.0,-1.8273889803846897
57.800000000000004,1700000057.8,1700000057800000000,5.787070894288831,6.223669666828804,0.0,-0.3111834833414402,-1.2106464552855583,0.0,-1.8223889803846893
57.900000000000006,1700000057.9,1700000057900000000,5.75625533659759,6.102527730026882,0.0,-0.3051263865013441,-1.2121872331701207,0.0,-1.8173889803846894
58.0,1700000058.0,1700000058000000000,5.726045871260233,5.98123323034955,0.0,-0.2990616615174775,-1.2136977064369883,0.0,-1.8123889803846895
58.1,1700000058.1,1700000058100000000,5.696443253511834,5.8597892001529805,0.0,-0.292989460007649,-1.2151778373244084,0.0,-1.8073889803846899
58.2,1700000058.2,1700000058200000000,5.667448223416283,5.738198675531605,0.0,-0.28690993377658025,-1.2166275888291858,0.0,-1.8023889803846898
58.300000000000004,1700000058.3,1700000058300000000,5.639061505847831,5.616464696242194,0.0,-0.28082323481210975,-1.2180469247076084,0.0,-1.7973889803846894
58.400000000000006,1700000058.4,1700000058400000000,5.6112838104729335,5.494590305627913,0.0,-0.27472951528139566,-1.2194358094763533,0.0,-1.7923889803846895
58.5,1700000058.5,1700000058500000000,5.584115831732525,5.372578550542166,0.0,-0.2686289275271083,-1.2207942084133736,0.0,-1.7873889803846899
58.6,1700000058.6,1700000058600000000,5.5575582488246695,5.250432481272479,0.0,-0.26252162406362395,-1.2221220875587666,0.0,-1.7823889803846897
58.7,1700000058.7,1700000058700000000,5.531611725687547,5.128155151464208,0.0,-0.2564077575732104,-1.2234194137156227,0.0,-1.7773889803846894
58.800000000000004,1700000058.8,1700000058800000000,5.506276910982891,5.005749618044252,0.0,-0.2502874809022126,-1.2246861544508554,0.0,-1.7723889803846895
58.900000000000006,1700000058.9,1700000058900000000,5.481554438079744,4.883218941144561,0.0,-0.24416094705722807,-1.2259222780960126,0.0,-1.7673889803846896
59.0,1700000059.0,1700000059000000000,5.457444925038647,4.760566184025676,0.0,-0.23802830920128382,-1.2271277537480676,0.0,-1.7623889803846897
59.1,1700000059.1,1700000059100000000,5.433948974596166,4.637794413000136,0.0,-0.2318897206500068,-1.2283025512701917,0.0,-1.7573889803846896
59.2,1700000059.2,1700000059200000000,5.411067174149839,4.514906697355812,0.0,-0.22574533486779064,-1.2294466412925082,0.0,-1.7523889803846895
59.300000000000004,1700000059.3,1700000059300000000,5.388800095743484,4.391906109279216,0.0,-0.21959530546396083,-1.2305599952128257,0.0,-1.7473889803846896
59.400000000000006,1700000059.4,1700000059400000000,5.367148296052903,4.268795723778622,0.0,-0.2134397861889311,-1.2316425851973547,0.0,-1.7423889803846893
59.5,1700000059.5,1700000059500000000,5.346112316371965,4.1455786186072885,0.0,-0.20727893093036442,-1.2326943841814018,0.0,-1.7373889803846898
59.6,1700000059.6,1700000059600000000,5.325692682599058,4.022257874186383,0.0,-0.20111289370931915,-1.233715365870047,0.0,-1.7323889803846895
59.7,1700000059.7,1700000059700000000,5.305889905223967,3.8988365735281265,0.0,-0.1949418286764063,-1.2347055047388016,0.0,-1.7273889803846896
59.800000000000004,1700000059.8,1700000059800000000,5.286704479315102,3.7753178021585962,0.0,-0.1887658901079298,-1.235664776034245,0.0,-1.7223889803846897
59.900000000000006,1700000059.9,1700000059900000000,5.2681368845070935,3.6517046480406314,0.0,-0.1825852324020316,-1.2365931557746452,0.0,-1.7173889803846893
60.0,1700000060.0,1700000060000000000,5.250187584988865,3.5280002014966803,0.0,-0.17640001007483402,-1.2374906207505567,0.0,-1.71238898038469
60.1,1700000060.1,1700000060100000000,5.232857029491953,3.40420755513142,0.0,-0.170210377756571,-1.2383571485254024,0.0,-1.7073889803846896
60.2,1700000060.2,1700000060200000000,5.216145651279355,3.2803298037545945,0.0,-0.16401649018772974,-1.2391927174360324,0.0,-1.7023889803846897
60.300000000000004,1700000060.3,1700000060300000000,5.2000538681346455,3.156370044303515,0.0,-0.15781850221517574,-1.2399973065932677,0.0,-1.6973889803846893
60.400000000000006,1700000060.4,1700000060400000000,5.184582082351568,3.032331375765733,0.0,-0.15161656878828664,-1.2407708958824215,0.0,-1.6923889803846894
60.5,1700000060.5,1700000060500000000,5.169730680723969,2.90821689910149,0.0,-0.1454108449550745,-1.2415134659638014,0.0,-1.6873889803846895
60.6,1700000060.6,1700000060600000000,5.155500034536111,2.7840297171662396,0.0,-0.139201485858312,-1.2422249982731945,0.0,-1.6823889803846896
60.7,1700000060.7,1700000060700000000,5.141890499553401,2.659772934633061,0.0,-0.13298864673165306,-1.2429054750223298,0.0,-1.6773889803846898
60.800000000000004,1700000060.8,1700000060800000000,5.1289024160135135,2.5354496579150356,0.0,-0.12677248289575177,-1.2435548791993243,0.0,-1.6723889803846894
60.900000000000006,1700000060.9,1700000060900000000,5.116536108617854,2.4110629950876277,0.0,-0.12055314975438139,-1.2441731945691072,0.0,-1.6673889803846895
61.0,1700000061.0,1700000061000000000,5.1047918865234685,2.2866160558109185,0.0,-0.11433080279054594,-1.2447604056738264,0.0,-1.6623889803846896
61.1,1700000061.1,1700000061100000000,5.093670043335294,2.162111951251909,0.0,-0.10810559756259545,-1.2453164978332352,0.0,-1.6573889803846897
61.2,1700000061.2,1700000061200000000,5.083170857098835,2.0375537940067168,0.0,-0.10187768970033584,-1.2458414571450582,0.0,-1.6523889803846894
61.300000000000004,1700000061.3,1700000061300000000,5.073294590293198,1.9129446980228084,0.0,-0.09564723490114042,-1.24633527048534,0.0,-1.6473889803846895
61.400000000000006,1700000061.4,1700000061400000000,5.064041489824536,1.7882877785210816,0.0,-0.08941438892605408,-1.246797925508773,0.0,-1.6423889803846896
61.5,1700000061.5,1700000061500000000,5.055411787019882,1.6635861519180315,0.0,-0.08317930759590157,-1.2472294106490058,0.0,-1.6373889803846897
61.6,1700000061.6,1700000061600000000,5.0474056976213575,1.5388429357478286,0.0,-0.07694214678739143,-1.2476297151189322,0.0,-1.6323889803846896
61.7,1700000061.7,1700000061700000000,5.040023421780781,1.414061248584369,0.0,-0.07070306242921845,-1.247998828910961,0.0,-1.6273889803846895
61.800000000000004,1700000061.8,1700000061800000000,5.03326514405466,1.2892442099633548,0.0,-0.06446221049816775,-1.2483367427972671,0.0,-1.6223889803846896
61.900000000000006,1700000061.9,1700000061900000000,5.027131033399588,1.1643949403042284,0.0,-0.05821974701521142,-1.2486434483300206,0.0,-1.6173889803846893
62.0,1700000062.0,1700000062000000000,5.021621243168013,1.0395165608322623,0.0,-0.05197582804161312,-1.2489189378415992,0.0,-1.6123889803846898
62.1,1700000062.1,1700000062100000000,5.016735911104401,0.9146121935003945,0.0,-0.04573060967501972,-1.24916320444478,0.0,-1.6073889803846895
62.2,1700000062.2,1700000062200000000,5.0124751593418,0.7896849609113363,0.0,-0.039484248045566814,-1.24937624203291,0.0,-1.6023889803846898
62.300000000000004,1700000062.3,1700000062300000000,5.0088390943987875,0.6647379862393847,0.0,-0.033236899311969235,-1.2495580452800605,0.0,-1.5973889803846897
62.400000000000006,1700000062.4,1700000062400000000,5.005827807176789,0.5397743931523878,0.0,-0.026988719657619394,-1.2497086096411605,0.0,-1.5923889803846896
62.5,1700000062.5,1700000062500000000,5.003441372957834,0.41479730573369766,0.0,-0.02073986528668488,-1.2498279313521081,0.0,-1.58738898038469
62.6,1700000062.6,1700000062600000000,5.001679851402653,0.2898098484039458,0.0,-0.014490492420197289,-1.2499160074298674,0.0,-1.5823889803846896
62.7,1700000062.7,1700000062700000000,5.000543286549188,0.16481514584308923,0.0,-0.008240757292154462,-1.2499728356725406,0.0,-1.5773889803846897
62.800000000000004,1700000062.8,1700000062800000000,5.000031706811512,0.039816322912159606,0.0,-0.00199081614560798,-1.2499984146594243,0.0,-1.5723889803846893
62.900000000000006,1700000062.9,1700000062900000000,5.000145124979081,-0.08518349542475796,0.0,0.004259174771237898,-1.2499927437510459,0.0,-1.5673889803846894
63.0,1700000063.0,1700000063000000000,5.000883538216449,-0.21018118417872655,0.0,0.010509059208936328,-1.2499558230891774,0.0,-1.5623889803846895
63.1,1700000063.1,1700000063100000000,5.002246928063329,-0.3351736184140376,0.0,0.01675868092070188,-1.2498876535968335,0.0,-1.5573889803846896
63.2,1700000063.2,1700000063200000000,5.004235260435042,-0.4601576733263452,0.0,0.02300788366631726,-1.2497882369782478,0.0,-1.55238898038469
63.300000000000004,1700000063.3,1700000063300000000,5.006848485623383,-0.5851302243207973,0.0,0.029256511216039865,-1.2496575757188308,0.0,-1.5473889803846894
63.400000000000006,1700000063.4,1700000063400000000,5.010086538297855,-0.7100881470901058,0.0,0.035504407354505295,-1.2494956730851072,0.0,-1.5423889803846895
63.5,1700000063.5,1700000063500000000,5.013949337507313,-0.8350283176927207,0.0,0.04175141588463604,-1.2493025331246344,0.0,-1.5373889803846896
63.6,1700000063.6,1700000063600000000,5.018436786681978,-0.9599476126308845,0.0,0.047997380631544226,-1.2490781606659012,0.0,-1.5323889803846897
63.7,1700000063.7,1700000063700000000,5.023548773635852,-1.0848429089287408,0.0,0.05424214544643703,-1.2488225613182073,0.0,-1.5273889803846894
63.800000000000004,1700000063.8,1700000063800000000,5.029285170569533,-1.2097110842103649,0.0,0.06048555421051824,-1.2485357414715232,0.0,-1.5223889803846895
63.900000000000006,1700000063.9,1700000063900000000,5.035645834073392,-1.3345490167778893,0.0,0.06672745083889446,-1.2482177082963304,0.0,-1.5173889803846896
64.0,1700000064.0,1700000064000000000,5.042630605131173,-1.4593535856895021,0.0,0.0729676792844751,-1.2478684697434415,0.0,-1.5123889803846897
64.10000000000001,1700000064.1,1700000064100000000,5.050239309123963,-1.5841216708374917,0.0,0.07920608354187458,-1.2474880345438017,0.0,-1.5073889803846894
64.2,1700000064.2,1700000064200000000,5.05847175583456,-1.7088501530262055,0.0,0.08544250765131028,-1.247076412208272,0.0,-1.5023889803846895
64.3,1700000064.3,1700000064300000000,5.0673277394522245,-1.8335359140500853,0.0,0.09167679570250427,-1.2466336130273887,0.0,-1.49738898038469
64.4,1700000064.4,1700000064400000000,5.0768070385778294,-1.9581758367716435,0.0,0.09790879183858217,-1.2461596480711086,0.0,-1.4923889803846893
64.5,1700000064.5,1700000064500000000,5.086909416229382,-2.0827668051992374,0.0,0.10413834025996188,-1.2456545291885308,0.0,-1.4873889803846898
64.60000000000001,1700000064.6,1700000064600000000,5.097634619847977,-2.207305704565201,0.0,0.11036528522826006,-1.245118269007601,0.0,-1.4823889803846895
64.7,1700000064.7,1700000064700000000,5.108982381304081,-2.331789421403503,0.0,0.11658947107017514,-1.244550880934796,0.0,-1.4773889803846896
64.8,1700000064.8,1700000064800000000,5.120952416904242,-2.456214843627717,0.0,0.12281074218138585,-1.243952379154788,0.0,-1.4723889803846897
64.9,1700000064.9,1700000064900000000,5.133544427398199,-2.5805788606087794,0.0,0.12902894303043896,-1.24332277863009,0.0,-1.4673889803846891
65.0,1700000065.0,1700000065000000000,5.146758097986343,-2.704878363252709,0.0,0.13524391816263548,-1.2426620951006828,0.0,-1.46238898038469
65.10000000000001,1700000065.1,1700000065100000000,5.160593098327606,-2.8291102440784703,0.0,0.14145551220392352,-1.2419703450836197,0.0,-1.4573889803846893
65.2,1700000065.2,1700000065200000000,5.175049082547684,-2.953271397295445,0.0,0.14766356986477225,-1.2412475458726158,0.0,-1.4523889803846897
65.3,1700000065.3,1700000065300000000,5.190125689247736,-3.077358718881315,0.0,0.15386793594406575,-1.2404937155376132,0.0,-1.4473889803846898
65.4,1700000065.4,1700000065400000000,5.205822541513378,-3.201369106659503,0.0,0.16006845533297515,-1.239708872924331,0.0,-1.4423889803846894
65.5,1700000065.5,1700000065500000000,5.222139246924119,-3.3252994603767507,0.0,0.16626497301883755,-1.238893037653794,0.0,-1.4373889803846895
65.60000000000001,1700000065.6,1700000065600000000,5.239075397563173,-3.449146681780693,0.0,0.17245733408903466,-1.2380462301218413,0.0,-1.4323889803846892
65.7,1700000065.7,1700000065700000000,5.25663057002766,-3.572907674697212,0.0,0.1786453837348606,-1.237168471498617,0.0,-1.4273889803846898
65.8,1700000065.8,1700000065800000000,5.274804325439177,-3.696579345107963,0.0,0.18482896725539816,-1.2362597837280411,0.0,-1.4223889803846899
65.9,1700000065.9,1700000065900000000,5.293596209454794,-3.8201586012276274,0.0,0.19100793006138136,-1.2353201895272603,0.0,-1.4173889803846895
66.0,1700000066.0,1700000066000000000,5.313005752278379,-3.9436423535812164,0.0,0.19718211767906083,-1.2343497123860812,0.0,-1.4123889803846896
66.10000000000001,1700000066.1,1700000066100000000,5.333032468672382,-4.067027515081374,0.0,0.2033513757540687,-1.2333483765663809,0.0,-1.4073889803846893
66.2,1700000066.2,1700000066200000000,5.353675857969925,-4.190311001105469,0.0,0.20951555005527345,-1.2323162071015037,0.0,-1.4023889803846894
66.3,1700000066.3,1700000066300000000,5.37493540408736,-4.31348972957277,0.0,0.2156744864786385,-1.231253229795632,0.0,-1.39738898038469
66.4,1700000066.4,1700000066400000000,5.396810575537138,-4.436560621021514,0.0,0.22182803105107574,-1.2301594712231432,0.0,-1.3923889803846896
66.5,1700000066.5,1700000066500000000,5.419300825441113,-4.5595205986857925,0.0,0.22797602993428964,-1.2290349587279443,0.0,-1.3873889803846897
66.60000000000001,1700000066.6,1700000066600000000,5.442405591544208,-4.682366588572591,0.0,0.2341183294286295,-1.2278797204227896,0.0,-1.3823889803846894
66.7,1700000066.7,1700000066700000000,5.466124296228475,-4.805095519538535,0.0,0.24025477597692677,-1.2266937851885762,0.0,-1.3773889803846893
66.8,1700000066.8,1700000066800000000,5.49045634652753,-4.927704323366746,0.0,0.2463852161683373,-1.2254771826736235,0.0,-1.37238898038469
66.9,1700000066.9,1700000066900000000,5.515401134141388,-5.050189934843557,0.0,0.2525094967421778,-1.2242299432929307,0.0,-1.3673889803846895
67.0,1700000067.0,1700000067000000000,5.5409580354516486,-5.1725492918349945,0.0,0.25862746459174973,-1.2229520982274176,0.0,-1.3623889803846898
67.10000000000001,1700000067.1,1700000067100000000,5.567126411537121,-5.294779335363561,0.0,0.26473896676817804,-1.221643679423144,0.0,-1.3573889803846895
67.2,1700000067.2,1700000067200000000,5.593905608189754,-5.416877009684502,0.0,0.2708438504842251,-1.2203047195905123,0.0,-1.3523889803846896
67.3,1700000067.3,1700000067300000000,5.621294955931038,-5.5388392623623295,0.0,0.2769419631181165,-1.2189352522034482,0.0,-1.3473889803846897
67.4,1700000067.4,1700000067400000000,5.649293770028699,-5.66066304434709,0.0,0.2830331522173545,-1.217535311498565,0.0,-1.3423889803846893
67.5,1700000067.5,1700000067500000000,5.677901350513839,-5.7823453100505455,0.0,0.28911726550252725,-1.216104932474308,0.0,-1.33738898038469
67.60000000000001,1700000067.6,1700000067600000000,5.707116982198453,-5.903883017422446,0.0,0.29519415087112233,-1.2146441508900774,0.0,-1.3323889803846891
67.7,1700000067.7,1700000067700000000,5.736939934693247,-6.025273128026373,0.0,0.3012636564013187,-1.2131530032653375,0.0,-1.3273889803846897
67.8,1700000067.8,1700000067800000000,5.767369462425979,-6.146512607115925,0.0,0.3073256303557963,-1.211631526878701,0.0,-1.3223889803846898
67.9,1700000067.9,1700000067900000000,5.798404804660034,-6.267598423710442,0.0,0.3133799211855221,-1.210079759766998,0.0,-1.3173889803846894
68.0,1700000068.0,1700000068000000000,5.830045185513477,-6.3885275506707915,0.0,0.3194263775335396,-1.208497740724326,0.0,-1.3123889803846893
68.10000000000001,1700000068.1,1700000068100000000,5.862289813978432,-6.509296964775121,0.0,0.3254648482387561,-1.2068855093010784,0.0,-1.3073889803846892
68.2,1700000068.2,1700000068200000000,5.895137883940858,-6.629903646794334,0.0,0.3314951823397167,-1.2052431058029571,0.0,-1.3023889803846898
68.3,1700000068.3,1700000068300000000,5.928588574200731,-6.750344581567696,0.0,0.33751722907838483,-1.2035705712899634,0.0,-1.2973889803846899
68.4,1700000068.4,1700000068400000000,5.962641048492532,-6.870616758078111,0.0,0.3435308379039055,-1.2018679475753733,0.0,-1.2923889803846895
68.5,1700000068.5,1700000068500000000,5.997294455506172,-6.990717169527406,0.0,0.3495358584763703,-1.2001352772246914,0.0,-1.2873889803846896
68.60000000000001,1700000068.6,1700000068600000000,6.03254792890829,-7.110642813411573,0.0,0.35553214067057864,-1.1983726035545854,0.0,-1.2823889803846895
68.7,1700000068.7,1700000068700000000,6.068400587363875,-7.2303906915957405,0.0,0.361519534579787,-1.196579970631806,0.0,-1.2773889803846894
68.8,1700000068.8,1700000068800000000,6.104851534558339,-7.34995781038919,0.0,0.3674978905194595,-1.194757423272083,0.0,-1.27238898038469
68.9,1700000068.9,1700000068900000000,6.141899859219908,-7.46934118062021,0.0,0.3734670590310105,-1.1929050070390046,0.0,-1.2673889803846896
69.0,1700000069.0,1700000069000000000,6.179544635142381,-7.588537817710733,0.0,0.37942689088553666,-1.191022768242881,0.0,-1.2623889803846897
69.10000000000001,1700000069.1,1700000069100000000,6.217784921208338,-7.70754474175106,0.0,0.385377237087553,-1.189110753939583,0.0,-1.2573889803846894
69.2,1700000069.2,1700000069200000000,6.256619761412601,-7.826358977574266,0.0,0.3913179488787133,-1.18716901192937,0.0,-1.2523889803846897
69.3,1700000069.3,1700000069300000000,6.296048184886189,-7.944977554830644,0.0,0.3972488777415322,-1.1851975907556906,0.0,-1.24738898038469
69.4,1700000069.4,1700000069400000000,6.336069205920591,-8.063397508061986,0.0,0.4031698754030993,-1.1831965397039705,0.0,-1.2423889803846893
69.5,1700000069.5,1700000069500000000,6.376681823992335,-8.181615876775561,0.0,0.40908079383877805,-1.1811659088003832,0.0,-1.2373889803846898
69.60000000000001,1700000069.6,1700000069600000000,6.417885023788109,-8.299629705518363,0.0,0.41498148527591816,-1.1791057488105945,0.0,-1.2323889803846895
69.7,1700000069.7,1700000069700000000,6.459677775230052,-8.41743604395079,0.0,0.42087180219753945,-1.1770161112384976,0.0,-1.2273889803846896
69.8,1700000069.8,1700000069800000000,6.502059033501553,-8.535031946920524,0.0,0.4267515973460262,-1.1748970483249224,0.0,-1.2223889803846897
69.9,1700000069.9,1700000069900000000,6.545027739073372,-8.65241447453613,0.0,0.4326207237268065,-1.1727486130463314,0.0,-1.2173889803846896
70.0,1700000070.0,1700000070000000000,6.588582817730092,-8.769580692240496,0.0,0.4384790346120248,-1.1705708591134953,0.0,-1.21238898038469
70.10000000000001,1700000070.1,1700000070100000000,6.632723180597036,-8.886527670884337,0.0,0.44432638354421683,-1.1683638409701482,0.0,-1.2073889803846891
70.2,1700000070.2,1700000070200000000,6.677447724167415,-9.003252486799214,0.0,0.4501626243399607,-1.1661276137916294,0.0,-1.2023889803846897
70.3,1700000070.3,1700000070300000000,6.722755330329974,-9.11975222187085,0.0,0.4559876110935426,-1.1638622334835014,0.0,-1.1973889803846898
70.4,1700000070.4,1700000070400000000,6.768644866396922,-9.236023963611938,0.0,0.4618011981805969,-1.1615677566801539,0.0,-1.1923889803846894
70.5,1700000070.5,1700000070500000000,6.8151151851322425,-9.352064805234967,0.0,0.4676032402617483,-1.1592442407433878,0.0,-1.1873889803846895
70.60000000000001,1700000070.6,1700000070600000000,6.862165124780397,-9.46787184572496,0.0,0.47339359228624805,-1.1568917437609803,0.0,-1.1823889803846892
70.7,1700000070.7,1700000070700000000,6.909793509095323,-9.583442189911908,0.0,0.4791721094955954,-1.154510324545234,0.0,-1.1773889803846898
70.8,1700000070.8,1700000070800000000,6.9579991473699145,-9.698772948543258,0.0,0.48493864742716286,-1.1521000426315042,0.0,-1.1723889803846896
70.9,1700000070.9,1700000070900000000,7.006780834465722,-9.813861238356047,0.0,0.4906930619178024,-1.1496609582767139,0.0,-1.1673889803846895
71.0,1700000071.0,1700000071000000000,7.056137350843105,-9.928704182149005,0.0,0.49643520910745026,-1.1471931324578448,0.0,-1.1623889803846896
71.10000000000001,1700000071.1,1700000071100000000,7.106067462591728,-10.04329890885454,0.0,0.5021649454427269,-1.1446966268704137,0.0,-1.1573889803846893
71.2,1700000071.2,1700000071200000000,7.1565699214613865,-10.15764255361043,0.0,0.5078821276805214,-1.1421715039269307,0.0,-1.1523889803846894
71.3,1700000071.3,1700000071300000000,7.207643464893248,-10.271732257831513,0.0,0.5135866128915757,-1.1396178267553376,0.0,-1.14738898038469
71.4,1700000071.4,1700000071400000000,7.259286816051393,-10.385565169281156,0.0,0.5192782584640578,-1.1370356591974304,0.0,-1.1423889803846896
71.5,1700000071.5,1700000071500000000,7.3114986838547225,-10.499138442142474,0.0,0.5249569221071236,-1.1344250658072639,0.0,-1.1373889803846897
71.60000000000001,1700000071.6,1700000071600000000,7.364277763009266,-10.612449237089574,0.0,0.5306224618544787,-1.1317861118495367,0.0,-1.1323889803846894
71.7,1700000071.7,1700000071700000000,7.417622734040787,-10.725494721358471,0.0,0.5362747360679235,-1.1291188632979607,0.0,-1.1273889803846895
71.8,1700000071.8,1700000071800000000,7.471532263327784,-10.838272068817943,0.0,0.5419136034408971,-1.1264233868336107,0.0,-1.12238898038469
71.9,1700000071.9,1700000071900000000,7.526005003134863,-10.950778460040217,0.0,0.5475389230020109,-1.1236997498432568,0.0,-1.117388980384689
72.0,1700000072.0,1700000072000000000,7.581039591646324,-11.063011082371311,0.0,0.5531505541185656,-1.1209480204176838,0.0,-1.11238898038469
72.10000000000001,1700000072.1,1700000072100000000,7.636634653000357,-11.174967130001566,0.0,0.5587483565000783,-1.1181682673499822,0.0,-1.1073889803846897
72.2,1700000072.2,1700000072200000000,7.692788797323296,-11.286643804035588,0.0,0.5643321902017794,-1.1153605601338352,0.0,-1.1023889803846896
72.3,1700000072.3,1700000072300000000,7.7495006207644686,-11.398038312562356,0.0,0.5699019156281178,-1.1125249689617764,0.0,-1.0973889803846897
72.4,1700000072.4,1700000072400000000,7.806768705531251,-11.509147870724966,0.0,0.5754573935362484,-1.1096615647234374,0.0,-1.0923889803846896
72.5,1700000072.5,1700000072500000000,7.864591619924489,-11.619969700790223,0.0,0.5809984850395112,-1.1067704190037755,0.0,-1.0873889803846901
72.60000000000001,1700000072.6,1700000072600000000,7.922967918374358,-11.730501032218198,0.0,0.5865250516109098,-1.103851604081282,0.0,-1.0823889803846891
72.7,1700000072.7,1700000072700000000,7.981896141476408,-11.840739101731298,0.0,0.592036955086565,-1.1009051929261795,0.0,-1.0773889803846897
72.8,1700000072.8,1700000072800000000,8.04137481602815,-11.950681153383572,0.0,0.5975340576691786,-1.0979312591985926,0.0,-1.0723889803846898
72.9,1700000072.9,1700000072900000000,8.10140245506582,-12.06032443862945,0.0,0.6030162219314725,-1.0949298772467089,0.0,-1.0673889803846894
73.0,1700000073.0,1700000073000000000,8.161977557901558,-12.169666216392494,0.0,0.6084833108196247,-1.0919011221049222,0.0,-1.0623889803846898
73.10000000000001,1700000073.1,1700000073100000000,8.223098610160957,-12.278703753133975,0.0,0.6139351876566987,-1.0888450694919523,0.0,-1.0573889803846892
73.2,1700000073.2,1700000073200000000,8.284764083820878,-12.387434322921123,0.0,0.6193717161460561,-1.085761795808956,0.0,-1.05238898038469
73.3,1700000073.3,1700000073300000000,8.346972437247707,-12.495855207495387,0.0,0.6247927603747693,-1.0826513781376146,0.0,-1.0473889803846899
73.4,1700000073.4,1700000073400000000,8.409722115235851,-12.603963696340298,0.0,0.6301981848170148,-1.0795138942382074,0.0,-1.0423889803846895
73.5,1700000073.5,1700000073500000000,8.473011549046618,-12.711757086749245,0.0,0.6355878543374622,-1.076349422547669,0.0,-1.0373889803846896
73.60000000000001,1700000073.6,1700000073600000000,8.536839156447467,-12.819232683893105,0.0,0.6409616341946553,-1.0731580421776268,0.0,-1.0323889803846893
73.7,1700000073.7,1700000073700000000,8.601203341751525,-12.926387800887525,0.0,0.6463193900443763,-1.0699398329124237,0.0,-1.0273889803846892
73.8,1700000073.8,1700000073800000000,8.666102495857512,-13.033219758860163,0.0,0.6516609879430081,-1.0666948752071244,0.0,-1.02238898038469
73.9,1700000073.9,1700000073900000000,8.73153499628998,-13.139725887017661,0.0,0.6569862943508831,-1.063423250185501,0.0,-1.0173889803846896
74.0,1700000074.0,1700000074000000000,8.797499207239799,-13.245903522712336,0.0,0.6622951761356167,-1.06012503963801,0.0,-1.0123889803846897
74.10000000000001,1700000074.1,1700000074100000000,8.86399347960515,-13.35175001150884,0.0,0.6675875005754419,-1.0568003260197425,0.0,-1.0073889803846894
74.2,1700000074.2,1700000074200000000,8.931016151032669,-13.45726270725045,0.0,0.6728631353625225,-1.0534491924483667,0.0,-1.0023889803846893
74.3,1700000074.3,1700000074300000000,8.998565545959064,-13.562438972125268,0.0,0.6781219486062634,-1.0500717227020466,0.0,-0.9973889803846898
74.4,1700000074.4,1700000074400000000,9.066639975653004,-13.66727617673219,0.0,0.6833638088366095,-1.0466680012173497,0.0,-0.9923889803846891
74.5,1700000074.5,1700000074500000000,9.13523773825726,-13.771771700146498,0.0,0.6885885850073249,-1.0432381130871369,0.0,-0.9873889803846897
74.60000000000001,1700000074.6,1700000074600000000,9.204357118831364,-13.875922929985604,0.0,0.6937961464992802,-1.0397821440584318,0.0,-0.9823889803846895
74.7,1700000074.7,1700000074700000000,9.273996389394387,-13.979727262474153,0.0,0.6989863631237077,-1.0363001805302805,0.0,-0.9773889803846895
74.8,1700000074.8,1700000074800000000,9.344153808968194,-14.083182102509252,0.0,0.7041591051254625,-1.0327923095515903,0.0,-0.9723889803846897
74.9,1700000074.9,1700000074900000000,9.414827623620962,-14.186284863725296,0.0,0.7093142431862648,-1.0292586188189519,0.0,-0.9673889803846892
75.0,1700000075.0,1700000075000000000,9.486016066510981,-14.289032968558594,0.0,0.7144516484279296,-1.0256991966744509,0.0,-0.9623889803846899
75.10000000000001,1700000075.1,1700000075100000000,9.557717357930922,-14.391423848311927,0.0,0.7195711924155963,-1.022114132103454,0.0,-0.9573889803846891
75.2,1700000075.2,1700000075200000000,9.629929705352193,-14.493454943218579,0.0,0.7246727471609289,-1.0185035147323904,0.0,-0.9523889803846898
75.3,1700000075.3,1700000075300000000,9.7026513034699,-14.595123702506523,0.0,0.7297561851253263,-1.014867434826505,0.0,-0.9473889803846897
75.4,1700000075.4,1700000075400000000,9.775880334247866,-14.696427584462079,0.0,0.734821379223104,-1.0112059832876066,0.0,-0.9423889803846893
75.5,1700000075.5,1700000075500000000,9.84961496696414,-14.79736405649345,0.0,0.7398682028246726,-1.007519251651793,0.0,-0.9373889803846894
75.60000000000001,1700000075.6,1700000075600000000,9.923853358256743,-14.897930595194115,0.0,0.7448965297597057,-1.003807332087163,0.0,-0.9323889803846893
75.7,1700000075.7,1700000075700000000,9.998593652169745,-14.998124686405815,0.0,0.7499062343202907,-1.0000703173915129,0.0,-0.9273889803846899
75.8,1700000075.8,1700000075800000000,10.073833980199709,-15.097943825281515,0.0,0.7548971912640757,-0.9963083009900147,0.0,-0.9223889803846899
75.9,1700000075.9,1700000075900000000,10.149572461342355,-15.197385516347941,0.0,0.759869275817397,-0.9925213769328822,0.0,-0.9173889803846896
76.0,1700000076.0,1700000076000000000,10.225807202139588,-15.296447273567981,0.0,0.7648223636783991,-0.9887096398930206,0.0,-0.9123889803846896
76.10000000000001,1700000076.1,1700000076100000000,10.302536296726863,-15.39512662040288,0.0,0.769756331020144,-0.9848731851636567,0.0,-0.9073889803846892
76.2,1700000076.2,1700000076200000000,10.379757826880812,-15.49342108987409,0.0,0.7746710544937045,-0.9810121086559593,0.0,-0.9023889803846892
76.3,1700000076.3,1700000076300000000,10.457469862067192,-15.591328224624993,0.0,0.7795664112312496,-0.9771265068966405,0.0,-0.89738898038469
76.4,1700000076.4,1700000076400000000,10.535670459489197,-15.688845576982342,0.0,0.784442278849117,-0.9732164770255403,0.0,-0.8923889803846896
76.5,1700000076.5,1700000076500000000,10.614357664135934,-15.785970709017386,0.0,0.7892985354508693,-0.9692821167932032,0.0,-0.8873889803846896
76.60000000000001,1700000076.6,1700000076600000000,10.693529508831414,-15.882701192606898,0.0,0.7941350596303449,-0.9653235245584293,0.0,-0.8823889803846894
76.7,1700000076.7,1700000076700000000,10.773184014283618,-15.97903460949381,0.0,0.7989517304746906,-0.9613407992858191,0.0,-0.8773889803846896
76.80000000000001,1700000076.8,1700000076800000000,10.85331918913408,-16.074968551347737,0.0,0.8037484275673868,-0.9573340405432961,0.0,-0.8723889803846891
76.9,1700000076.9,1700000076900000000,10.933933030007584,-16.170500619825106,0.0,0.8085250309912553,-0.953303348499621,0.0,-0.8673889803846891
77.0,1700000077.0,1700000077000000000,11.015023521562306,-16.265628426629185,0.0,0.8132814213314592,-0.9492488239218848,0.0,-0.8623889803846898
77.10000000000001,1700000077.1,1700000077100000000,11.0965886365402,-16.360349593569783,0.0,0.818017479678489,-0.9451705681729899,0.0,-0.8573889803846894
77.2,1700000077.2,1700000077200000000,11.178626335817626,-16.45466175262263,0.0,0.8227330876311316,-0.9410686832091187,0.0,-0.8523889803846896
77.30000000000001,1700000077.3,1700000077300000000,11.26113456845638,-16.548562545988688,0.0,0.8274281272994344,-0.9369432715771809,0.0,-0.8473889803846891
77.4,1700000077.4,1700000077400000000,11.344111271754937,-16.64204962615299,0.0,0.8321024813076494,-0.9327944364122531,0.0,-0.8423889803846892
77.5,1700000077.5,1700000077500000000,11.427554371300033,-16.7351206559434,0.0,0.83675603279717,-0.9286222814349985,0.0,-0.8373889803846899
77.60000000000001,1700000077.6,1700000077600000000,11.51146178101855,-16.82777330858906,0.0,0.8413886654294529,-0.9244269109490724,0.0,-0.8323889803846891
77.7,1700000077.7,1700000077700000000,11.595831403229582,-16.920005267778425,0.0,0.8460002633889212,-0.9202084298385209,0.0,-0.8273889803846894
77.80000000000001,1700000077.8,1700000077800000000,11.680661128696997,-17.01181422771736,0.0,0.850590711385868,-0.9159669435651502,0.0,-0.8223889803846892
77.9,1700000077.9,1700000077900000000,11.76594883668205,-17.103197893186625,0.0,0.8551598946593313,-0.9117025581658975,0.0,-0.8173889803846895
78.0,1700000078.0,1700000078000000000,11.851692394996505,-17.194153979599353,0.0,0.8597076989799677,-0.9074153802501749,0.0,-0.8123889803846894
78.10000000000001,1700000078.1,1700000078100000000,11.937889660055863,-17.284680213058127,0.0,0.8642340106529063,-0.9031055169972069,0.0,-0.8073889803846891
78.2,1700000078.2,1700000078200000000,12.024538476932971,-17.3747743304118,0.0,0.86873871652059,-0.8987730761533514,0.0,-0.8023889803846896
78.30000000000001,1700000078.3,1700000078300000000,12.111636679411959,-17.46443407931217,0.0,0.8732217039656086,-0.894418166029402,0.0,-0.7973889803846889
78.4,1700000078.4,1700000078400000000,12.199182090042253,-17.553657218270143,0.0,0.8776828609135072,-0.8900408954978873,0.0,-0.7923889803846894
78.5,1700000078.5,1700000078500000000,12.287172520193181,-17.64244151671192,0.0,0.8821220758355959,-0.885641373990341,0.0,-0.7873889803846895
78.60000000000001,1700000078.6,1700000078600000000,12.375605770108564,-17.73078475503466,0.0,0.8865392377517329,-0.8812197114945718,0.0,-0.7823889803846893
78.7,1700000078.7,1700000078700000000,12.464479628961758,-17.818684724661995,0.0,0.8909342362330998,-0.8767760185519122,0.0,-0.7773889803846894
78.80000000000001,1700000078.8,1700000078800000000,12.553791874910921,-17.906139228099278,0.0,0.8953069614049638,-0.872310406254454,0.0,-0.7723889803846892
78.9,1700000078.9,1700000078900000000,12.643540275154542,-17.993146078988453,0.0,0.8996573039494227,-0.8678229862422728,0.0,-0.7673889803846895
79.0,1700000079.0,1700000079000000000,12.733722585987309,-18.079703102162803,0.0,0.9039851551081401,-0.8633138707006345,0.0,-0.7623889803846898
79.10000000000001,1700000079.1,1700000079100000000,12.824336552856153,-18.16580813370126,0.0,0.9082904066850629,-0.8587831723571924,0.0,-0.7573889803846894
79.2,1700000079.2,1700000079200000000,12.9153799104166,-18.251459020982498,0.0,0.9125729510491248,-0.85423100447917,0.0,-0.7523889803846894
79.30000000000001,1700000079.3,1700000079300000000,13.006850382589477,-18.336653622738815,0.0,0.9168326811369408,-0.8496574808705262,0.0,-0.7473889803846889
79.4,1700000079.4,1700000079400000000,13.098745682617714,-18.42138980910959,0.0,0.9210694904554795,-0.8450627158691143,0.0,-0.7423889803846891
79.5,1700000079.5,1700000079500000000,13.19106351312361,-18.505665461694576,0.0,0.9252832730847288,-0.8404468243438196,0.0,-0.7373889803846898
79.60000000000001,1700000079.6,1700000079600000000,13.283801566166225,-18.58947847360687,0.0,0.9294739236803435,-0.8358099216916887,0.0,-0.7323889803846896
79.7,1700000079.7,1700000079700000000,13.376957523299048,-18.67282674952552,0.0,0.933641337476276,-0.8311521238350477,0.0,-0.7273889803846896
79.80000000000001,1700000079.8,1700000079800000000,13.47052905562801,-18.755708205747982,0.0,0.937785410287399,-0.8264735472185996,0.0,-0.7223889803846892
79.9,1700000079.9,1700000079900000000,13.564513823869664,-18.83812077024215,0.0,0.9419060385121075,-0.8217743088065167,0.0,-0.7173889803846893
80.0,1700000080.0,1700000080000000000,13.6589094784097,-18.920062382698205,0.0,0.9460031191349103,-0.8170545260795149,0.0,-0.7123889803846898
80.10000000000001,1700000080.1,1700000080100000000,13.753713659361708,-19.001530994580136,0.0,0.9500765497290067,-0.8123143170319147,0.0,-0.7073889803846891
80.2,1700000080.2,1700000080200000000,13.848923996626048,-19.082524569176847,0.0,0.9541262284588424,-0.8075538001686976,0.0,-0.7023889803846892
80.30000000000001,1700000080.3,1700000080300000000,13.944538109949274,-19.163041081653212,0.0,0.9581520540826606,-0.8027730945025363,0.0,-0.6973889803846894
80.4,1700000080.4,1700000080400000000,14.04055360898353,-19.24307851910061,0.0,0.9621539259550305,-0.7979723195508236,0.0,-0.6923889803846894
80.5,1700000080.5,1700000080500000000,14.13696809334634,-19.322634880587273,0.0,0.9661317440293636,-0.793151595332683,0.0,-0.6873889803846893
80.60000000000001,1700000080.6,1700000080600000000,14.233779152680619,-19.401708177208306,0.0,0.9700854088604154,-0.788311042365969,0.0,-0.6823889803846896
80.7,1700000080.7,1700000080700000000,14.33098436671492,-19.480296432135415,0.0,0.9740148216067708,-0.783450781664254,0.0,-0.6773889803846899
80.80000000000001,1700000080.8,1700000080800000000,14.42858130532398,-19.558397680666335,0.0,0.9779198840333168,-0.778570934733801,0.0,-0.6723889803846891
80.9,1700000080.9,1700000080900000000,14.52656752858938,-19.636009970273886,0.0,0.9818004985136942,-0.773671623570531,0.0,-0.667388980384689
81.0,1700000081.0,1700000081000000000,14.624940586860639,-19.713131360654877,0.0,0.9856565680327438,-0.768752970656968,0.0,-0.66238898038469
81.10000000000001,1700000081.1,1700000081100000000,14.72369802081648,-19.7897599237786,0.0,0.98948799618893,-0.7638150989591761,0.0,-0.6573889803846894
81.2,1700000081.2,1700000081200000000,14.822837361526137,-19.865893743934933,0.0,0.9932946871967467,-0.7588581319236931,0.0,-0.6523889803846894
81.30000000000001,1700000081.3,1700000081300000000,14.922356130511284,-19.941530917782348,0.0,0.9970765458891174,-0.7538821934744357,0.0,-0.6473889803846896
81.4,1700000081.4,1700000081400000000,15.022251839807875,-20.016669554395442,0.0,1.000833477719772,-0.7488874080096063,0.0,-0.6423889803846897
81.5,1700000081.5,1700000081500000000,15.12252199202838,-20.09130777531221,0.0,1.0045653887656105,-0.743873900398581,0.0,-0.6373889803846896
81.60000000000001,1700000081.6,1700000081600000000,15.223164080424233,-20.165443714581027,0.0,1.0082721857290513,-0.7388417959787884,0.0,-0.6323889803846889
81.7,1700000081.7,1700000081700000000,15.324175588948414,-20.239075518807237,0.0,1.0119537759403618,-0.7337912205525793,0.0,-0.6273889803846899
81.80000000000001,1700000081.8,1700000081800000000,15.425553992318543,-20.31220134719962,0.0,1.0156100673599808,-0.7287223003840728,0.0,-0.6223889803846891
81.9,1700000081.9,1700000081900000000,15.52729675607976,-20.384819371616235,0.0,1.019240968580812,-0.723635162196012,0.0,-0.6173889803846893
82.0,1700000082.0,1700000082000000000,15.629401336668288,-20.45692777661027,0.0,1.0228463888305135,-0.7185299331665856,0.0,-0.6123889803846895
82.10000000000001,1700000082.1,1700000082100000000,15.73186518147493,-20.528524759475353,0.0,1.0264262379737676,-0.7134067409262534,0.0,-0.6073889803846895
82.2,1700000082.2,1700000082200000000,15.834685728908907,-20.599608530290645,0.0,1.0299804265145323,-0.7082657135545546,0.0,-0.6023889803846894
82.30000000000001,1700000082.3,1700000082300000000,15.937860408461903,-20.670177311965585,0.0,1.0335088655982791,-0.7031069795769049,0.0,-0.5973889803846888
82.4,1700000082.4,1700000082400000000,16.04138664077225,-20.740229340284273,0.0,1.0370114670142137,-0.6979306679613875,0.0,-0.5923889803846896
82.5,1700000082.5,1700000082500000000,16.14526183768958,-20.809762863949683,0.0,1.0404881431974842,-0.6927369081155209,0.0,-0.5873889803846898
82.60000000000001,1700000082.6,1700000082600000000,16.249483402339393,-20.878776144627352,0.0,1.0439388072313676,-0.6875258298830305,0.0,-0.5823889803846891
82.7,1700000082.7,1700000082700000000,16.354048729187948,-20.947267456988826,0.0,1.0473633728494411,-0.6822975635406026,0.0,-0.5773889803846892
82.80000000000001,1700000082.8,1700000082800000000,16.458955204107554,-21.015235088754874,0.0,1.0507617544377437,-0.6770522397946223,0.0,-0.5723889803846894
82.9,1700000082.9,1700000082900000000,16.564200204441793,-21.08267734073825,0.0,1.0541338670369125,-0.6717899897779103,0.0,-0.5673889803846893
83.0,1700000083.0,1700000083000000000,16.66978109907114,-21.149592526886163,0.0,1.0574796263443083,-0.6665109450464429,0.0,-0.5623889803846894
83.10000000000001,1700000083.1,1700000083100000000,16.77569524847873,-21.215978974322443,0.0,1.060798948716122,-0.6612152375760636,0.0,-0.5573889803846898
83.2,1700000083.2,1700000083200000000,16.881940004816343,-21.281835023389363,0.0,1.064091751169468,-0.655902999759183,0.0,-0.5523889803846898
83.30000000000001,1700000083.3,1700000083300000000,16.98851271197062,-21.347159027689138,0.0,1.0673579513844569,-0.650574364401469,0.0,-0.547388980384689
83.4,1700000083.4,1700000083400000000,17.095410705629398,-21.41194935412504,0.0,1.070597467706252,-0.6452294647185299,0.0,-0.5423889803846889
83.5,1700000083.5,1700000083500000000,17.202631313348405,-21.47620438294228,0.0,1.0738102191471142,-0.6398684343325798,0.0,-0.5373889803846901
83.60000000000001,1700000083.6,1700000083600000000,17.310171854618087,-21.539922507768523,0.0,1.0769961253884262,-0.6344914072690956,0.0,-0.5323889803846893
83.7,1700000083.7,1700000083700000000,17.418029640930456,-21.60310213565393,0.0,1.0801551067826967,-0.6290985179534772,0.0,-0.5273889803846892
83.80000000000001,1700000083.8,1700000083800000000,17.52620197584649,-21.665741687111108,0.0,1.0832870843555553,-0.6236899012076754,0.0,-0.5223889803846895
83.9,1700000083.9,1700000083900000000,17.634686155063456,-21.727839596154528,0.0,1.0863919798077264,-0.6182656922468273,0.0,-0.5173889803846896
84.0,1700000084.0,1700000084000000000,17.743479466482512,-21.789394310339706,0.0,1.0894697155169852,-0.6128260266758743,0.0,-0.5123889803846896
84.10000000000001,1700000084.1,1700000084100000000,17.852579190276572,-21.850404290801993,0.0,1.0925202145400998,-0.6073710404861714,0.0,-0.5073889803846888
84.2,1700000084.2,1700000084200000000,17.961982598958155,-21.910868012295033,0.0,1.0955434006147518,-0.6019008700520923,0.0,-0.5023889803846899
84.30000000000001,1700000084.3,1700000084300000000,18.071686957447824,-21.97078396322898,0.0,1.098539198161449,-0.5964156521276088,0.0,-0.49738898038468915
84.4,1700000084.4,1700000084400000000,18.181689523142275,-22.03015064570814,0.0,1.101507532285407,-0.5909155238428864,0.0,-0.49238898038468926
84.5,1700000084.5,1700000084500000000,18.291987545983105,-22.088966575568566,0.0,1.1044483287784284,-0.5854006227008447,0.0,-0.4873889803846893
84.60000000000001,1700000084.6,1700000084600000000,18.402578268525495,-22.147230282415066,0.0,1.1073615141207533,-0.5798710865737251,0.0,-0.4823889803846894
84.7,1700000084.7,1700000084700000000,18.513458926007143,-22.204940309658006,0.0,1.1102470154829003,-0.5743270536996428,0.0,-0.4773889803846895
84.80000000000001,1700000084.8,1700000084800000000,18.624626746417402,-22.262095214549724,0.0,1.1131047607274862,-0.5687686626791298,0.0,-0.47238898038468874
84.9,1700000084.9,1700000084900000000,18.736078950566494,-22.31869356822054,0.0,1.115934678411027,-0.5631960524716753,0.0,-0.46738898038468973
85.0,1700000085.0,1700000085000000000,18.84781275215518,-22.37473395571459,0.0,1.1187366977857294,-0.557609362392241,0.0,-0.46238898038468995
85.10000000000001,1700000085.1,1700000085100000000,18.959825357844238,-22.430214976025105,0.0,1.1215107488012552,-0.552008732107788,0.0,-0.45738898038468906
85.2,1700000085.2,1700000085200000000,19.072113967324324,-22.485135242129452,0.0,1.1242567621064725,-0.5463943016337838,0.0,-0.4523889803846892
85.30000000000001,1700000085.3,1700000085300000000,19.184675773386065,-22.539493381023846,0.0,1.1269746690511924,-0.5407662113306968,0.0,-0.44738898038468927
85.4,1700000085.4,1700000085400000000,19.29750796199017,-22.59328803375764,0.0,1.129664401687882,-0.5351246019004914,0.0,-0.44238898038468943
85.5,1700000085.5,1700000085500000000,19.41060771233781,-22.64651785546733,0.0,1.1323258927733666,-0.5294696143831095,0.0,-0.43738898038468954
85.60000000000001,1700000085.6,1700000085600000000,19.52397219694111,-22.699181515410135,0.0,1.1349590757705068,-0.5238013901529445,0.0,-0.43238898038468965
85.7,1700000085.7,1700000085700000000,19.63759858169386,-22.751277696997306,0.0,1.1375638848498653,-0.5181200709153069,0.0,-0.4273889803846897
85.80000000000001,1700000085.8,1700000085800000000,19.751484025942382,-22.80280509782702,0.0,1.1401402548913508,-0.512425798702881,0.0,-0.42238898038468886
85.9,1700000085.9,1700000085900000000,19.865625682556455,-22.85376242971692,0.0,1.142688121485846,-0.5067187158721773,0.0,-0.4173889803846892
86.0,1700000086.0,1700000086000000000,19.980020698000615,-22.904148418736373,0.0,1.1452074209368186,-0.5009989650999693,0.0,-0.4123889803846901
86.10000000000001,1700000086.1,1700000086100000000,20.09466621240549,-22.953961805238297,0.0,1.1476980902619147,-0.49526668937972557,0.0,-0.4073889803846894
86.2,1700000086.2,1700000086200000000,20.209559359639133,-23.003201343890602,0.0,1.15016006719453,-0.48952203201804334,0.0,-0.4023889803846893
86.30000000000001,1700000086.3,1700000086300000000,20.324697267378866,-23.051865803707386,0.0,1.1525932901853693,-0.4837651366310567,0.0,-0.39738898038468956
86.4,1700000086.4,1700000086400000000,20.440077057182993,-23.0999539680797,0.0,1.154997698403985,-0.4779961471408503,0.0,-0.39238898038468956
86.5,1700000086.5,1700000086500000000,20.555695844562777,-23.14746463480593,0.0,1.1573732317402965,-0.47221520777186105,0.0,-0.38738898038468966
86.60000000000001,1700000086.6,1700000086600000000,20.67155073905458,-23.194396616121896,0.0,1.1597198308060948,-0.466422463047271,0.0,-0.38238898038468894
86.7,1700000086.7,1700000086700000000,20.787638844292008,-23.24074873873048,0.0,1.162037436936524,-0.4606180577853996,0.0,-0.37738898038468993
86.80000000000001,1700000086.8,1700000086800000000,20.90395725807856,-23.286519843831073,0.0,1.1643259921915536,-0.454802137096072,0.0,-0.3723889803846891
86.9,1700000086.9,1700000086900000000,21.02050307245989,-23.331708787148397,0.0,1.1665854393574198,-0.4489748463770056,0.0,-0.3673889803846892
87.0,1700000087.0,1700000087000000000,21.137273373796724,-23.376314438961234,0.0,1.1688157219480617,-0.4431363313101639,0.0,-0.36238898038468936
87.10000000000001,1700000087.1,1700000087100000000,21.25426524283761,-23.420335684130613,0.0,1.1710167842065307,-0.43728673785811945,0.0,-0.3573889803846894
87.2,1700000087.2,1700000087200000000,21.371475754791923,-23.463771422127696,0.0,1.1731885711063847,-0.4314262122604039,0.0,-0.3523889803846896
87.30000000000001,1700000087.3,1700000087300000000,21.488901979402982,-23.506620567061304,0.0,1.1753310283530651,-0.42555490102985083,0.0,-0.34738898038468885
87.4,1700000087.4,1700000087400000000,21.606540981021233,-23.548882047705025,0.0,1.1774441023852513,-0.4196729509489384,0.0,-0.3423889803846897
87.5,1700000087.5,1700000087500000000,21.724389818677814,-23.59055480752406,0.0,1.179527740376203,-0.41378050906610925,0.0,-0.3373889803846899
87.60000000000001,1700000087.6,1700000087600000000,21.842445546157933,-23.63163780470159,0.0,1.1815818902350796,-0.4078777226921033,0.0,-0.332388980384689
87.7,1700000087.7,1700000087700000000,21.9607052120745,-23.67213001216481,0.0,1.1836065006082406,-0.40196473939627486,0.0,-0.32738898038468917
87.80000000000001,1700000087.8,1700000087800000000,22.07916585994206,-23.712030417610645,0.0,1.1856015208805324,-0.3960417070028971,0.0,-0.3223889803846893
87.9,1700000087.9,1700000087900000000,22.19782452825057,-23.751338023531044,0.0,1.1875669011765522,-0.3901087735874714,0.0,-0.31738898038468943
88.0,1700000088.0,1700000088000000000,22.316678250539518,-23.7900518472379,0.0,1.189502592361895,-0.38416608747302416,0.0,-0.31238898038468954
88.10000000000001,1700000088.1,1700000088100000000,22.435724055472026,-23.828170920887644,0.0,1.1914085460443822,-0.37821379722639875,0.0,-0.3073889803846896
88.2,1700000088.2,1700000088200000000,22.554958966909172,-23.86569429150541,0.0,1.1932847145752705,-0.37225205165454134,0.0,-0.3023889803846897
88.30000000000001,1700000088.3,1700000088300000000,22.67438000398441,-23.902621021008898,0.0,1.195131051050445,-0.36628099980077955,0.0,-0.297388980384689
88.4,1700000088.4,1700000088400000000,22.793984181177983,-23.938950186231786,0.0,1.1969475093115893,-0.36030079094110096,0.0,-0.2923889803846891
88.5,1700000088.5,1700000088500000000,22.91376850839169,-23.974680878946828,0.0,1.1987340439473413,-0.3543115745804155,0.0,-0.2873889803846901
88.60000000000001,1700000088.6,1700000088600000000,23.033729991023655,-24.00981220588859,0.0,1.2004906102944295,-0.3483135004488172,0.0,-0.2823889803846893
88.7,1700000088.7,1700000088700000000,23.153865630043,-24.04434328877571,0.0,1.2022171644387856,-0.34230671849785,0.0,-0.27738898038468934
88.80000000000001,1700000088.8,1700000088800000000,23.274172422065025,-24.078273264332918,0.0,1.2039136632166458,-0.33629137889674876,0.0,-0.27238898038468945
88.9,1700000088.9,1700000088900000000,23.39464735942619,-24.11160128431259,0.0,1.2055800642156296,-0.3302676320286904,0.0,-0.26738898038468967
89.0,1700000089.0,1700000089000000000,23.51528743025935,-24.14432651551597,0.0,1.2072163257757986,-0.32423562848703263,0.0,-0.26238898038468966
89.10000000000001,1700000089.1,1700000089100000000,23.63608961856902,-24.17644813981398,0.0,1.2088224069906992,-0.31819551907154897,0.0,-0.25738898038468894
89.2,1700000089.2,1700000089200000000,23.757050904306734,-24.20796535416768,0.0,1.210398267708384,-0.31214745478466327,0.0,-0.2523889803846899
89.30000000000001,1700000089.3,1700000089300000000,23.87816826344673,-24.23887737064836,0.0,1.211943868532418,-0.30609158682766346,0.0,-0.24738898038468912
89.4,1700000089.4,1700000089400000000,23.999438668061273,-24.269183416457214,0.0,1.2134591708228606,-0.3000280665969363,0.0,-0.24238898038468917
89.5,1700000089.5,1700000089500000000,24.120859086396585,-24.298882733944673,0.0,1.2149441366972336,-0.2939570456801707,0.0,-0.2373889803846893
89.60000000000001,1700000089.6,1700000089600000000,24.242426482948535,-24.32797458062935,0.0,1.2163987290314673,-0.2878786758525733,0.0,-0.2323889803846894
89.7,1700000089.7,1700000089700000000,24.364137818538534,-24.35645822921659,0.0,1.2178229114608294,-0.2817931090730733,0.0,-0.22738898038468952
89.80000000000001,1700000089.8,1700000089800000000,24.48599005038956,-24.38433296761667,0.0,1.2192166483808333,-0.2757004974805221,0.0,-0.22238898038468874
89.9,1700000089.9,1700000089900000000,24.60798013220209,-24.411598098962564,0.0,1.2205799049481283,-0.2696009933898954,0.0,-0.2173889803846897
90.0,1700000090.0,1700000090000000000,24.730105014230507,-24.438252941627425,0.0,1.2219126470813713,-0.2634947492884746,0.0,-0.21238898038468984
90.10000000000001,1700000090.1,1700000090100000000,24.852361643359117,-24.464296829241576,0.0,1.223214841462079,-0.2573819178320442,0.0,-0.2073889803846891
90.2,1700000090.2,1700000090200000000,24.97474696317851,-24.489729110709174,0.0,1.2244864555354587,-0.2512626518410744,0.0,-0.20238898038468925
90.30000000000001,1700000090.3,1700000090300000000,25.097257914062098,-24.51454915022451,0.0,1.2257274575112256,-0.24513710429689506,0.0,-0.19738898038468924
90.4,1700000090.4,1700000090400000000,25.21989143324248,-24.53875632728789,0.0,1.2269378163643945,-0.23900542833787594,0.0,-0.19238898038468943
90.5,1700000090.5,1700000090500000000,25.34264445488807,-24.562350036721142,0.0,1.228117501836057,-0.23286777725559651,0.0,-0.1873889803846895
90.60000000000001,1700000090.6,1700000090600000000,25.465513910179716,-24.58532968868277,0.0,1.2292664844341386,-0.22672430449101422,0.0,-0.1823889803846896
90.7,1700000090.7,1700000090700000000,25.588496727387437,-24.60769470868266,0.0,1.230384735434133,-0.22057516363062823,0.0,-0.17738898038468973
90.80000000000001,1700000090.8,1700000090800000000,25.71158983194723,-24.62944453759649,0.0,1.2314722268798244,-0.21442050840263863,0.0,-0.17238898038468894
90.9,1700000090.9,1700000090900000000,25.834790146537845,-24.65057863167966,0.0,1.232528931583983,-0.2082604926731078,0.0,-0.16738898038468908
91.0,1700000091.0,1700000091000000000,25.95809459115784,-24.671096462580913,0.0,1.2335548231290456,-0.20209527044210812,0.0,-0.16238898038469005
91.10000000000001,1700000091.1,1700000091100000000,26.08150008320258,-24.690997517355566,0.0,1.2345498758677782,-0.19592499583987097,0.0,-0.15738898038468926
91.2,1700000091.2,1700000091200000000,26.20500353754113,-24.710281298478264,0.0,1.2355140649239131,-0.18974982312294336,0.0,-0.15238898038468934
91.30000000000001,1700000091.3,1700000091300000000,26.32860186659359,-24.728947323855497,0.0,1.2364473661927748,-0.18356990667032047,0.0,-0.1473889803846895
91.4,1700000091.4,1700000091400000000,26.452291980408166,-24.746995126837597,0.0,1.2373497563418798,-0.1773854009795917,0.0,-0.14238898038468958
91.5,1700000091.5,1700000091500000000,26.576070786738455,-24.764424256230434,0.0,1.2382212128115215,-0.1711964606630773,0.0,-0.13738898038468966
91.60000000000001,1700000091.6,1700000091600000000,26.699935191120765,-24.781234276306677,0.0,1.239061713815334,-0.16500324044396175,0.0,-0.1323889803846889
91.7,1700000091.7,1700000091700000000,26.823882096951376,-24.797424766816693,0.0,1.2398712383408348,-0.15880589515243113,0.0,-0.1273889803846899
91.80000000000001,1700000091.8,1700000091800000000,26.947908405564185,-24.812995322999083,0.0,1.240649766149954,-0.15260457972179067,0.0,-0.12238898038468914
91.9,1700000091.9,1700000091900000000,27.072011016307872,-24.82794555559073,0.0,1.2413972777795366,-0.1463994491846064,0.0,-0.11738898038468921
92.0,1700000092.0,1700000092000000000,27.196186826623652,-24.842275090836612,0.0,1.2421137545418306,-0.14019065866881747,0.0,-0.11238898038468934
92.10000000000001,1700000092.1,1700000092100000000,27.320432732122732,-24.85598357049909,0.0,1.2427991785249546,-0.13397836339386343,0.0,-0.10738898038468943
92.2,1700000092.2,1700000092200000000,27.44474562666395,-24.86907065186689,0.0,1.2434535325933445,-0.12776271866680258,0.0,-0.10238898038468953
92.30000000000001,1700000092.3,1700000092300000000,27.569122402431436,-24.881536007763653,0.0,1.2440768003881828,-0.12154387987842825,0.0,-0.09738898038468875
92.4,1700000092.4,1700000092400000000,27.693559950012208,-24.893379326556133,0.0,1.2446689663278068,-0.11532200249938958,0.0,-0.09238898038468975
92.5,1700000092.5,1700000092500000000,27.818055158474127,-24.904600312161982,0.0,1.245230015608099,-0.10909724207629366,0.0,-0.08738898038468985
92.60000000000001,1700000092.6,1700000092600000000,27.94260491544346,-24.915198684057138,0.0,1.245759934202857,-0.10286975422782688,0.0,-0.08238898038468909
92.7,1700000092.7,1700000092700000000,28.067206107182734,-24.925174177282862,0.0,1.246258708864143,-0.09663969464086328,0.0,-0.07738898038468917
92.80000000000001,1700000092.8,1700000092800000000,28.19185561866866,-24.934526542452335,0.0,1.2467263271226168,-0.09040721906656699,0.0,-0.07238898038468927
92.9,1700000092.9,1700000092900000000,28.316550333669944,-24.94325554575692,0.0,1.247162777287846,-0.08417248331650276,0.0,-0.0673889803846894
93.0,1700000093.0,1700000093000000000,28.44128713482521,-24.951360968971986,0.0,1.2475680484485994,-0.07793564325873957,0.0,-0.06238898038468949
93.10000000000001,1700000093.1,1700000093100000000,28.56606290372092,-24.95884260946238,0.0,1.2479421304731189,-0.07169685481395406,0.0,-0.057388980384689606
93.2,1700000093.2,1700000093200000000,28.690874520969352,-24.965700280187473,0.0,1.2482850140093735,-0.06545627395153242,0.0,-0.05238898038468972
93.30000000000001,1700000093.3,1700000093300000000,28.8157188662866,-24.971933809705856,0.0,1.2485966904852928,-0.059214056685670056,0.0,-0.04738898038468893
93.4,1700000093.4,1700000093400000000,28.940592818570487,-24.97754304217962,0.0,1.248877152108981,-0.052970359071475716,0.0,-0.04238898038468904
93.5,1700000093.5,1700000093500000000,29.06549325597871,-24.98252783737824,0.0,1.249126391868912,-0.04672533720106459,0.0,-0.037388980384690046
93.60000000000001,1700000093.6,1700000093600000000,29.190417056006904,-24.9868880706821,0.0,1.249344403534105,-0.0404791471996548,0.0,-0.03238898038468925
93.7,1700000093.7,1700000093700000000,29.315361095566512,-24.990623633085594,0.0,1.2495311816542796,-0.03423194522167443,0.0,-0.027388980384689364
93.80000000000001,1700000093.8,1700000093800000000,29.440322251063073,-24.993734431199847,0.0,1.2496867215599925,-0.02798388744684643,0.0,-0.02238898038468947
93.9,1700000093.9,1700000093900000000,29.565297398474204,-24.996220387255082,0.0,1.249811019362754,-0.02173513007628975,0.0,-0.017388980384689574
94.0,1700000094.0,1700000094000000000,29.690283413427736,-24.99808143910252,0.0,1.249904071955126,-0.0154858293286132,0.0,-0.012388980384689682
94.10000000000001,1700000094.1,1700000094100000000,29.815277171279824,-24.999317540215966,0.0,1.2499658770107982,-0.009236141436008876,0.0,-0.0073889803846888995
94.2,1700000094.2,1700000094200000000,29.94027554719296,-24.999928659692948,0.0,1.2499964329846476,-0.002986222640351923,0.0,-0.002388980384689893
94.30000000000001,1700000094.3,1700000094300000000,30.065275416214355,-24.99991478225552,0.0,1.249995739112776,0.0032637708107177274,0.0,0.002611019615310888
94.4,1700000094.4,1700000094400000000,30.19027365335372,-24.999275908250613,0.0,1.2499637954125307,0.009513682667685989,0.0,0.007611019615310781
94.5,1700000094.5,1700000094500000000,30.31526713366166,-24.998012053650044,0.0,1.2499006026825021,0.015763356683083058,0.0,0.012611019615310675
94.60000000000001,1700000094.6,1700000094600000000,30.44025273230768,-24.996123250050108,0.0,1.2498061625025054,0.022012636615384062,0.0,0.017611019615310572
94.7,1700000094.7,1700000094700000000,30.565227324658323,-24.993609544670807,0.0,1.2496804772335404,0.02826136623291617,0.0,0.022611019615310462
94.80000000000001,1700000094.8,1700000094800000000,30.69018778635531,-24.990471000354635,0.0,1.2495235500177317,0.03450938931776551,0.0,0.02761101961531124
94.9,1700000094.9,1700000094900000000,30.81513099339354,-24.98670769556504,0.0,1.249335384778252,0.04075654966967705,0.0,0.03261101961531025
95.0,1700000095.0,1700000095000000000,30.940053822199413,-24.98231972438445,0.0,1.2491159862192225,0.04700269110997069,0.0,0.03761101961531014
95.10000000000001,1700000095.1,1700000095100000000,31.064953149708714,-24.97730719651191,0.0,1.2488653598255954,0.05324765748543575,0.0,0.04261101961531092
95.2,1700000095.2,1700000095200000000,31.189825853444717,-24.971670237260355,0.0,1.2485835118630177,0.05949129267223588,0.0,0.047611019615310814
95.30000000000001,1700000095.3,1700000095300000000,31.314668811596356,-24.965408987553474,0.0,1.2482704493776737,0.0657334405798177,0.0,0.05261101961531071
95.4,1700000095.4,1700000095400000000,31.439478903096173,-24.95852360392219,0.0,1.2479261801961095,0.07197394515480864,0.0,0.0576110196153106
95.5,1700000095.5,1700000095500000000,31.564253007698387,-24.951014258500727,0.0,1.2475507129250363,0.07821265038491934,0.0,0.0626110196153105
95.60000000000001,1700000095.6,1700000095600000000,31.68898800605688,-24.942881139022333,0.0,1.2471440569511167,0.084449400302844,0.0,0.0676110196153104
95.7,1700000095.7,1700000095700000000,31.81368077980319,-24.934124448814572,0.0,1.2467062224407286,0.09068403899015949,0.0,0.07261101961531029
95.80000000000001,1700000095.8,1700000095800000000,31.93832821162449,-24.924744406794236,0.0,1.2462372203397118,0.09691641058122447,0.0,0.07761101961531107
95.9,1700000095.9,1700000095900000000,32.06292718534143,-24.9147412474619,0.0,1.245737062373095,0.10314635926707151,0.0,0.08261101961531095
96.0,1700000096.0,1700000096000000000,32.18747458598618,-24.904115220896013,0.0,1.2452057610448006,0.1093737292993091,0.0,0.08761101961531086
96.10000000000001,1700000096.1,1700000096100000000,32.311967299880216,-24.8928665927467,0.0,1.244643329637335,0.11559836499401073,0.0,0.09261101961531074
96.2,1700000096.2,1700000096200000000,32.43640221471217,-24.880995644229063,0.0,1.2440497822114533,0.12182011073560828,0.0,0.09761101961531064
96.30000000000001,1700000096.3,1700000096300000000,32.56077621961567,-24.868502672116204,0.0,1.2434251336058102,0.12803881098078332,0.0,0.10261101961531145
96.4,1700000096.4,1700000096400000000,32.685086205247,-24.855387988731785,0.0,1.2427693994365892,0.1342543102623503,0.0,0.10761101961531043
96.5,1700000096.5,1700000096500000000,32.80932906386308,-24.84165192194219,0.0,1.2420825960971096,0.14046645319315426,0.0,0.11261101961531032
96.60000000000001,1700000096.6,1700000096600000000,32.93350168939891,-24.82729481514838,0.0,1.241364740757419,0.14667508446994543,0.0,0.11761101961531109
96.7,1700000096.7,1700000096700000000,33.05760097754526,-24.812317027277285,0.0,1.240615851363864,0.15288004887726306,0.0,0.122611019615311
96.80000000000001,1700000096.8,1700000096800000000,33.18162382582643,-24.796718932772812,0.0,1.2398359466386406,0.15908119129132126,0.0,0.12761101961531088
96.9,1700000096.9,1700000096900000000,33.305567133677656,-24.780500921586516,0.0,1.2390250460793257,0.16527835668388266,0.0,0.13261101961531077
97.0,1700000097.0,1700000097000000000,33.4294278025227,-24.76366339916783,0.0,1.2381831699583914,0.17147139012613521,0.0,0.13761101961531066
97.10000000000001,1700000097.1,1700000097100000000,33.55320273585131,-24.746206786453932,0.0,1.2373103393226967,0.1776601367925654,0.0,0.14261101961531056
97.2,1700000097.2,1700000097200000000,33.67688883929658,-24.728131519859247,0.0,1.2364065759929623,0.18384444196482888,0.0,0.14761101961531045
97.30000000000001,1700000097.3,1700000097300000000,33.80048302071239,-24.709438051264478,0.0,1.2354719025632237,0.1900241510356196,0.0,0.15261101961531126
97.4,1700000097.4,1700000097400000000,33.923982190250605,-24.690126848005377,0.0,1.234506342400269,0.1961991095125304,0.0,0.15761101961531113
97.5,1700000097.5,1700000097500000000,34.04738326043842,-24.67019839286103,0.0,1.2335099196430515,0.20236916302192096,0.0,0.16261101961531013
97.60000000000001,1700000097.6,1700000097600000000,34.17068314625556,-24.649653184041753,0.0,1.2324826592020877,0.20853415731277825,0.0,0.16761101961531094
97.7,1700000097.7,1700000097700000000,34.293878765211254,-24.628491735176716,0.0,1.2314245867588358,0.2146939382605627,0.0,0.17261101961531083
97.80000000000001,1700000097.8,1700000097800000000,34.41696703742145,-24.606714575301034,0.0,1.2303357287650516,0.22084835187107268,0.0,0.17761101961531073
97.9,1700000097.9,1700000097900000000,34.53994488568577,-24.584322248842565,0.0,1.2292161124421284,0.22699724428428836,0.0,0.1826110196153106
98.0,1700000098.0,1700000098000000000,34.662809235564396,-24.56131531560831,0.0,1.2280657657804155,0.2331404617782197,0.0,0.18761101961531051
98.10000000000001,1700000098.1,1700000098100000000,34.785557015455005,-24.537694350770394,0.0,1.2268847175385198,0.2392778507727504,0.0,0.19261101961531132
98.2,1700000098.2,1700000098200000000,34.90818515666944,-24.513459944851725,0.0,1.2256729972425862,0.24540925783347198,0.0,0.1976110196153103
98.30000000000001,1700000098.3,1700000098300000000,35.030690593510634,-24.48861270371116,0.0,1.224430635185558,0.2515345296755316,0.0,0.20261101961531106
98.4,1700000098.4,1700000098400000000,35.15307026334898,-24.463153248528457,0.0,1.2231576624264229,0.257653513167449,0.0,0.20761101961531095
98.5,1700000098.5,1700000098500000000,35.27532110669913,-24.437082215788664,0.0,1.2218541107894332,0.2637660553349567,0.0,0.21261101961531087
98.60000000000001,1700000098.6,1700000098600000000,35.39744006729637,-24.41040025726624,0.0,1.220520012863312,0.26987200336481876,0.0,0.21761101961531074
98.7,1700000098.7,1700000098700000000,35.519424092173054,-24.383108040008757,0.0,1.2191554020004378,0.2759712046086526,0.0,0.22261101961531066
98.80000000000001,1700000098.8,1700000098800000000,35.64127013173491,-24.355206246320222,0.0,1.217760312316011,0.2820635065867457,0.0,0.22761101961531144
98.9,1700000098.9,1700000098900000000,35.76297513983726,-24.326695573744036,0.0,1.2163347786872019,0.2881487569918628,0.0,0.2326110196153104
99.0,1700000099.0,1700000099000000000,35.88453607386128,-24.29757673504552,0.0,1.214878836752276,0.294226803693064,0.0,0.23761101961531034
99.10000000000001,1700000099.1,1700000099100000000,36.005949894789964,-24.26785045819412,0.0,1.213392522909706,0.3002974947394981,0.0,0.24261101961531104
99.2,1700000099.2,1700000099200000000,36.127213567284066,-24.237517486345215,0.0,1.2118758743172606,0.3063606783642032,0.0,0.24761101961531098
99.30000000000001,1700000099.3,1700000099300000000,36.24832405975811,-24.206578577821524,0.0,1.2103289288910761,0.3124162029879055,0.0,0.2526110196153109
99.4,1700000099.4,1700000099400000000,36.36927834445609,-24.175034506094146,0.0,1.2087517253047073,0.31846391722280476,0.0,0.2576110196153108
99.5,1700000099.5,1700000099500000000,36.490073397527205,-24.14288605976323,0.0,1.2071443029881614,0.3245036698763601,0.0,0.2626110196153107
99.60000000000001,1700000099.6,1700000099600000000,36.610706199101394,-24.110134042538263,0.0,1.205506702126913,0.33053530995506974,0.0,0.26761101961531064
99.7,1700000099.7,1700000099700000000,36.73117373336492,-24.076779273217966,0.0,1.2038389636608984,0.3365586866682458,0.0,0.2726110196153104
99.80000000000001,1700000099.8,1700000099800000000,36.851472988635706,-24.04282258566983,0.0,1.2021411292834914,0.3425736494317854,0.0,0.27761101961531137
99.9,1700000099.9,1700000099900000000,36.97160095743861,-24.00826482880929,0.0,1.2004132414404645,0.3485800478719304,0.0,0.28261101961531115
100.0,1700000100.0,1700000100000000000,37.09155463658065,-23.973106866578462,0.0,1.198655343328923,0.3545777318290328,0.0,0.2876110196153101
100.10000000000001,1700000100.1,1700000100100000000,37.21133102722618,-23.937349577924557,0.0,1.196867478896228,0.3605665513613092,0.0,0.292611019615311
100.2,1700000100.2,1700000100200000000,37.3309271349716,-23.900993856777948,0.0,1.1950496928388974,0.36654635674857994,0.0,0.2976110196153107
100.30000000000001,1700000100.3,1700000100300000000,37.450339969920456,-23.864040612029758,0.0,1.1932020306014879,0.372516998496023,0.0,0.3026110196153107
100.4,1700000100.4,1700000100400000000,37.56956654675811,-23.82649076750919,0.0,1.1913245383754594,0.3784783273379055,0.0,0.3076110196153106
100.5,1700000100.5,1700000100500000000,37.688603884826335,-23.78834526196039,0.0,1.1894172630980195,0.3844301942413169,0.0,0.31261101961531046
100.60000000000001,1700000100.6,1700000100600000000,37.80744900819791,-23.749605049019014,0.0,1.1874802524509507,0.39037245040989577,0.0,0.31761101961531124
100.7,1700000100.7,1700000100700000000,37.92609894575089,-23.710271097188382,0.0,1.1855135548594191,0.3963049472875442,0.0,0.3226110196153103
100.80000000000001,1700000100.8,1700000100800000000,38.04455073124306,-23.670344389815217,0.0,1.1835172194907608,0.4022275365621533,0.0,0.32761101961531097
100.9,1700000100.9,1700000100900000000,38.162801403385934,-23.62982592506514,0.0,1.1814912962532569,0.4081400701692967,0.0,0.33261101961531103
101.0,1700000101.0,1700000101000000000,38.28084800591886,-23.588716715897657,0.0,1.1794358357948829,0.41404240029594314,0.0,0.3376110196153108
101.10000000000001,1700000101.1,1700000101100000000,38.39868758768294,-23.547017790040854,0.0,1.1773508895020428,0.41993437938414696,0.0,0.3426110196153107
101.2,1700000101.2,1700000101200000000,38.51631720269475,-23.50473018996571,0.0,1.1752365094982855,0.4258158601347376,0.0,0.34761101961531055
101.30000000000001,1700000101.3,1700000101300000000,38.63373391022008,-23.461854972860007,0.0,1.1730927486430005,0.43168669551100386,0.0,0.3526110196153114
101.4,1700000101.4,1700000101400000000,38.75093477484728,-23.418393210601973,0.0,1.1709196605300987,0.43754673874236394,0.0,0.35761101961531044
101.5,1700000101.5,1700000101500000000,38.867916866560904,-23.37434598973337,0.0,1.1687172994866686,0.4433958433280454,0.0,0.36261101961531034
101.60000000000001,1700000101.6,1700000101600000000,38.98467726081476,-23.32971441143243,0.0,1.1664857205716215,0.4492338630407382,0.0,0.3676110196153112
101.7,1700000101.7,1700000101700000000,39.101213038605025,-23.284499591486302,0.0,1.1642249795743151,0.4550606519302514,0.0,0.37261101961531096
101.80000000000001,1700000101.8,1700000101800000000,39.21752128654335,-23.23870266026312,0.0,1.161935133013156,0.46087606432716755,0.0,0.37761101961531085
101.9,1700000101.9,1700000101900000000,39.33359909692959,-23.19232476268378,0.0,1.1596162381341888,0.4666799548464794,0.0,0.3826110196153108
102.0,1700000102.0,1700000102000000000,39.44944356782453,-23.145367058193305,0.0,1.1572683529096652,0.47247217839122635,0.0,0.3876110196153106
102.10000000000001,1700000102.1,1700000102100000000,39.56505180312243,-23.097830720731857,0.0,1.1548915360365928,0.47825259015612137,0.0,0.3926110196153106
102.2,1700000102.2,1700000102200000000,39.68042091262343,-23.049716938705405,0.0,1.1524858469352703,0.48402104563117154,0.0,0.3976110196153106
102.30000000000001,1700000102.3,1700000102300000000,39.795548012105826,-23.001026914955986,0.0,1.1500513457477992,0.48977740060529124,0.0,0.40261101961531126
102.4,1700000102.4,1700000102400000000,39.91043022339808,-22.951761866731665,0.0,1.1475880933365832,0.49552151116990406,0.0,0.40761101961531115
102.5,1700000102.5,1700000102500000000,40.0250646744509,-22.90192302565609,0.0,1.1450961512828046,0.501253233722545,0.0,0.41261101961531016
102.60000000000001,1700000102.6,1700000102600000000,40.139448499409035,-22.851511637697666,0.0,1.1425755818848833,0.5069724249704519,0.0,0.4176110196153109
102.7,1700000102.7,1700000102700000000,40.25357883868276,-22.800528963138486,0.0,1.1400264481569242,0.5126789419341382,0.0,0.42261101961531083
102.80000000000001,1700000102.8,1700000102800000000,40.36745283901956,-22.748976276542756,0.0,1.137448813827138,0.5183726419509783,0.0,0.4276110196153107
102.9,1700000102.9,1700000102900000000,40.481067653575366,-22.696854866724955,0.0,1.1348427433362478,0.5240533826787681,0.0,0.4326110196153106
103.0,1700000103.0,1700000103000000000,40.594420441985704,-22.64416603671761,0.0,1.1322083018358806,0.5297210220992853,0.0,0.4376110196153105
103.10000000000001,1700000103.1,1700000103100000000,40.70750837043681,-22.590911103738723,0.0,1.1295455551869362,0.5353754185218407,0.0,0.4426110196153113
103.2,1700000103.2,1700000103200000000,40.8203286117363,-22.53709139915887,0.0,1.1268545699579435,0.541016430586815,0.0,0.44761101961531025
103.30000000000001,1700000103.3,1700000103300000000,40.9328783453841,-22.482708268467825,0.0,1.1241354134233912,0.5466439172692048,0.0,0.452611019615311
103.4,1700000103.4,1700000103400000000,41.045154757642656,-22.42776307124105,0.0,1.1213881535620525,0.5522577378821327,0.0,0.4576110196153109
103.5,1700000103.5,1700000103500000000,41.15715504160754,-22.372257181105606,0.0,1.1186128590552804,0.5578577520803771,0.0,0.4626110196153109
103.60000000000001,1700000103.6,1700000103600000000,41.26887639727749,-22.316191985705856,0.0,1.115809599285293,0.5634438198638745,0.0,0.4676110196153107
103.7,1700000103.7,1700000103700000000,41.380316031624425,-22.259568886668767,0.0,1.1129784443334383,0.5690158015812212,0.0,0.4726110196153106
103.80000000000001,1700000103.8,1700000103800000000,41.491471158663316,-22.202389299568846,0.0,1.1101194649784425,0.5745735579331658,0.0,0.4776110196153114
103.9,1700000103.9,1700000103900000000,41.60233899952171,-22.144654653892832,0.0,1.1072327326946416,0.5801169499760855,0.0,0.4826110196153105
104.0,1700000104.0,1700000104000000000,41.712916782509424,-22.08636639300383,0.0,1.1043183196501913,0.5856458391254714,0.0,0.48761101961531045
104.10000000000001,1700000104.1,1700000104100000000,41.82320174318765,-22.02752597410532,0.0,1.101376298705266,0.5911600871593824,0.0,0.49261101961531106
104.2,1700000104.2,1700000104200000000,41.93319112443806,-21.968134868204736,0.0,1.0984067434102367,0.596659556221903,0.0,0.49761101961531096
104.30000000000001,1700000104.3,1700000104300000000,42.04288217653188,-21.90819456007662,0.0,1.0954097280038309,0.6021441088265942,0.0,0.502611019615311
104.4,1700000104.4,1700000104400000000,42.152272157198524,-21.84770654822555,0.0,1.0923853274112774,0.6076136078599261,0.0,0.5076110196153107
104.5,1700000104.5,1700000104500000000,42.26135833169417,-21.786672344848675,0.0,1.0893336172424337,0.6130679165847083,0.0,0.5126110196153107
104.60000000000001,1700000104.6,1700000104600000000,42.370137972870126,-21.7250934757979,0.0,1.086254673789895,0.6185068986435063,0.0,0.5176110196153105
104.7,1700000104.7,1700000104700000000,42.478608361241044,-21.66297148054175,0.0,1.0831485740270874,0.6239304180620522,0.0,0.5226110196153105
104.80000000000001,1700000104.8,1700000104800000000,42.58676678505287,-21.600307912126848,0.0,1.0800153956063423,0.6293383392526437,0.0,0.5276110196153113
104.9,1700000104.9,1700000104900000000,42.694610540350624,-21.53710433713917,0.0,1.0768552168569585,0.634730527017531,0.0,0.5326110196153112
105.0,1700000105.0,1700000105000000000,42.80213693104602,-21.4733623356648,0.0,1.07366811678324,0.6401068465523009,0.0,0.5376110196153103
105.10000000000001,1700000105.1,1700000105100000000,42.909343268984955,-21.40908350125042,0.0,1.070454175062521,0.6454671634492476,0.0,0.5426110196153109
105.2,1700000105.2,1700000105200000000,43.01622687401451,-21.344269440863574,0.0,1.0672134720431785,0.6508113437007252,0.0,0.5476110196153108
105.30000000000001,1700000105.3,1700000105300000000,43.122785074050135,-21.278921774852385,0.0,1.0639460887426193,0.6561392537025068,0.0,0.5526110196153108
105.4,1700000105.4,1700000105400000000,43.22901520514239,-21.213042136905102,0.0,1.060652106845255,0.6614507602571196,0.0,0.5576110196153107
105.5,1700000105.5,1700000105500000000,43.33491461154353,-21.14663217400924,0.0,1.057331608700462,0.6667457305771765,0.0,0.5626110196153106
105.60000000000001,1700000105.6,1700000105600000000,43.440480645773924,-21.079693546410404,0.0,1.0539846773205204,0.6720240322886962,0.0,0.5676110196153112
105.7,1700000105.7,1700000105700000000,43.54571066868816,-21.012227927570834,0.0,1.0506113963785417,0.6772855334344081,0.0,0.5726110196153102
105.80000000000001,1700000105.8,1700000105800000000,43.65060204954123,-20.944237004127434,0.0,1.0472118502063716,0.6825301024770614,0.0,0.5776110196153109
105.9,1700000105.9,1700000105900000000,43.755152166054,-20.875722475849788,0.0,1.0437861237924893,0.6877576083027002,0.0,0.5826110196153109
106.0,1700000106.0,1700000106000000000,43.85935840447904,-20.80668605559752,0.0,1.040334302779876,0.6929679202239519,0.0,0.5876110196153109
106.10000000000001,1700000106.1,1700000106100000000,43.9632181596658,-20.737129469277544,0.0,1.0368564734638772,0.6981609079832901,0.0,0.5926110196153107
106.2,1700000106.2,1700000106200000000,44.06672883512583,-20.667054455800894,0.0,1.0333527227900445,0.7033364417562914,0.0,0.5976110196153107
106.30000000000001,1700000106.3,1700000106300000000,44.169887843097634,-20.596462767039245,0.0,1.0298231383519623,0.7084943921548816,0.0,0.6026110196153115
106.4,1700000106.4,1700000106400000000,44.272692604611336,-20.525356167781176,0.0,1.0262678083890588,0.713634630230567,0.0,0.6076110196153105
106.5,1700000106.5,1700000106500000000,44.37514054955332,-20.453736435687926,0.0,1.0226868217843963,0.718757027477666,0.0,0.6126110196153105
106.60000000000001,1700000106.6,1700000106600000000,44.47722911673028,-20.381605361249076,0.0,1.0190802680624538,0.7238614558365141,0.0,0.6176110196153111
106.7,1700000106.7,1700000106700000000,44.57895575393333,-20.308964747737743,0.0,1.0154482373868872,0.7289477876966665,0.0,0.622611019615311
106.80000000000001,1700000106.8,1700000106800000000,44.68031791800185,-20.235816411165473,0.0,1.0117908205582737,0.7340158959000924,0.0,0.6276110196153111
106.9,1700000106.9,1700000106900000000,44.78131307488702,-20.162162180236876,0.0,1.0081081090118438,0.7390656537443507,0.0,0.6326110196153107
107.0,1700000107.0,1700000107000000000,44.88193869971517,-20.08800389630388,0.0,1.0044001948151942,0.7440969349857585,0.0,0.6376110196153105
107.10000000000001,1700000107.1,1700000107100000000,44.98219227685093,-20.01334341331973,0.0,1.0006671706659866,0.7491096138425467,0.0,0.6426110196153105
107.2,1700000107.2,1700000107200000000,45.0820712999601,-19.938182597792604,0.0,0.9969091298896303,0.7541035649980049,0.0,0.6476110196153105
107.30000000000001,1700000107.3,1700000107300000000,45.1815732720723,-19.86252332873897,0.0,0.9931261664369485,0.7590786636036151,0.0,0.6526110196153112
107.4,1700000107.4,1700000107400000000,45.280695705643396,-19.786367497636636,0.0,0.9893183748818318,0.7640347852821698,0.0,0.6576110196153111
107.5,1700000107.5,1700000107500000000,45.3794361226177,-19.70971700837741,0.0,0.9854858504188706,0.7689718061308849,0.0,0.6626110196153101
107.60000000000001,1700000107.6,1700000107600000000,45.47779205448998,-19.632573777219502,0.0,0.981628688860975,0.7738896027244991,0.0,0.667611019615311
107.7,1700000107.7,1700000107700000000,45.57576104236702,-19.554939732739697,0.0,0.9777469866369849,0.7787880521183511,0.0,0.6726110196153109
107.80000000000001,1700000107.8,1700000107800000000,45.67334063702924,-19.476816815785064,0.0,0.9738408407892531,0.783667031851462,0.0,0.6776110196153108
107.9,1700000107.9,1700000107900000000,45.77052839899185,-19.398206979424454,0.0,0.9699103489712226,0.7885264199495924,0.0,0.6826110196153105
108.0,1700000108.0,1700000108000000000,45.86732189856587,-19.31911218889968,0.0,0.9659556094449839,0.7933660949282934,0.0,0.6876110196153107
108.10000000000001,1700000108.1,1700000108100000000,45.96371871591886,-19.23953442157637,0.0,0.9619767210788186,0.7981859357959429,0.0,0.6926110196153114
108.2,1700000108.2,1700000108200000000,46.059716441135365,-19.15947566689461,0.0,0.9579737833447305,0.802985822056768,0.0,0.6976110196153102
108.30000000000001,1700000108.3,1700000108300000000,46.15531267427731,-19.078937926319036,0.0,0.9539468963159516,0.8077656337138656,0.0,0.7026110196153112
108.4,1700000108.4,1700000108400000000,46.250505025443815,-18.99792321328901,0.0,0.9498961606644506,0.8125252512721904,0.0,0.7076110196153108
108.5,1700000108.5,1700000108500000000,46.345291114831056,-18.91643355316813,0.0,0.9458216776584065,0.8172645557415527,0.0,0.7126110196153108
108.60000000000001,1700000108.6,1700000108600000000,46.439668572791746,-18.83447098319365,0.0,0.9417235491596825,0.8219834286395871,0.0,0.7176110196153107
108.7,1700000108.7,1700000108700000000,46.53363503989434,-18.75203755242555,0.0,0.9376018776212774,0.8266817519947172,0.0,0.7226110196153107
108.80000000000001,1700000108.8,1700000108800000000,46.62718816698209,-18.669135321695293,0.0,0.9334567660847647,0.8313594083491044,0.0,0.7276110196153114
108.9,1700000108.9,1700000108900000000,46.72032561523162,-18.585766363554374,0.0,0.9292883181777187,0.8360162807615812,0.0,0.7326110196153105
109.0,1700000109.0,1700000109000000000,46.81304505621165,-18.50193276222236,0.0,0.925096638111118,0.8406522528105824,0.0,0.7376110196153104
109.10000000000001,1700000109.1,1700000109100000000,46.90534417194095,-18.417636613534917,0.0,0.9208818306767458,0.845267208597048,0.0,0.7426110196153111
109.2,1700000109.2,1700000109200000000,46.997220654946446,-18.3328800248914,0.0,0.9166440012445699,0.8498610327473222,0.0,0.7476110196153108
109.30000000000001,1700000109.3,1700000109300000000,47.08867220832082,-18.247665115202096,0.0,0.9123832557601048,0.8544336104160412,0.0,0.752611019615311
109.4,1700000109.4,1700000109400000000,47.17969654578003,-18.16199401483531,0.0,0.9080997007417656,0.8589848272890015,0.0,0.7576110196153106
109.5,1700000109.5,1700000109500000000,47.27029139172037,-18.075868865564093,0.0,0.9037934432782047,0.8635145695860185,0.0,0.7626110196153107
109.60000000000001,1700000109.6,1700000109600000000,47.360454481275404,-17.989291820512687,0.0,0.8994645910256344,0.8680227240637703,0.0,0.7676110196153105
109.7,1700000109.7,1700000109700000000,47.45018356037261,-17.90226504410271,0.0,0.8951132522051354,0.8725091780186301,0.0,0.7726110196153106
109.80000000000001,1700000109.8,1700000109800000000,47.53947638578967,-17.81479071199902,0.0,0.890739535599951,0.8769738192894834,0.0,0.7776110196153112
109.9,1700000109.9,1700000109900000000,47.62833072521059,-17.726871011055405,0.0,0.8863435505527701,0.8814165362605293,0.0,0.7826110196153111
110.0,1700000110.0,1700000110000000000,47.7167443572815,-17.638508139259798,0.0,0.8819254069629899,0.885837217864075,0.0,0.78761101961531
110.10000000000001,1700000110.1,1700000110100000000,47.804715071666266,-17.549704305679352,0.0,0.8774852152839675,0.890235753583313,0.0,0.792611019615311
110.2,1700000110.2,1700000110200000000,47.89224066910154,-17.460461730405324,0.0,0.8730230865202662,0.8946120334550769,0.0,0.7976110196153108
110.30000000000001,1700000110.3,1700000110300000000,47.97931896145198,-17.370782644497435,0.0,0.8685391322248717,0.8989659480725989,0.0,0.8026110196153107
110.4,1700000110.4,1700000110400000000,48.06594777176481,-17.28066928992816,0.0,0.864033464496408,0.9032973885882403,0.0,0.8076110196153105
110.5,1700000110.5,1700000110500000000,48.15212493432427,-17.190123919526673,0.0,0.8595061959763337,0.9076062467162136,0.0,0.8126110196153106
110.60000000000001,1700000110.6,1700000110600000000,48.23784829470581,-17.0991487969225,0.0,0.854957439846125,0.9118924147352908,0.0,0.8176110196153112
110.7,1700000110.7,1700000110700000000,48.32311570982985,-17.007746196489016,0.0,0.8503873098244508,0.9161557854914925,0.0,0.8226110196153102
110.80000000000001,1700000110.8,1700000110800000000,48.4079250480155,-16.915918403286405,0.0,0.8457959201643204,0.9203962524007748,0.0,0.827611019615311
110.9,1700000110.9,1700000110900000000,48.49227418903367,-16.823667713004767,0.0,0.8411833856502383,0.9246137094516836,0.0,0.8326110196153108
111.0,1700000111.0,1700000111000000000,48.57616102416026,-16.730996431906533,0.0,0.8365498215953266,0.9288080512080131,0.0,0.8376110196153109
111.10000000000001,1700000111.1,1700000111100000000,48.65958345622875,-16.63790687676891,0.0,0.8318953438384455,0.9329791728114377,0.0,0.8426110196153108
111.2,1700000111.2,1700000111200000000,48.7425393996827,-16.544401374825924,0.0,0.8272200687412962,0.9371269699841347,0.0,0.8476110196153106
111.30000000000001,1700000111.3,1700000111300000000,48.82502678062783,-16.450482263710235,0.0,0.8225241131855119,0.9412513390313915,0.0,0.8526110196153114
111.4,1700000111.4,1700000111400000000,48.90704353688389,-16.356151891394784,0.0,0.8178075945697393,0.9453521768441944,0.0,0.8576110196153105
111.5,1700000111.5,1700000111500000000,48.98858761803628,-16.261412616133914,0.0,0.8130706308066957,0.9494293809018141,0.0,0.8626110196153102
111.60000000000001,1700000111.6,1700000111600000000,49.06965698548723,-16.16626680640457,0.0,0.8083133403202285,0.9534828492743613,0.0,0.8676110196153111
111.7,1700000111.7,1700000111700000000,49.15024961250673,-16.070716840847076,0.0,0.8035358420423538,0.9575124806253366,0.0,0.8726110196153108
111.80000000000001,1700000111.8,1700000111800000000,49.23036348428333,-15.974765108205577,0.0,0.7987382554102789,0.9615181742141665,0.0,0.877611019615311
111.9,1700000111.9,1700000111900000000,49.309996597974404,-15.87841400726839,0.0,0.7939207003634196,0.9654998298987201,0.0,0.8826110196153107
112.0,1700000112.0,1700000112000000000,49.38914696275626,-15.78166594680802,0.0,0.7890832973404011,0.9694573481378127,0.0,0.8876110196153107
112.10000000000001,1700000112.1,1700000112100000000,49.46781259987389,-15.684523345520946,0.0,0.7842261672760473,0.9733906299936944,0.0,0.8926110196153105
112.2,1700000112.2,1700000112200000000,49.54599154269047,-15.586988631967133,0.0,0.7793494315983567,0.9772995771345234,0.0,0.8976110196153105
112.30000000000001,1700000112.3,1700000112300000000,49.62368183673652,-15.489064244509324,0.0,0.7744532122254661,0.981184091836826,0.0,0.9026110196153112
112.4,1700000112.4,1700000112400000000,49.700881539758704,-15.390752631252141,0.0,0.769537631562607,0.9850440769879353,0.0,0.9076110196153112
112.5,1700000112.5,1700000112500000000,49.77758872176847,-15.292056249980796,0.0,0.7646028124990398,0.9888794360884233,0.0,0.9126110196153101
112.60000000000001,1700000112.6,1700000112600000000,49.8538014650903,-15.192977568099627,0.0,0.7596488784049814,0.9926900732545147,0.0,0.9176110196153108
112.7,1700000112.7,1700000112700000000,49.92951786440953,-15.093519062570573,0.0,0.7546759531285286,0.9964758932204766,0.0,0.9226110196153109
112.80000000000001,1700000112.8,1700000112800000000,50.004736026820154,-14.993683219851075,0.0,0.7496841609925537,1.0002368013410077,0.0,0.9276110196153107
112.9,1700000112.9,1700000112900000000,50.07945407187202,-14.893472535832004,0.0,0.7446736267916001,1.003972703593601,0.0,0.9326110196153106
113.0,1700000113.0,1700000113000000000,50.15367013161789,-14.792889515775235,0.0,0.7396444757887617,1.0076835065808947,0.0,0.9376110196153106
113.10000000000001,1700000113.1,1700000113100000000,50.22738235066016,-14.691936674251016,0.0,0.7345968337125508,1.0113691175330077,0.0,0.9426110196153112
113.2,1700000113.2,1700000113200000000,50.30058888619713,-14.590616535075181,0.0,0.7295308267537591,1.0150294443098569,0.0,0.9476110196153102
113.30000000000001,1700000113.3,1700000113300000000,50.37328790806931,-14.48893163124586,0.0,0.724446581562293,1.0186643954034655,0.0,0.9526110196153111
113.4,1700000113.4,1700000113400000000,50.44547759880487,-14.38688450488041,0.0,0.7193442252440205,1.0222738799402438,0.0,0.9576110196153109
113.5,1700000113.5,1700000113500000000,50.51715615366534,-14.284477707151652,0.0,0.7142238853575826,1.025857807683267,0.0,0.9626110196153108
113.60000000000001,1700000113.6,1700000113600000000,50.58832178069056,-14.1817137982242,0.0,0.7090856899112099,1.029416089034528,0.0,0.9676110196153107
113.7,1700000113.7,1700000113700000000,50.658972700743576,-14.07859534719042,0.0,0.7039297673595211,1.0329486350371788,0.0,0.9726110196153106
113.80000000000001,1700000113.8,1700000113800000000,50.72910714755507,-13.975124932006203,0.0,0.6987562466003101,1.0364553573777535,0.0,0.9776110196153115
113.9,1700000113.9,1700000113900000000,50.798723367767494,-13.871305139426592,0.0,0.6935652569713296,1.0399361683883745,0.0,0.9826110196153104
114.0,1700000114.0,1700000114000000000,50.86781962097899,-13.76713856494094,0.0,0.688356928247047,1.0433909810489497,0.0,0.9876110196153102
114.10000000000001,1700000114.1,1700000114100000000,50.93639417978685,-13.662627812708184,0.0,0.6831313906354092,1.0468197089893425,0.0,0.9926110196153111
114.2,1700000114.2,1700000114200000000,51.00444532983064,-13.557775495491725,0.0,0.6778887747745863,1.050222266491532,0.0,0.9976110196153108
114.30000000000001,1700000114.3,1700000114300000000,51.07197136983516,-13.452584234594012,0.0,0.6726292117297006,1.053598568491758,0.0,1.0026110196153109
114.4,1700000114.4,1700000114400000000,51.13897061165294,-13.347056659791088,0.0,0.6673528329895544,1.0569485305826467,0.0,1.0076110196153107
114.5,1700000114.5,1700000114500000000,51.205441380306404,-13.241195409266826,0.0,0.6620597704633413,1.0602720690153202,0.0,1.0126110196153109
114.60000000000001,1700000114.6,1700000114600000000,51.27138201402981,-13.135003129546982,0.0,0.6567501564773491,1.0635691007014907,0.0,1.0176110196153105
114.7,1700000114.7,1700000114700000000,51.33679086431076,-13.028482475433009,0.0,0.6514241237716505,1.0668395432155378,0.0,1.0226110196153104
114.80000000000001,1700000114.8,1700000114800000000,51.40166629593139,-12.921636109935699,0.0,0.646081805496785,1.0700833147965696,0.0,1.0276110196153112
114.9,1700000114.9,1700000114900000000,51.46600668700929,-12.814466704208662,0.0,0.6407233352104331,1.0733003343504646,0.0,1.032611019615311
115.0,1700000115.0,1700000115000000000,51.52981042903802,-12.706976937481459,0.0,0.635348846874073,1.076490521451901,0.0,1.03761101961531
115.10000000000001,1700000115.1,1700000115100000000,51.59307592692739,-12.599169496992598,0.0,0.62995847484963,1.0796537963463695,0.0,1.0426110196153107
115.2,1700000115.2,1700000115200000000,51.655801599043215,-12.491047077922541,0.0,0.6245523538961271,1.0827900799521608,0.0,1.0476110196153108
115.30000000000001,1700000115.3,1700000115300000000,51.717985877246974,-12.38261238332611,0.0,0.6191306191663055,1.0858992938623486,0.0,1.052611019615311
115.4,1700000115.4,1700000115400000000,51.77962720693493,-12.273868124065023,0.0,0.6136934062032512,1.0889813603467469,0.0,1.0576110196153106
115.5,1700000115.5,1700000115500000000,51.84072404707709,-12.164817018740099,0.0,0.608240850937005,1.0920362023538541,0.0,1.0626110196153105
115.60000000000001,1700000115.6,1700000115600000000,51.901274870255605,-12.05546179362327,0.0,0.6027730896811635,1.0950637435127804,0.0,1.0676110196153112
115.7,1700000115.7,1700000115700000000,51.96127816270304,-11.945805182589526,0.0,0.5972902591294763,1.0980639081351518,0.0,1.0726110196153102
115.80000000000001,1700000115.8,1700000115800000000,52.02073242434024,-11.835849927048358,0.0,0.5917924963524178,1.1010366212170117,0.0,1.077611019615311
115.9,1700000115.9,1700000115900000000,52.07963616881373,-11.725598775875481,0.0,0.586279938793774,1.1039818084406865,0.0,1.082611019615311
116.0,1700000116.0,1700000116000000000,52.13798792353298,-11.615054485343915,0.0,0.5807527242671957,1.1068993961766491,0.0,1.0876110196153108
116.10000000000001,1700000116.1,1700000116100000000,52.19578622970717,-11.504219819055166,0.0,0.5752109909527583,1.1097893114853583,0.0,1.0926110196153107
116.2,1700000116.2,1700000116200000000,52.253029642381634,-11.393097547870118,0.0,0.569654877393506,1.112651482119082,0.0,1.0976110196153108
116.30000000000001,1700000116.3,1700000116300000000,52.30971673047407,-11.281690449839743,0.0,0.5640845224919872,1.1154858365237037,0.0,1.1026110196153114
116.4,1700000116.4,1700000116400000000,52.365846076810186,-11.170001310135751,0.0,0.5585000655067875,1.1182923038405093,0.0,1.1076110196153104
116.5,1700000116.5,1700000116500000000,52.42141627815928,-11.058032920980756,0.0,0.5529016460490378,1.121070813907964,0.0,1.1126110196153103
116.60000000000001,1700000116.6,1700000116600000000,52.476425945269206,-10.945788081578653,0.0,0.5472894040789327,1.1238212972634603,0.0,1.117611019615311
116.7,1700000116.7,1700000116700000000,52.53087370290114,-10.833269598044625,0.0,0.5416634799022312,1.126543685145057,0.0,1.122611019615311
116.80000000000001,1700000116.8,1700000116800000000,52.58475818986398,-10.720480283334876,0.0,0.5360240141667438,1.129237909493199,0.0,1.1276110196153109
116.9,1700000116.9,1700000116900000000,52.63807805904837,-10.607422957176404,0.0,0.5303711478588202,1.1319039029524183,0.0,1.132611019615311
117.0,1700000117.0,1700000117000000000,52.690831977460334,-10.494100445996473,0.0,0.5247050222998236,1.134541598873017,0.0,1.1376110196153106
117.10000000000001,1700000117.1,1700000117100000000,52.74301862625469,-10.380515582851956,0.0,0.5190257791425978,1.1371509313127344,0.0,1.1426110196153105
117.2,1700000117.2,1700000117200000000,52.79463670076791,-10.266671207358522,0.0,0.5133335603679261,1.1397318350383958,0.0,1.1476110196153104
117.30000000000001,1700000117.3,1700000117300000000,52.845684910550844,-10.152570165619604,0.0,0.5076285082809802,1.1422842455275424,0.0,1.1526110196153112
117.4,1700000117.4,1700000117400000000,52.89616197940089,-10.038215310155344,0.0,0.5019107655077673,1.1448080989700444,0.0,1.157611019615311
117.5,1700000117.5,1700000117500000000,52.94606664539394,-9.923609499831176,0.0,0.4961804749915588,1.147303332269697,0.0,1.16261101961531
117.60000000000001,1700000117.6,1700000117600000000,52.995397660915984,-9.808755599786325,0.0,0.49043777998931626,1.1497698830457994,0.0,1.1676110196153109
117.7,1700000117.7,1700000117700000000,53.044153792694175,-9.693656481362373,0.0,0.48468282406811863,1.1522076896347087,0.0,1.1726110196153106
117.80000000000001,1700000117.8,1700000117800000000,53.09233382182776,-9.578315022031264,0.0,0.4789157511015632,1.154616691091388,0.0,1.1776110196153107
117.9,1700000117.9,1700000117900000000,53.13993654381852,-9.462734105323474,0.0,0.4731367052661737,1.1569968271909261,0.0,1.1826110196153106
118.0,1700000118.0,1700000118000000000,53.1869607686009,-9.3469166207559,0.0,0.46734583103779503,1.159348038430045,0.0,1.1876110196153105
118.10000000000001,1700000118.1,1700000118100000000,53.23340532057172,-9.230865463759606,0.0,0.46154327318798033,1.1616702660285858,0.0,1.1926110196153115
118.2,1700000118.2,1700000118200000000,53.279269038619574,-9.114583535607533,0.0,0.45572917678037667,1.1639634519309787,0.0,1.1976110196153105
118.30000000000001,1700000118.3,1700000118300000000,53.324550776153956,-8.998073743341745,0.0,0.4499036871670873,1.1662275388076977,0.0,1.2026110196153112
118.4,1700000118.4,1700000118400000000,53.36924940113373,-8.881338999701045,0.0,0.44406694998505225,1.1684624700566864,0.0,1.207611019615311
118.5,1700000118.5,1700000118500000000,53.41336379609563,-8.764382223047921,0.0,0.4382191111523961,1.1706681898047815,0.0,1.212611019615311
118.60000000000001,1700000118.6,1700000118600000000,53.45689285818207,-8.6472063372957,0.0,0.432360316864785,1.1728446429091035,0.0,1.2176110196153105
118.7,1700000118.7,1700000118700000000,53.49983549916877,-8.52981427183542,0.0,0.42649071359177104,1.1749917749584387,0.0,1.2226110196153106
118.80000000000001,1700000118.8,1700000118800000000,53.54219064549195,-8.412208961462584,0.0,0.42061044807312925,1.1771095322745975,0.0,1.2276110196153114
118.9,1700000118.9,1700000118900000000,53.583957238275126,-8.29439334630389,0.0,0.4147196673151945,1.1791978619137564,0.0,1.2326110196153104
119.0,1700000119.0,1700000119000000000,53.62513423335569,-8.176370371743516,0.0,0.40881851858717577,1.1812567116677843,0.0,1.2376110196153105
119.10000000000001,1700000119.1,1700000119100000000,53.665720601310895,-8.05814298834968,0.0,0.402907149417484,1.1832860300655448,0.0,1.242611019615311
119.2,1700000119.2,1700000119200000000,53.70571532748365,-7.9397141518008505,0.0,0.3969857075900425,1.1852857663741825,0.0,1.247611019615311
119.30000000000001,1700000119.3,1700000119300000000,53.745117412007886,-7.821086822811753,0.0,0.3910543411405876,1.1872558706003946,0.0,1.2526110196153109
119.4,1700000119.4,1700000119400000000,53.78392586983355,-7.702263967059432,0.0,0.3851131983529716,1.1891962934916778,0.0,1.2576110196153107
119.5,1700000119.5,1700000119500000000,53.82213973075122,-7.583248555109094,0.0,0.3791624277554547,1.191106986537561,0.0,1.2626110196153106
119.60000000000001,1700000119.6,1700000119600000000,53.85975803941635,-7.464043562339839,0.0,0.37320217811699197,1.1929879019708176,0.0,1.2676110196153105
119.7,1700000119.7,1700000119700000000,53.89677985537319,-7.344651968870278,0.0,0.36723259844351386,1.1948389927686596,0.0,1.2726110196153104
119.80000000000001,1700000119.8,1700000119800000000,53.93320425307827,-7.225076759484008,0.0,0.36125383797420035,1.1966602126539136,0.0,1.2776110196153112
119.9,1700000119.9,1700000119900000000,53.96903032192355,-7.105320923555077,0.0,0.3552660461777538,1.1984515160961775,0.0,1.282611019615311
120.0,1700000120.0,1700000120000000000,54.00425716625915,-6.9853874549731465,0.0,0.3492693727486573,1.2002128583129574,0.0,1.28761101961531
120.10000000000001,1700000120.1,1700000120100000000,54.03888390541583,-6.865279352068622,0.0,0.3432639676034311,1.2019441952707917,0.0,1.2926110196153109
120.2,1700000120.2,1700000120200000000,54.07290967372689,-6.744999617537884,0.0,0.3372499808768942,1.2036454836863446,0.0,1.2976110196153108
120.30000000000001,1700000120.3,1700000120300000000,54.106333620549904,-6.624551258368007,0.0,0.33122756291840033,1.2053166810274953,0.0,1.302611019615311
120.4,1700000120.4,1700000120400000000,54.13915491028794,-6.503937285761702,0.0,0.3251968642880851,1.2069577455143974,0.0,1.3076110196153106
120.5,1700000120.5,1700000120500000000,54.171372722410474,-6.383160715061997,0.0,0.31915803575309987,1.2085686361205237,0.0,1.3126110196153102
120.60000000000001,1700000120.6,1700000120600000000,54.202986251473874,-6.262224565676851,0.0,0.3131112282838425,1.2101493125736937,0.0,1.3176110196153112
120.7,1700000120.7,1700000120700000000,54.23399470714155,-6.141131861003764,0.0,0.3070565930501882,1.2116997353570773,0.0,1.3226110196153102
120.80000000000001,1700000120.8,1700000120800000000,54.264397314203734,-6.019885628353959,0.0,0.3009942814176979,1.213219865710187,0.0,1.327611019615311
120.9,1700000120.9,1700000120900000000,54.29419331259683,-5.898488898877001,0.0,0.29492444494385006,1.2147096656298417,0.0,1.332611019615311
121.0,1700000121.0,1700000121000000000,54.32338195742244,-5.776944707484785,0.0,0.28884723537423923,1.2161690978711222,0.0,1.3376110196153108
121.10000000000001,1700000121.1,1700000121100000000,54.35196251896595,-5.655256092775763,0.0,0.28276280463878817,1.2175981259482977,0.0,1.342611019615311
121.2,1700000121.2,1700000121200000000,54.37993428271482,-5.533426096958967,0.0,0.27667130484794833,1.218996714135741,0.0,1.3476110196153106
121.30000000000001,1700000121.3,1700000121300000000,54.40729654937641,-5.411457765777924,0.0,0.2705728882888962,1.2203648274688208,0.0,1.3526110196153114
121.4,1700000121.4,1700000121400000000,54.434048634895476,-5.289354148434626,0.0,0.2644677074217313,1.2217024317447738,0.0,1.3576110196153106
121.5,1700000121.5,1700000121500000000,54.460189870471275,-5.167118297513083,0.0,0.2583559148756541,1.2230094935235638,0.0,1.3626110196153103
121.60000000000001,1700000121.6,1700000121600000000,54.48571960257428,-5.044753268903201,0.0,0.25223766344516,1.224285980128714,0.0,1.367611019615311
121.7,1700000121.7,1700000121700000000,54.51063719296252,-4.922262121724365,0.0,0.24611310608621823,1.225531859648126,0.0,1.372611019615311
121.80000000000001,1700000121.8,1700000121800000000,54.53494201869752,-4.799647918248854,0.0,0.2399823959124427,1.2267471009348763,0.0,1.3776110196153109
121.9,1700000121.9,1700000121900000000,54.558633472159926,-4.6769137238253675,0.0,0.2338456861912684,1.2279316736079964,0.0,1.3826110196153107
122.0,1700000122.0,1700000122000000000,54.581710961064616,-4.5540626068023755,0.0,0.22770313034011877,1.2290855480532308,0.0,1.3876110196153109
122.10000000000001,1700000122.1,1700000122100000000,54.60417390847557,-4.431097638451403,0.0,0.22155488192257017,1.2302086954237788,0.0,1.3926110196153105
122.2,1700000122.2,1700000122200000000,54.62602175282029,-4.308021892890256,0.0,0.21540109464451282,1.2313010876410146,0.0,1.3976110196153104
122.30000000000001,1700000122.3,1700000122300000000,54.64725394790379,-4.184838447006141,0.0,0.20924192235030703,1.2323626973951898,0.0,1.4026110196153112
122.4,1700000122.4,1700000122400000000,54.66786996292231,-4.061550380378833,0.0,0.2030775190189416,1.2333934981461154,0.0,1.407611019615311
122.5,1700000122.5,1700000122500000000,54.68786928247653,-3.938160775203575,0.0,0.19690803876017876,1.2343934641238261,0.0,1.41261101961531
122.60000000000001,1700000122.6,1700000122600000000,54.70725140658451,-3.814672716214007,0.0,0.19073363581070035,1.2353625703292257,0.0,1.4176110196153109
122.7,1700000122.7,1700000122700000000,54.72601585069417,-3.6910892906052353,0.0,0.18455446453026175,1.2363007925347085,0.0,1.4226110196153108
122.80000000000001,1700000122.8,1700000122800000000,54.74416214569537,-3.5674135879564433,0.0,0.17837067939782214,1.2372081072847685,0.0,1.4276110196153107
122.9,1700000122.9,1700000122900000000,54.761689837931684,-3.443648700153754,0.0,0.1721824350076877,1.2380844918965843,0.0,1.4326110196153106
123.0,1700000123.0,1700000123000000000,54.778598489211724,-3.3197977213129186,0.0,0.1659898860656459,1.2389299244605863,0.0,1.4376110196153105
123.10000000000001,1700000123.1,1700000123100000000,54.79488767682008,-3.1958637477019334,0.0,0.15979318738509665,1.2397443838410043,0.0,1.4426110196153112
123.2,1700000123.2,1700000123200000000,54.810556993527925,-3.0718498776637513,0.0,0.15359249388318755,1.240527849676396,0.0,1.4476110196153102
123.30000000000001,1700000123.3,1700000123300000000,54.82560604760314,-2.9477592115385756,0.0,0.14738796057692877,1.2412803023801569,0.0,1.452611019615311
123.4,1700000123.4,1700000123400000000,54.840034462820164,-2.823594851586662,0.0,0.1411797425793331,1.242001723141008,0.0,1.457611019615311
123.5,1700000123.5,1700000123500000000,54.85384187846937,-2.699359901910521,0.0,0.13496799509552604,1.2426920939234682,0.0,1.4626110196153108
123.60000000000001,1700000123.6,1700000123600000000,54.867027949366076,-2.575057468377424,0.0,0.1287528734188712,1.243351397468304,0.0,1.4676110196153107
123.7,1700000123.7,1700000123700000000,54.87959234585921,-2.450690658541735,0.0,0.12253453292708676,1.2439796172929605,0.0,1.4726110196153106
123.80000000000001,1700000123.8,1700000123800000000,54.891534753839515,-2.3262625815672004,0.0,0.11631312907836003,1.2445767376919756,0.0,1.4776110196153116
123.9,1700000123.9,1700000123900000000,54.9028548747474,-2.2017763481493304,0.0,0.11008881740746651,1.2451427437373699,0.0,1.4826110196153104
124.0,1700000124.0,1700000124000000000,54.913552425580434,-2.07723507043741,0.0,0.10386175352187049,1.245677621279022,0.0,1.4876110196153103
124.10000000000001,1700000124.1,1700000124100000000,54.92362713890042,-1.952641861956896,0.0,0.09763209309784479,1.246181356945021,0.0,1.492611019615311
124.2,1700000124.2,1700000124200000000,54.93307876284003,-1.8279998375315551,0.0,0.09139999187657775,1.2466539381420016,0.0,1.497611019615311
124.30000000000001,1700000124.3,1700000124300000000,54.94190706110917,-1.703312113205484,0.0,0.0851656056602742,1.2470953530554585,0.0,1.5026110196153109
124.4,1700000124.4,1700000124400000000,54.95011181300083,-1.5785818061652972,0.0,0.07892909030826485,1.2475055906500419,0.0,1.5076110196153107
124.5,1700000124.5,1700000124500000000,54.95769281339666,-1.453812034662174,0.0,0.07269060173310869,1.2478846406698332,0.0,1.5126110196153106
124.60000000000001,1700000124.6,1700000124600000000,54.96464987277203,-1.329005917933903,0.0,0.06645029589669516,1.2482324936386016,0.0,1.5176110196153105
124.7,1700000124.7,1700000124700000000,54.97098281720082,-1.2041665761269031,0.0,0.06020832880634516,1.248549140860041,0.0,1.5226110196153104
124.80000000000001,1700000124.8,1700000124800000000,54.97669148835976,-1.0792971302181948,0.0,0.05396485651090974,1.2488345744179878,0.0,1.5276110196153112
124.9,1700000124.9,1700000124900000000,54.98177574353235,-0.9544007019374665,0.0,0.04772003509687332,1.2490887871766174,0.0,1.532611019615311
125.0,1700000125.0,1700000125000000000,54.98623545561249,-0.8294804136889204,0.0,0.04147402068444602,1.2493117727806242,0.0,1.53761101961531
125.10000000000001,1700000125.1,1700000125100000000,54.9900705131076,-0.7045393884731896,0.0,0.035226969423659486,1.24950352565538,0.0,1.5426110196153109
125.2,1700000125.2,1700000125200000000,54.99328082014145,-0.5795807498094641,0.0,0.028979037490473203,1.2496640410070723,0.0,1.5476110196153108
125.30000000000001,1700000125.3,1700000125300000000,54.995866296456526,-0.45460762165717966,0.0,0.022730381082858984,1.2497933148228262,0.0,1.5526110196153107
125.4,1700000125.4,1700000125400000000,54.99782687741606,-0.3296231283380313,0.0,0.016481156416901566,1.2498913438708028,0.0,1.5576110196153106
125.5,1700000125.5,1700000125500000000,54.999162514005626,-0.20463039445784234,0.0,0.010231519722892117,1.2499581257002812,0.0,1.5626110196153105
125.60000000000001,1700000125.6,1700000125600000000,54.999873172834384,-0.07963254482842755,0.0,0.003981627241421377,1.249993658641719,0.0,1.5676110196153112
125.7,1700000125.7,1700000125700000000,54.99995883613589,0.04536729561041601,0.0,-0.0022683647805208005,1.2499979418067946,0.0,1.5726110196153102
125.80000000000001,1700000125.8,1700000125800000000,54.99941950176858,0.17036600186927658,0.0,-0.00851830009346383,1.249970975088429,0.0,1.577611019615311
125.9,1700000125.9,1700000125900000000,54.998255183215775,0.29536044898694147,0.0,-0.014768022449347074,1.2499127591607886,0.0,1.582611019615311
126.0,1700000126.0,1700000126000000000,54.99646590958538,0.42034751210876503,0.0,-0.021017375605438253,1.249823295479269,0.0,1.5876110196153108
126.10000000000001,1700000126.1,1700000126100000000,54.99405172560914,0.5453240665646789,0.0,-0.027266203328233946,1.2497025862804572,0.0,1.5926110196153107
126.2,1700000126.2,1700000126200000000,54.991012691641544,0.670286987947331,0.0,-0.03351434939736655,1.249550634582077,0.0,1.5976110196153106
126.30000000000001,1700000126.3,1700000126300000000,54.98734888365826,0.7952331521902173,0.0,-0.039761657609510864,1.249367444182913,0.0,1.6026110196153114
126.4,1700000126.4,1700000126400000000,54.98306039325431,0.9201594356456729,0.0,-0.04600797178228365,1.2491530196627156,0.0,1.6076110196153104
126.5,1700000126.5,1700000126500000000,54.978147327641736,1.0450627151631844,0.0,-0.052253135758159215,1.2489073663820864,0.0,1.6126110196153103
126.60000000000001,1700000126.6,1700000126600000000,54.972609809646904,1.1699398681672695,0.0,-0.058496993408363465,1.248630490482345,0.0,1.617611019615311
126.7,1700000126.7,1700000126700000000,54.96644797770749,1.2947877727355621,0.0,-0.06473938863677811,1.2483223988853747,0.0,1.6226110196153107
126.80000000000001,1700000126.8,1700000126800000000,54.959661985868976,1.4196033076769734,0.0,-0.07098016538384867,1.2479830992934486,0.0,1.6276110196153109
126.9,1700000126.9,1700000126900000000,54.952252003780785,1.5443833526096304,0.0,-0.07721916763048152,1.2476126001890393,0.0,1.6326110196153107
127.0,1700000127.0,1700000127000000000,54.9442182166921,1.6691247880389088,0.0,-0.08345623940194544,1.247210910834605,0.0,1.6376110196153109
127.10000000000001,1700000127.1,1700000127100000000,54.935560825447176,1.7938244954354194,0.0,-0.08969122477177098,1.2467780412723588,0.0,1.6426110196153105
127.2,1700000127.2,1700000127200000000,54.92628004648034,1.918479357312973,0.0,-0.09592396786564865,1.2463140023240171,0.0,1.6476110196153104
127.30000000000001,1700000127.3,1700000127300000000,54.916376111810585,2.0430862573065363,0.0,-0.10215431286532682,1.2458188055905293,0.0,1.6526110196153112
127.4,1700000127.4,1700000127400000000,54.90584926903576,2.1676420802500553,0.0,-0.10838210401250277,1.2452924634517881,0.0,1.657611019615311
127.5,1700000127.5,1700000127500000000,54.894699781326395,2.292143712254444,0.0,-0.11460718561272219,1.2447349890663197,0.0,1.66261101961531
127.60000000000001,1700000127.6,1700000127600000000,54.88292792741909,2.4165880407854528,0.0,-0.12082940203927264,1.2441463963709545,0.0,1.6676110196153109
127.7,1700000127.7,1700000127700000000,54.870534001609585,2.540971954741284,0.0,-0.1270485977370642,1.243526700080479,0.0,1.6726110196153108
127.80000000000001,1700000127.8,1700000127800000000,54.85751831374537,2.665292344530589,0.0,-0.13326461722652944,1.2428759156872689,0.0,1.6776110196153107
127.9,1700000127.9,1700000127900000000,54.84388118921798,2.7895461021500974,0.0,-0.13947730510750486,1.2421940594608991,0.0,1.6826110196153106
128.0,1700000128.0,1700000128000000000,54.829622968954816,2.9137301212623408,0.0,-0.14568650606311706,1.2414811484477408,0.0,1.6876110196153105
128.1,1700000128.1,1700000128100000000,54.81474400941063,3.0378412972733098,0.0,-0.1518920648636655,1.2407372004705315,0.0,1.6926110196153104
128.20000000000002,1700000128.2,1700000128200000000,54.799244682558644,3.1618765274100893,0.0,-0.15809382637050448,1.2399622341279322,0.0,1.6976110196153111
128.3,1700000128.3,1700000128300000000,54.78312537588122,3.285832710798343,0.0,-0.16429163553991713,1.239156268794061,0.0,1.702611019615311
128.4,1700000128.4,1700000128400000000,54.76638649236018,3.4097067485399633,0.0,-0.17048533742699817,1.2383193246180093,0.0,1.707611019615311
128.5,1700000128.5,1700000128500000000,54.74902845046675,3.5334955437904587,0.0,-0.17667477718952296,1.2374514225233377,0.0,1.7126110196153108
128.6,1700000128.6,1700000128600000000,54.73105168415108,3.6571960018363736,0.0,-0.18285980009181868,1.236552584207554,0.0,1.7176110196153098
128.70000000000002,1700000128.7,1700000128700000000,54.71245664283137,3.7808050301727874,0.0,-0.18904025150863937,1.2356228321415683,0.0,1.7226110196153115
128.8,1700000128.8,1700000128800000000,54.6932437913827,3.90431953858032,0.0,-0.195215976929016,1.2346621895691348,0.0,1.7276110196153114
128.9,1700000128.9,1700000128900000000,54.673413610125344,4.027736439202716,0.0,-0.2013868219601358,1.2336706805062672,0.0,1.7326110196153102
129.0,1700000129.0,1700000129000000000,54.65296659481281,4.15105264662393,0.0,-0.20755263233119653,1.2326483297406408,0.0,1.7376110196153103
129.1,1700000129.1,1700000129100000000,54.63190325661942,4.274265077945181,0.0,-0.21371325389725904,1.231595162830971,0.0,1.7426110196153102
129.20000000000002,1700000129.2,1700000129200000000,54.61022412212751,4.397370652862122,0.0,-0.21986853264310607,1.2305112061063757,0.0,1.747611019615311
129.3,1700000129.3,1700000129300000000,54.58792973331434,4.520366293741749,0.0,-0.22601831468708744,1.2293964866657172,0.0,1.7526110196153109
129.4,1700000129.4,1700000129400000000,54.56502064753846,4.643248925699468,0.0,-0.2321624462849734,1.228251032376923,0.0,1.7576110196153107
129.5,1700000129.5,1700000129500000000,54.54149743752581,4.766015476675881,0.0,-0.23830077383379406,1.2270748718762905,0.0,1.7626110196153106
129.6,1700000129.6,1700000129600000000,54.517360691355435,4.888662877513606,0.0,-0.2444331438756803,1.2258680345677715,0.0,1.7676110196153105
129.70000000000002,1700000129.7,1700000129700000000,54.492611012444705,5.011188062034034,0.0,-0.25055940310170166,1.2246305506222352,0.0,1.7726110196153115
129.8,1700000129.8,1700000129800000000,54.46724901953432,5.133587967113887,0.0,-0.2566793983556943,1.2233624509767163,0.0,1.7776110196153112
129.9,1700000129.9,1700000129900000000,54.441275346672796,5.255859532761937,0.0,-0.26279297663809686,1.2220637673336399,0.0,1.782611019615311
130.0,1700000130.0,1700000130000000000,54.414690643200586,5.377999702195388,0.0,-0.2688999851097694,1.2207345321600294,0.0,1.78761101961531
130.1,1700000130.1,1700000130100000000,54.38749557373389,5.50000542191641,0.0,-0.27500027109582054,1.2193747786866944,0.0,1.79261101961531
130.20000000000002,1700000130.2,1700000130200000000,54.359690818148025,5.621873641788387,0.0,-0.2810936820894193,1.217984540907401,0.0,1.7976110196153117
130.3,1700000130.3,1700000130300000000,54.33127707156045,5.743601315112058,0.0,-0.2871800657556029,1.2165638535780223,0.0,1.8026110196153107
130.4,1700000130.4,1700000130400000000,54.30225504431333,5.86518539870202,0.0,-0.293259269935101,1.2151127522156664,0.0,1.8076110196153108
130.5,1700000130.5,1700000130500000000,54.27262546195585,5.986622852962492,0.0,-0.2993311426481246,1.2136312730977923,0.0,1.8126110196153105
130.6,1700000130.6,1700000130600000000,54.24238906522601,6.107910641963443,0.0,-0.30539553209817216,1.2121194532613004,0.0,1.8176110196153104
130.70000000000002,1700000130.7,1700000130700000000,54.211546610032165,6.229045733516487,0.0,-0.31145228667582436,1.2105773305016083,0.0,1.8226110196153111
130.8,1700000130.8,1700000130800000000,54.18009886743409,6.3500250992506,0.0,-0.31750125496253,1.2090049433717045,0.0,1.827611019615311
130.9,1700000130.9,1700000130900000000,54.14804662362371,6.470845714687963,0.0,-0.32354228573439814,1.2074023311811855,0.0,1.832611019615311
131.0,1700000131.0,1700000131000000000,54.115390679905445,6.59150455931948,0.0,-0.32957522796597405,1.2057695339952723,0.0,1.8376110196153108
131.1,1700000131.1,1700000131100000000,54.0821318526762,6.711998616680301,0.0,-0.33559993083401507,1.2041065926338101,0.0,1.8426110196153098
131.20000000000002,1700000131.2,1700000131200000000,54.0482709734049,6.832324874425352,0.0,-0.34161624372126764,1.202413548670245,0.0,1.8476110196153115
131.3,1700000131.3,1700000131300000000,54.013808888611784,6.95248032440435,0.0,-0.34762401622021755,1.2006904444305893,0.0,1.8526110196153116
131.4,1700000131.4,1700000131400000000,53.97874645984718,7.072461962737324,0.0,-0.3536230981368662,1.198937322992359,0.0,1.8576110196153102
131.5,1700000131.5,1700000131500000000,53.94308456366997,7.192266789889608,0.0,-0.3596133394944804,1.1971542281834984,0.0,1.8626110196153103
131.6,1700000131.6,1700000131600000000,53.906824091625694,7.311891810746743,0.0,-0.3655945905373371,1.1953412045812848,0.0,1.8676110196153104
131.70000000000002,1700000131.7,1700000131700000000,53.86996595022427,7.431334034689456,0.0,-0.3715667017344728,1.1934982975112136,0.0,1.872611019615311
131.8,1700000131.8,1700000131800000000,53.83251106091733,7.55059047566833,0.0,-0.3775295237834165,1.1916255530458664,0.0,1.8776110196153109
131.9,1700000131.9,1700000131900000000,53.794460360075135,7.669658152278572,0.0,-0.38348290761392856,1.1897230180037568,0.0,1.8826110196153107
132.0,1700000132.0,1700000132000000000,53.75581479896323,7.788534087834467,0.0,-0.38942670439172333,1.1877907399481615,0.0,1.8876110196153106
132.1,1700000132.1,1700000132100000000,53.71657534371864,7.907215310443819,0.0,-0.3953607655221909,1.185828767185932,0.0,1.8926110196153105
132.20000000000002,1700000132.2,1700000132200000000,53.67674297532568,8.025698853082265,0.0,-0.40128494265411324,1.1838371487662842,0.0,1.8976110196153113
132.3,1700000132.3,1700000132300000000,53.63631868959151,8.143981753667367,0.0,-0.4071990876833684,1.1818159344795756,0.0,1.9026110196153112
132.4,1700000132.4,1700000132400000000,53.59530349712116,8.262061055132794,0.0,-0.4131030527566397,1.179765174856058,0.0,1.907611019615311
132.5,1700000132.5,1700000132500000000,53.5536984232923,8.379933805502136,0.0,-0.41899669027510683,1.1776849211646154,0.0,1.91261101961531
132.6,1700000132.6,1700000132600000000,53.51150450822962,8.497597057962818,0.0,-0.4248798528981409,1.1755752254114809,0.0,1.91761101961531
132.70000000000002,1700000132.7,1700000132700000000,53.46872280677877,8.615047870939673,0.0,-0.43075239354698364,1.1734361403389384,0.0,1.9226110196153117
132.8,1700000132.8,1700000132800000000,53.425354388480095,8.732283308168393,0.0,-0.43661416540841963,1.1712677194240049,0.0,1.9276110196153107
132.9,1700000132.9,1700000132900000000,53.38140033754178,8.849300438769236,0.0,-0.44246502193846177,1.1690700168770887,0.0,1.9326110196153106
133.0,1700000133.0,1700000133000000000,53.336861752812794,8.966096337320009,0.0,-0.44830481686600043,1.1668430876406397,0.0,1.9376110196153105
133.1,1700000133.1,1700000133100000000,53.29173974775546,9.082668083929333,0.0,-0.4541334041964667,1.1645869873877728,0.0,1.9426110196153104
133.20000000000002,1700000133.2,1700000133200000000,53.24603545041752,9.199012764309638,0.0,-0.4599506382154819,1.1623017725208764,0.0,1.9476110196153111
133.3,1700000133.3,1700000133300000000,53.19975000340408,9.315127469849925,0.0,-0.46575637349249627,1.1599875001702036,0.0,1.952611019615311
133.4,1700000133.4,1700000133400000000,53.15288456384886,9.43100929768863,0.0,-0.47155046488443153,1.1576442281924428,0.0,1.957611019615311
133.5,1700000133.5,1700000133500000000,53.10544030338542,9.546655350786091,0.0,-0.4773327675393046,1.155272015169271,0.0,1.9626110196153108
133.6,1700000133.6,1700000133600000000,53.05741840811781,9.662062737996983,0.0,-0.4831031368998492,1.1528709204058907,0.0,1.9676110196153098
133.70000000000002,1700000133.7,1700000133700000000,53.00882007859089,9.777228574142718,0.0,-0.4888614287071359,1.1504410039295443,0.0,1.9726110196153115
133.8,1700000133.8,1700000133800000000,52.959646529760384,9.892149980083289,0.0,-0.49460749900416445,1.1479823264880193,0.0,1.9776110196153114
133.9,1700000133.9,1700000133900000000,52.90989899096246,10.006824082789555,0.0,-0.5003412041394777,1.1454949495481233,0.0,1.9826110196153102
134.0,1700000134.0,1700000134000000000,52.85957870588298,10.121248015414958,0.0,-0.5060624007707479,1.1429789352941493,0.0,1.9876110196153103
134.1,1700000134.1,1700000134100000000,52.808686932526456,10.235418917367124,0.0,-0.5117709458683563,1.140434346626323,0.0,1.9926110196153102
134.20000000000002,1700000134.2,1700000134200000000,52.75722494318456,10.349333934379471,0.0,-0.5174666967189735,1.1378612471592282,0.0,1.997611019615311
134.3,1700000134.3,1700000134300000000,52.70519402440436,10.462990218582464,0.0,-0.5231495109291232,1.1352597012202184,0.0,2.0026110196153106
134.4,1700000134.4,1700000134400000000,52.65259547695612,10.57638492857494,0.0,-0.528819246428747,1.132629773847806,0.0,2.007611019615311
134.5,1700000134.5,1700000134500000000,52.59943061580077,10.689515229495056,0.0,-0.5344757614747528,1.1299715307900386,0.0,2.012611019615311
134.6,1700000134.6,1700000134600000000,52.54570077005708,10.802378293091179,0.0,-0.540118914654559,1.127285038502854,0.0,2.0176110196153108
134.70000000000002,1700000134.7,1700000134700000000,52.49140728296838,10.914971297792617,0.0,-0.5457485648896309,1.1245703641484193,0.0,2.0226110196153115
134.8,1700000134.8,1700000134800000000,52.436551511869055,11.027291428780078,0.0,-0.5513645714390039,1.1218275755934526,0.0,2.027611019615311
134.9,1700000134.9,1700000134900000000,52.38113482815049,11.139335878056158,0.0,-0.5569667939028079,1.1190567414075245,0.0,2.032611019615311
135.0,1700000135.0,1700000135000000000,52.32515861722692,11.251101844515441,0.0,-0.562555092225772,1.1162579308613458,0.0,2.0376110196153103
135.1,1700000135.1,1700000135100000000,52.26862427850067,11.362586534014623,0.0,-0.5681293267007312,1.1134312139250335,0.0,2.04261101961531
135.20000000000002,1700000135.2,1700000135200000000,52.211533225327265,11.473787159442296,0.0,-0.5736893579721148,1.1105766612663632,0.0,2.047611019615312
135.3,1700000135.3,1700000135300000000,52.15388688498011,11.584700940788517,0.0,-0.5792350470394259,1.1076943442490055,0.0,2.052611019615311
135.4,1700000135.4,1700000135400000000,52.095686698614664,11.695325105214607,0.0,-0.5847662552607303,1.1047843349307331,0.0,2.057611019615311
135.5,1700000135.5,1700000135500000000,52.03693412123257,11.805656887122197,0.0,-0.5902828443561099,1.1018467060616284,0.0,2.0626110196153107
135.6,1700000135.6,1700000135600000000,51.977630621645204,11.915693528222487,0.0,-0.5957846764111243,1.09888153108226,0.0,2.0676110196153106
135.70000000000002,1700000135.7,1700000135700000000,51.91777768243695,12.0254322776052,0.0,-0.60127161388026,1.0958888841218473,0.0,2.0726110196153114
135.8,1700000135.8,1700000135800000000,51.85737679992819,12.134870391807276,0.0,-0.6067435195903638,1.0928688399964095,0.0,2.0776110196153112
135.9,1700000135.9,1700000135900000000,51.796429484137846,12.244005134881581,0.0,-0.6122002567440791,1.0898214742068921,0.0,2.082611019615311
136.0,1700000136.0,1700000136000000000,51.73493725874562,12.352833778465223,0.0,-0.6176416889232612,1.086746862937281,0.0,2.087611019615311
136.1,1700000136.1,1700000136100000000,51.67290166105397,12.46135360184776,0.0,-0.623067680092388,1.0836450830526982,0.0,2.09261101961531
136.20000000000002,1700000136.2,1700000136200000000,51.610324241949556,12.569561892039339,0.0,-0.6284780946019669,1.0805162120974776,0.0,2.0976110196153117
136.3,1700000136.3,1700000136300000000,51.54720656586464,12.67745594383824,0.0,-0.633872797191912,1.0773603282932323,0.0,2.1026110196153116
136.4,1700000136.4,1700000136400000000,51.48355021073785,12.78503305989881,0.0,-0.6392516529949405,1.0741775105368927,0.0,2.1076110196153106
136.5,1700000136.5,1700000136500000000,51.41935676797472,12.892290550798787,0.0,-0.6446145275399394,1.0709678383987358,0.0,2.1126110196153105
136.6,1700000136.6,1700000136600000000,51.354627842407965,12.999225735106467,0.0,-0.6499612867553234,1.0677313921203986,0.0,2.1176110196153104
136.70000000000002,1700000136.7,1700000136700000000,51.289365052257374,13.105835939447832,0.0,-0.6552917969723916,1.0644682526128686,0.0,2.1226110196153107
136.8,1700000136.8,1700000136800000000,51.2235700290893,13.21211849857329,0.0,-0.6606059249286644,1.0611785014544648,0.0,2.127611019615311
136.9,1700000136.9,1700000136900000000,51.15724441777589,13.31807075542441,0.0,-0.6659035377712206,1.0578622208887947,0.0,2.132611019615311
137.0,1700000137.0,1700000137000000000,51.090389876453976,13.423690061200293,0.0,-0.6711845030600148,1.054519493822699,0.0,2.137611019615311
137.1,1700000137.1,1700000137100000000,51.02300807648361,13.528973775423797,0.0,-0.6764486887711898,1.0511504038241806,0.0,2.1426110196153103
137.20000000000002,1700000137.2,1700000137200000000,50.95510070240627,13.633919266007569,0.0,-0.6816959633003784,1.0477550351203133,0.0,2.1476110196153115
137.3,1700000137.3,1700000137300000000,50.88666945190279,13.738523909319769,0.0,-0.6869261954659884,1.0443334725951394,0.0,2.152611019615311
137.4,1700000137.4,1700000137400000000,50.81771603575085,13.842785090249787,0.0,-0.6921392545124894,1.0408858017875426,0.0,2.1576110196153113
137.5,1700000137.5,1700000137500000000,50.748242177782295,13.946700202273504,0.0,-0.6973350101136753,1.0374121088891148,0.0,2.16261101961531
137.6,1700000137.6,1700000137600000000,50.67824961483991,14.050266647518574,0.0,-0.7025133323759287,1.033912480741996,0.0,2.1676110196153098
137.70000000000002,1700000137.7,1700000137700000000,50.60774009673413,14.153481836829279,0.0,-0.7076740918414639,1.0303870048367065,0.0,2.1726110196153114
137.8,1700000137.8,1700000137800000000,50.53671538619929,14.256343189831167,0.0,-0.7128171594915583,1.0268357693099643,0.0,2.1776110196153105
137.9,1700000137.9,1700000137900000000,50.465177258849394,14.358848134995844,0.0,-0.7179424067497922,1.0232588629424697,0.0,2.1826110196153103
138.0,1700000138.0,1700000138000000000,50.393127503133925,14.460994109705002,0.0,-0.7230497054852502,1.019656375156696,0.0,2.1876110196153107
138.1,1700000138.1,1700000138100000000,50.320567920293016,14.562778560314596,0.0,-0.7281389280157298,1.0160283960146508,0.0,2.19261101961531
138.20000000000002,1700000138.2,1700000138200000000,50.24750032431245,14.664198942218675,0.0,-0.7332099471109338,1.0123750162156224,0.0,2.1976110196153114
138.3,1700000138.3,1700000138300000000,50.173926541878345,14.765252719912942,0.0,-0.738262635995647,1.008696327093917,0.0,2.202611019615311
138.4,1700000138.4,1700000138400000000,50.09984841233141,14.865937367058232,0.0,-0.7432968683529116,1.0049924206165708,0.0,2.207611019615311
138.5,1700000138.5,1700000138500000000,50.02526778762105,14.966250366543616,0.0,-0.7483125183271808,1.0012633893810523,0.0,2.212611019615311
138.6,1700000138.6,1700000138600000000,49.95018653225898,15.066189210549307,0.0,-0.7533094605274654,0.9975093266129491,0.0,2.21761101961531
138.70000000000002,1700000138.7,1700000138700000000,49.87460652327265,15.165751400609484,0.0,-0.7582875700304742,0.9937303261636321,0.0,2.2226110196153113
138.8,1700000138.8,1700000138800000000,49.79852965015838,15.264934447674495,0.0,-0.7632467223837247,0.989926482507919,0.0,2.2276110196153116
138.9,1700000138.9,1700000138900000000,49.721957814834056,15.363735872173342,0.0,-0.7681867936086672,0.9860978907417027,0.0,2.2326110196153106
139.0,1700000139.0,1700000139000000000,49.64489293159153,15.462153204075598,0.0,-0.77310766020378,0.9822446465795763,0.0,2.2376110196153105
139.1,1700000139.1,1700000139100000000,49.56733692704888,15.560183982953072,0.0,-0.7780091991476535,0.978366846352444,0.0,2.2426110196153104
139.20000000000002,1700000139.2,1700000139200000000,49.489291740102175,15.657825758041414,0.0,-0.7828912879020706,0.9744645870051087,0.0,2.2476110196153107
139.3,1700000139.3,1700000139300000000,49.41075932187705,15.755076088301298,0.0,-0.7877538044150649,0.9705379660938523,0.0,2.2526110196153106
139.4,1700000139.4,1700000139400000000,49.33174163567985,15.851932542479553,0.0,-0.7925966271239776,0.9665870817839923,0.0,2.257611019615311
139.5,1700000139.5,1700000139500000000,49.252240656948615,15.948392699169867,0.0,-0.7974196349584933,0.9626120328474308,0.0,2.262611019615311
139.6,1700000139.6,1700000139600000000,49.17225837320369,16.044454146873342,0.0,-0.8022227073436672,0.9586129186601843,0.0,2.2676110196153103
139.70000000000002,1700000139.7,1700000139700000000,49.091796783997964,16.140114484058817,0.0,-0.8070057242029407,0.954589839199898,0.0,2.272611019615311
139.8,1700000139.8,1700000139800000000,49.010857900867016,16.235371319222796,0.0,-0.8117685659611398,0.9505428950433508,0.0,2.277611019615311
139.9,1700000139.9,1700000139900000000,48.9294437472787,16.330222270949392,0.0,-0.8165111135474696,0.9464721873639348,0.0,2.2826110196153113
140.0,1700000140.0,1700000140000000000,48.847556358582615,16.424664967969726,0.0,-0.8212332483984863,0.9423778179291308,0.0,2.2876110196153103
140.1,1700000140.1,1700000140100000000,48.7651977819592,16.51869704922133,0.0,-0.8259348524610666,0.93825988909796,0.0,2.29261101961531
140.20000000000002,1700000140.2,1700000140200000000,48.68237007636856,16.612316163907085,0.0,-0.8306158081953542,0.934118503818428,0.0,2.297611019615312
140.3,1700000140.3,1700000140300000000,48.599075312499096,16.705519971553915,0.0,-0.8352759985776957,0.9299537656249547,0.0,2.302611019615311
140.4,1700000140.4,1700000140400000000,48.5153155727155,16.798306142071553,0.0,-0.8399153071035776,0.9257657786357751,0.0,2.307611019615311
140.5,1700000140.5,1700000140500000000,48.43109295100693,16.890672355810548,0.0,-0.8445336177905274,0.9215546475503466,0.0,2.3126110196153102
140.6,1700000140.6,1700000140600000000,48.34640955293453,16.98261630362037,0.0,-0.8491308151810185,0.9173204776467268,0.0,2.31761101961531
140.70000000000002,1700000140.7,1700000140700000000,48.26126749557884,17.07413568690713,0.0,-0.8537067843453565,0.9130633747789421,0.0,2.3226110196153114
140.8,1700000140.8,1700000140800000000,48.17566890748688,17.165228217690977,0.0,-0.8582614108845489,0.9087834453743442,0.0,2.327611019615311
140.9,1700000140.9,1700000140900000000,48.08961592861888,17.255891618663405,0.0,-0.8627945809331703,0.9044807964309443,0.0,2.332611019615311
141.0,1700000141.0,1700000141000000000,48.003110710294834,17.346123623244107,0.0,-0.8673061811622054,0.9001555355147418,0.0,2.337611019615311
141.1,1700000141.1,1700000141100000000,47.91615541514071,17.435921975637658,0.0,-0.8717960987818829,0.8958077707570355,0.0,2.34261101961531
141.20000000000002,1700000141.2,1700000141200000000,47.82875221703429,17.525284430889982,0.0,-0.8762642215444992,0.8914376108517146,0.0,2.3476110196153113
141.3,1700000141.3,1700000141300000000,47.740903301051056,17.614208754944283,0.0,-0.8807104377472141,0.8870451650525528,0.0,2.3526110196153116
141.4,1700000141.4,1700000141400000000,47.652610863409315,17.702692724697094,0.0,-0.8851346362348547,0.8826305431704657,0.0,2.35761101961531
141.5,1700000141.5,1700000141500000000,47.56387711141538,17.790734128053824,0.0,-0.8895367064026911,0.878193855570769,0.0,2.36261101961531
141.6,1700000141.6,1700000141600000000,47.47470426340844,17.878330763983946,0.0,-0.8939165381991974,0.8737352131704221,0.0,2.3676110196153104
141.70000000000002,1700000141.7,1700000141700000000,47.38509454870504,17.96548044257615,0.0,-0.8982740221288076,0.8692547274352522,0.0,2.372611019615311
141.8,1700000141.8,1700000141800000000,47.29505020754341,18.052180985092974,0.0,-0.9026090492546488,0.8647525103771708,0.0,2.377611019615311
141.9,1700000141.9,1700000141900000000,47.20457349102739,18.138430224025388,0.0,-0.9069215112012695,0.8602286745513693,0.0,2.382611019615311
142.0,1700000142.0,1700000142000000000,47.11366666107015,18.224226003146914,0.0,-0.9112113001573456,0.8556833330535074,0.0,2.387611019615311
142.1,1700000142.1,1700000142100000000,47.02233199033772,18.309566177567536,0.0,-0.9154783088783768,0.8511165995168861,0.0,2.3926110196153108
142.20000000000002,1700000142.2,1700000142200000000,46.9305717621921,18.394448613787358,0.0,-0.9197224306893679,0.846528588109605,0.0,2.3976110196153115
142.3,1700000142.3,1700000142300000000,46.83838827063424,18.47887118974986,0.0,-0.923943559487493,0.8419194135317118,0.0,2.4026110196153114
142.4,1700000142.4,1700000142400000000,46.74578382024661,18.56283179489506,0.0,-0.928141589744753,0.8372891910123303,0.0,2.4076110196153113
142.5,1700000142.5,1700000142500000000,46.65276072613567,18.646328330212185,0.0,-0.9323164165106093,0.8326380363067832,0.0,2.41261101961531
142.6,1700000142.6,1700000142600000000,46.55932131387388,18.729358708292235,0.0,-0.9364679354146117,0.827966065693694,0.0,2.41761101961531
142.70000000000002,1700000142.7,1700000142700000000,46.465467919441686,18.811920853380094,0.0,-0.9405960426690047,0.8232733959720842,0.0,2.422611019615312
142.8,1700000142.8,1700000142800000000,46.371202889169126,18.89401270142636,0.0,-0.9447006350713179,0.8185601444584562,0.0,2.427611019615311
142.9,1700000142.9,1700000142900000000,46.276528579676985,18.975632200139163,0.0,-0.9487816100069582,0.8138264289838493,0.0,2.432611019615311
143.0,1700000143.0,1700000143000000000,46.18144735781809,19.05677730903528,0.0,-0.952838865451764,0.8090723678909045,0.0,2.4376110196153102
143.1,1700000143.1,1700000143100000000,46.085961600618035,19.137445999491213,0.0,-0.9568722999745606,0.8042980800309016,0.0,2.4426110196153106
143.20000000000002,1700000143.2,1700000143200000000,45.99007369521575,19.21763625479391,0.0,-0.9608818127396955,0.7995036847607875,0.0,2.4476110196153114
143.3,1700000143.3,1700000143300000000,45.893786038803924,19.29734607019114,0.0,-0.964867303509557,0.7946893019401962,0.0,2.452611019615311
143.4,1700000143.4,1700000143400000000,45.797101038568925,19.376573452941688,0.0,-0.9688286726470845,0.7898550519284463,0.0,2.457611019615311
143.5,1700000143.5,1700000143500000000,45.700021111630726,19.455316422365108,0.0,-0.9727658211182554,0.7850010555815363,0.0,2.462611019615311
143.6,1700000143.6,1700000143600000000,45.602548684982466,19.53357300989125,0.0,-0.9766786504945625,0.7801274342491233,0.0,2.46761101961531
143.70000000000002,1700000143.7,1700000143700000000,45.504686195429656,19.61134125910956,0.0,-0.980567062955478,0.775234309771483,0.0,2.4726110196153117
143.8,1700000143.8,1700000143800000000,45.406436089529535,19.688619225817785,0.0,-0.9844309612908893,0.7703218044764769,0.0,2.477611019615311
143.9,1700000143.9,1700000143900000000,45.30780082352961,19.7654049780708,0.0,-0.9882702489035401,0.7653900411764807,0.0,2.48261101961531
144.0,1700000144.0,1700000144000000000,45.20878286330637,19.84169659622883,0.0,-0.9920848298114414,0.7604391431653181,0.0,2.4876110196153105
144.1,1700000144.1,1700000144100000000,45.109384684303656,19.917492173005368,0.0,-0.9958746086502684,0.7554692342151826,0.0,2.4926110196153104
144.20000000000002,1700000144.2,1700000144200000000,45.009608771470766,19.992789813514968,0.0,-0.9996394906757483,0.7504804385735384,0.0,2.4976110196153107
144.3,1700000144.3,1700000144300000000,44.90945761920036,20.067587635320507,0.0,-1.0033793817660253,0.745472880960018,0.0,2.502611019615311
144.4,1700000144.4,1700000144400000000,44.80893373126601,20.141883768480344,0.0,-1.0070941884240172,0.7404466865633003,0.0,2.507611019615311
144.5,1700000144.5,1700000144500000000,44.70803962075966,20.21567635559503,0.0,-1.0107838177797515,0.7354019810379833,0.0,2.512611019615311
144.6,1700000144.6,1700000144600000000,44.60677781002885,20.28896355185372,0.0,-1.014448177592686,0.7303388905014427,0.0,2.5176110196153103
144.70000000000002,1700000144.7,1700000144700000000,44.505150830613545,20.361743525080346,0.0,-1.0180871762540171,0.7252575415306771,0.0,2.522611019615311
144.8,1700000144.8,1700000144800000000,44.403161223182956,20.434014455779334,0.0,-1.0217007227889667,0.7201580611591478,0.0,2.5276110196153114
144.9,1700000144.9,1700000144900000000,44.30081153747196,20.505774537181203,0.0,-1.0252887268590603,0.7150405768735979,0.0,2.5326110196153113
145.0,1700000145.0,1700000145000000000,44.19810433221737,20.57702197528764,0.0,-1.028851098764382,0.7099052166108686,0.0,2.5376110196153103
145.1,1700000145.1,1700000145100000000,44.09504217509395,20.647754988916418,0.0,-1.032387749445821,0.7047521087546973,0.0,2.54261101961531
145.20000000000002,1700000145.2,1700000145200000000,43.99162764265022,20.717971809745908,0.0,-1.0358985904872955,0.6995813821325112,0.0,2.547611019615312
145.3,1700000145.3,1700000145300000000,43.88786332024422,20.787670682359174,0.0,-1.0393835341179587,0.694393166012211,0.0,2.552611019615311
145.4,1700000145.4,1700000145400000000,43.78375180197852,20.856849864288087,0.0,-1.0428424932144043,0.6891875900989258,0.0,2.557611019615311
145.5,1700000145.5,1700000145500000000,43.67929569063567,20.92550762605668,0.0,-1.0462753813028343,0.6839647845317833,0.0,2.5626110196153107
145.6,1700000145.6,1700000145600000000,43.57449759761302,20.993642251224497,0.0,-1.049682112561225,0.6787248798806509,0.0,2.5676110196153106
145.70000000000002,1700000145.7,1700000145700000000,43.46936014285741,21.06125203642946,0.0,-1.053062601821473,0.6734680071428705,0.0,2.572611019615311
145.8,1700000145.8,1700000145800000000,43.36388595479978,21.128335291430446,0.0,-1.0564167645715221,0.668194297739989,0.0,2.577611019615311
145.9,1700000145.9,1700000145900000000,43.25807767028931,21.194890339149573,0.0,-1.0597445169574786,0.6629038835144657,0.0,2.5826110196153107
146.0,1700000146.0,1700000146000000000,43.15193793452761,21.26091551571412,0.0,-1.0630457757857061,0.6575968967263807,0.0,2.587611019615311
146.1,1700000146.1,1700000146100000000,43.04546940100257,21.326409170498106,0.0,-1.0663204585249053,0.6522734700501285,0.0,2.5926110196153096
146.20000000000002,1700000146.2,1700000146200000000,42.93867473142189,21.391369666163612,0.0,-1.0695684833081807,0.6469337365710945,0.0,2.5976110196153117
146.3,1700000146.3,1700000146300000000,42.83155659564685,21.455795378701573,0.0,-1.0727897689350787,0.6415778297823427,0.0,2.6026110196153116
146.4,1700000146.4,1700000146400000000,42.72411767162525,21.51968469747254,0.0,-1.075984234873627,0.6362058835812627,0.0,2.6076110196153106
146.5,1700000146.5,1700000146500000000,42.61636064532456,21.583036025246905,0.0,-1.0791518012623453,0.630818032266228,0.0,2.6126110196153105
146.6,1700000146.6,1700000146600000000,42.50828821066483,21.645847778244747,0.0,-1.0822923889122373,0.6254144105332416,0.0,2.6176110196153104
146.70000000000002,1700000146.7,1700000146700000000,42.3999030694513,21.70811838617554,0.0,-1.0854059193087768,0.6199951534725647,0.0,2.622611019615311
146.8,1700000146.8,1700000146800000000,42.291207931306865,21.769846292277286,0.0,-1.0884923146138643,0.6145603965653433,0.0,2.6276110196153106
146.9,1700000146.9,1700000146900000000,42.18220551360432,21.83102995335558,0.0,-1.091551497667779,0.609110275680216,0.0,2.632611019615311
147.0,1700000147.0,1700000147000000000,42.07289854139843,21.891667839822066,0.0,-1.0945833919911032,0.6036449270699213,0.0,2.6376110196153104
147.1,1700000147.1,1700000147100000000,41.96328974735779,21.95175843573275,0.0,-1.0975879217866376,0.5981644873678895,0.0,2.6426110196153108
147.20000000000002,1700000147.2,1700000147200000000,41.85338187169654,22.01130023882587,0.0,-1.1005650119412935,0.5926690935848271,0.0,2.6476110196153115
147.3,1700000147.3,1700000147300000000,41.74317766210588,22.070291760559428,0.0,-1.1035145880279715,0.5871588831052941,0.0,2.6526110196153114
147.4,1700000147.4,1700000147400000000,41.63267987368529,22.128731526148467,0.0,-1.1064365763074233,0.5816339936842647,0.0,2.657611019615311
147.5,1700000147.5,1700000147500000000,41.521891268873745,22.18661807460188,0.0,-1.109330903730094,0.5760945634436875,0.0,2.6626110196153103
147.6,1700000147.6,1700000147600000000,41.41081461738057,22.24394995875899,0.0,-1.1121974979379496,0.5705407308690281,0.0,2.66761101961531
147.70000000000002,1700000147.7,1700000147700000000,41.29945269611621,22.30072574532569,0.0,-1.1150362872662845,0.5649726348058107,0.0,2.672611019615312
147.8,1700000147.8,1700000147800000000,41.18780828912303,22.356944014910223,0.0,-1.1178472007455111,0.5593904144561518,0.0,2.677611019615311
147.9,1700000147.9,1700000147900000000,41.07588418750531,22.41260336205881,0.0,-1.1206301681029405,0.5537942093752654,0.0,2.6826110196153103
148.0,1700000148.0,1700000148000000000,40.963683189359756,22.467702395290672,0.0,-1.1233851197645337,0.5481841594679879,0.0,2.6876110196153107
148.1,1700000148.1,1700000148100000000,40.8512080997055,22.522239737132843,0.0,-1.126111986856642,0.542560404985275,0.0,2.69261101961531
148.20000000000002,1700000148.2,1700000148200000000,40.738461730413896,22.576214024154627,0.0,-1.1288107012077315,0.5369230865206949,0.0,2.6976110196153114
148.3,1700000148.3,1700000148300000000,40.62544690013835,22.629623907001644,0.0,-1.1314811953500823,0.5312723450069174,0.0,2.7026110196153112
148.4,1700000148.4,1700000148400000000,40.5121664342437,22.68246805042961,0.0,-1.1341234025214806,0.5256083217121852,0.0,2.707611019615311
148.5,1700000148.5,1700000148500000000,40.39862316473571,22.734745133337693,0.0,-1.1367372566668845,0.5199311582367856,0.0,2.7126110196153106
148.6,1700000148.6,1700000148600000000,40.28481993019021,22.786453848801532,0.0,-1.1393226924400766,0.5142409965095107,0.0,2.71761101961531
148.70000000000002,1700000148.7,1700000148700000000,40.17075957568207,22.83759290410597,0.0,-1.1418796452052986,0.5085379787841036,0.0,2.7226110196153113
148.8,1700000148.8,1700000148800000000,40.0564449527143,22.88816102077725,0.0,-1.1444080510388626,0.502822247635715,0.0,2.7276110196153116
148.9,1700000148.9,1700000148900000000,39.941878919146504,22.93815693461509,0.0,-1.1469078467307545,0.4970939459573253,0.0,2.7326110196153106
149.0,1700000149.0,1700000149000000000,39.82706433912352,22.987579395724268,0.0,-1.1493789697862133,0.49135321695617595,0.0,2.7376110196153105
149.1,1700000149.1,1700000149100000000,39.712004083003876,23.03642716854582,0.0,-1.151821358427291,0.48560020415019395,0.0,2.7426110196153104
149.20000000000002,1700000149.2,1700000149200000000,39.59670102728798,23.084699031887983,0.0,-1.154234951594399,0.4798350513643989,0.0,2.747611019615311
149.3,1700000149.3,1700000149300000000,39.48115805454624,23.132393778956665,0.0,-1.1566196889478333,0.4740579027273121,0.0,2.752611019615311
149.4,1700000149.4,1700000149400000000,39.36537805334695,23.179510217385683,0.0,-1.158975510869284,0.4682689026673476,0.0,2.757611019615311
149.5,1700000149.5,1700000149500000000,39.24936391818411,23.226047169266533,0.0,-1.1613023584633266,0.4624681959092054,0.0,2.762611019615311
149.6,1700000149.6,1700000149600000000,39.13311854940505,23.27200347117784,0.0,-1.1636001735588921,0.4566559274702524,0.0,2.7676110196153108
149.70000000000002,1700000149.7,1700000149700000000,39.01664485313791,23.31737797421446,0.0,-1.1658688987107229,0.45083224265689564,0.0,2.7726110196153115
149.8,1700000149.8,1700000149800000000,38.899945741219085,23.362169544016158,0.0,-1.168108477200808,0.4449972870609544,0.0,2.777611019615311
149.9,1700000149.9,1700000149900000000,38.78302413112027,23.40637706079604,0.0,-1.1703188530398019,0.43915120655601353,0.0,2.7826110196153113
150.0,1700000150.0,1700000150000000000,38.665882945875644,23.449999419368474,0.0,-1.1724999709684236,0.4332941472937823,0.0,2.7876110196153103
150.1,1700000150.1,1700000150100000000,38.5485251140087,23.49303552917678,0.0,-1.1746517764588391,0.42742625570043496,0.0,2.79261101961531
150.20000000000002,1700000150.2,1700000150200000000,38.4309535694591,23.53548431432047,0.0,-1.1767742157160235,0.4215476784729549,0.0,2.797611019615312
150.3,1700000150.3,1700000150300000000,38.31317125150943,23.577344713582086,0.0,-1.1788672356791043,0.4156585625754717,0.0,2.802611019615311
150.4,1700000150.4,1700000150400000000,38.19518110471144,23.618615680453853,0.0,-1.1809307840226926,0.4097590552355719,0.0,2.807611019615311
150.5,1700000150.5,1700000150500000000,38.07698607881265,23.659296183163743,0.0,-1.1829648091581872,0.4038493039406328,0.0,2.8126110196153107
150.6,1700000150.6,1700000150600000000,37.95858912868258,23.69938520470131,0.0,-1.1849692602350657,0.397929456434129,0.0,2.8176110196153106
150.70000000000002,1700000150.7,1700000150700000000,37.839993214238774,23.73888174284311,0.0,-1.1869440871421555,0.3919996607119388,0.0,2.8226110196153114
150.8,1700000150.8,1700000150800000000,37.72120130037297,23.777784810177728,0.0,-1.1888892405088864,0.3860600650186485,0.0,2.8276110196153112
150.9,1700000150.9,1700000150900000000,37.6022163568768,23.81609343413052,0.0,-1.190804671706526,0.38011081784384,0.0,2.832611019615311
151.0,1700000151.0,1700000151000000000,37.48304135836766,23.853806656987878,0.0,-1.1926903328493939,0.37415206791838274,0.0,2.837611019615311
151.1,1700000151.1,1700000151100000000,37.363679284214314,23.89092353592119,0.0,-1.1945461767960595,0.36818396421071575,0.0,2.84261101961531
151.20000000000002,1700000151.2,1700000151200000000,37.24413311846233,23.92744314301044,0.0,-1.196372157150522,0.3622066559231165,0.0,2.8476110196153117
151.3,1700000151.3,1700000151300000000,37.124405849759725,23.96336456526732,0.0,-1.1981682282633659,0.35622029248798626,0.0,2.8526110196153116
151.4,1700000151.4,1700000151400000000,37.00450047128196,23.998686904658154,0.0,-1.1999343452329077,0.35022502356409796,0.0,2.8576110196153106
151.5,1700000151.5,1700000151500000000,36.884419980657206,24.03340927812631,0.0,-1.2016704639063156,0.3442209990328604,0.0,2.8626110196153105
151.6,1700000151.6,1700000151600000000,36.764167379891504,24.06753081761425,0.0,-1.2033765408807127,0.3382083689945752,0.0,2.8676110196153104
151.70000000000002,1700000151.7,1700000151700000000,36.64374567529358,24.101050670085275,0.0,-1.2050525335042637,0.33218728376467893,0.0,2.872611019615311
151.8,1700000151.8,1700000151800000000,36.523157877399825,24.1339679975448,0.0,-1.20669839987724,0.3261578938699911,0.0,2.877611019615311
151.9,1700000151.9,1700000151900000000,36.402407000898876,24.166281977061367,0.0,-1.2083140988530683,0.320120350044944,0.0,2.882611019615311
152.0,1700000152.0,1700000152000000000,36.28149606455637,24.197991800787165,0.0,-1.209899590039358,0.31407480322781856,0.0,2.887611019615311
152.1,1700000152.1,1700000152100000000,36.16042809113941,24.229096675978255,0.0,-1.2114548337989126,0.3080214045569706,0.0,2.8926110196153108
152.20000000000002,1700000152.2,1700000152200000000,36.039206107341,24.25959582501438,0.0,-1.212979791250719,0.30196030536705026,0.0,2.8976110196153115
152.3,1700000152.3,1700000152300000000,35.91783314370448,24.289488485418396,0.0,-1.2144744242709198,0.295891657185224,0.0,2.9026110196153114
152.4,1700000152.4,1700000152400000000,35.796312234547585,24.31877390987535,0.0,-1.2159386954937674,0.28981561172737913,0.0,2.9076110196153113
152.5,1700000152.5,1700000152500000000,35.674646417886734,24.347451366251153,0.0,-1.2173725683125578,0.28373232089433664,0.0,2.9126110196153103
152.6,1700000152.6,1700000152600000000,35.55283873536097,24.375520137610906,0.0,-1.2187760068805453,0.2776419367680485,0.0,2.91761101961531
152.70000000000002,1700000152.7,1700000152700000000,35.43089223215599,24.40297952223678,0.0,-1.2201489761118391,0.2715446116077994,0.0,2.922611019615312
152.8,1700000152.8,1700000152800000000,35.30880995692813,24.429828833645576,0.0,-1.2214914416822789,0.2654404978464064,0.0,2.927611019615311
152.9,1700000152.9,1700000152900000000,35.18659496172782,24.456067400605917,0.0,-1.222803370030296,0.2593297480863911,0.0,2.932611019615311
153.0,1700000153.0,1700000153000000000,35.06425030192361,24.481694567155,0.0,-1.22408472835775,0.2532125150961804,0.0,2.9376110196153107
153.1,1700000153.1,1700000153100000000,34.94177903612561,24.50670969261499,0.0,-1.2253354846307494,0.24708895180628046,0.0,2.9426110196153106
153.20000000000002,1700000153.2,1700000153200000000,34.81918422610907,24.531112151609058,0.0,-1.226555607580453,0.24095921130545345,0.0,2.9476110196153114
153.3,1700000153.3,1700000153300000000,34.6964689367379,24.55490133407699,0.0,-1.2277450667038496,0.23482344683689485,0.0,2.9526110196153112
153.4,1700000153.4,1700000153400000000,34.57363623588792,24.578076645290473,0.0,-1.2289038322645236,0.22868181179439573,0.0,2.957611019615311
153.5,1700000153.5,1700000153500000000,34.45068919437024,24.60063750586793,0.0,-1.2300318752933965,0.22253445971851224,0.0,2.962611019615311
153.60000000000002,1700000153.6,1700000153600000000,34.327630885854504,24.62258335178903,0.0,-1.2311291675894513,0.216381544292725,0.0,2.967611019615312
153.70000000000002,1700000153.7,1700000153700000000,34.204464386792026,24.64391363440875,0.0,-1.2321956817204376,0.21022321933960142,0.0,2.9726110196153117
153.8,1700000153.8,1700000153800000000,34.08119277633887,24.66462782047115,0.0,-1.2332313910235575,0.20405963881694344,0.0,2.9776110196153116
153.9,1700000153.9,1700000153900000000,33.957819136278886,24.68472539212265,0.0,-1.2342362696061324,0.19789095681394425,0.0,2.9826110196153106
154.0,1700000154.0,1700000154000000000,33.834346550946606,24.70420584692501,0.0,-1.2352102923462505,0.19171732754733045,0.0,2.9876110196153105
154.10000000000002,1700000154.1,1700000154100000000,33.71077810715022,24.72306869786788,0.0,-1.236153434893394,0.185538905357511,0.0,2.992611019615312
154.20000000000002,1700000154.2,1700000154200000000,33.587116894094486,24.741313473380956,0.0,-1.2370656736690477,0.1793558447047244,0.0,2.997611019615311
154.3,1700000154.3,1700000154300000000,33.46336600330321,24.758939717345804,0.0,-1.2379469858672902,0.17316830016516055,0.0,3.002611019615311
154.4,1700000154.4,1700000154400000000,33.33952852854223,24.775946989107247,0.0,-1.2387973494553624,0.16697642642711172,0.0,3.007611019615311
154.5,1700000154.5,1700000154500000000,33.215607565741976,24.792334863484378,0.0,-1.2396167431742189,0.1607803782870989,0.0,3.012611019615311
154.60000000000002,1700000154.6,1700000154600000000,33.091606212920034,24.80810293078119,0.0,-1.2404051465390595,0.15458031064600175,0.0,3.0176110196153116
154.70000000000002,1700000154.7,1700000154700000000,32.96752757010381,24.823250796796817,0.0,-1.241162539839841,0.14837637850519061,0.0,3.0226110196153115
154.8,1700000154.8,1700000154800000000,32.843374739252894,24.8377780828354,0.0,-1.24188890414177,0.1421687369626448,0.0,3.0276110196153114
154.9,1700000154.9,1700000154900000000,32.71915082418159,24.851684425715543,0.0,-1.2425842212857772,0.1359575412090795,0.0,3.0326110196153113
155.0,1700000155.0,1700000155000000000,32.59485893048132,24.864969477779404,0.0,-1.2432484738889702,0.1297429465240662,0.0,3.0376110196153103
155.10000000000002,1700000155.1,1700000155100000000,32.47050216544288,24.877632906901372,0.0,-1.2438816453450687,0.12352510827214394,0.0,3.042611019615312
155.20000000000002,1700000155.2,1700000155200000000,32.346083637979014,24.889674396496375,0.0,-1.2444837198248186,0.1173041818989507,0.0,3.047611019615312
155.3,1700000155.3,1700000155300000000,32.22160645854641,24.901093645527798,0.0,-1.24505468227639,0.11108032292732065,0.0,3.052611019615311
155.4,1700000155.4,1700000155400000000,32.09707373906804,24.911890368515017,0.0,-1.2455945184257509,0.10485368695340175,0.0,3.057611019615311
155.5,1700000155.5,1700000155500000000,31.972488592855402,24.922064295540515,0.0,-1.2461032147770257,0.09862442964277013,0.0,3.0626110196153107
155.60000000000002,1700000155.6,1700000155600000000,31.84785413453066,24.93161517225665,0.0,-1.2465807586128324,0.09239270672653302,0.0,3.0676110196153115
155.70000000000002,1700000155.7,1700000155700000000,31.72317347994882,24.940542759891997,0.0,-1.2470271379945999,0.08615867399744098,0.0,3.0726110196153114
155.8,1700000155.8,1700000155800000000,31.59844974611973,24.94884683525733,0.0,-1.2474423417628666,0.07992248730598643,0.0,3.0776110196153112
155.9,1700000155.9,1700000155900000000,31.473686051130237,24.956527190751203,0.0,-1.2478263595375603,0.07368430255651184,0.0,3.082611019615311
156.0,1700000156.0,1700000156000000000,31.34888551406622,24.963583634365126,0.0,-1.2481791817182561,0.06744427570331107,0.0,3.087611019615311
156.10000000000002,1700000156.1,1700000156100000000,31.224051254934587,24.970015989688374,0.0,-1.2485007994844186,0.06120256274672934,0.0,3.092611019615312
156.20000000000002,1700000156.2,1700000156200000000,31.099186394585352,24.9758240959124,0.0,-1.24879120479562,0.05495931972926767,0.0,3.0976110196153117
156.3,1700000156.3,1700000156300000000,30.974294054633503,24.98100780783485,0.0,-1.2490503903917425,0.048714702731675226,0.0,3.1026110196153116
156.4,1700000156.4,1700000156400000000,30.849377357381055,24.9855669958632,0.0,-1.2492783497931599,0.04246886786905283,0.0,3.1076110196153106
156.5,1700000156.5,1700000156500000000,30.72443942573889,24.98950154601798,0.0,-1.2494750773008991,0.036221971286944515,0.0,3.1126110196153105
156.60000000000002,1700000156.6,1700000156600000000,30.59948338314877,24.99281135993565,0.0,-1.2496405679967826,0.029974169157438363,0.0,3.117611019615312
156.70000000000002,1700000156.7,1700000156700000000,30.474512353505354,24.995496354871026,0.0,-1.2497748177435515,0.023725617675267763,0.0,3.122611019615311
156.8,1700000156.8,1700000156800000000,30.349529461077797,24.99755646369938,0.0,-1.249877823184969,0.01747647305388987,0.0,3.127611019615311
156.9,1700000156.9,1700000156900000000,30.224537830431917,24.998991634918095,0.0,-1.2499495817459048,0.01122689152159587,0.0,3.132611019615311
157.0,1700000157.0,1700000157000000000,30.09954058635197,24.999801832647968,0.0,-1.2499900916323985,0.004977029317598564,0.0,3.137611019615311
157.10000000000002,1700000157.1,1700000157100000000,29.97454085376253,24.999987036634096,0.0,-1.249999351831705,-0.0012729573118735753,0.0,-3.140574287564275
157.20000000000002,1700000157.2,1700000157200000000,29.84954175765044,24.99954724224639,0.0,-1.2499773621123196,-0.007522912117478107,0.0,-3.135574287564275
157.3,1700000157.3,1700000157300000000,29.72454642298657,24.998482460479686,0.0,-1.2499241230239844,-0.01377267885067152,0.0,-3.1305742875642752
157.4,1700000157.4,1700000157400000000,29.59955797464778,24.996792717953472,0.0,-1.2498396358976736,-0.02002210126761099,0.0,-3.1255742875642754
157.5,1700000157.5,1700000157500000000,29.47457953733879,24.99447805691123,0.0,-1.2497239028455613,-0.026271023133060477,0.0,-3.1205742875642764
157.60000000000002,1700000157.6,1700000157600000000,29.349614235513936,24.991538535219355,0.0,-1.2495769267609678,-0.03251928822430325,0.0,-3.1155742875642747
157.70000000000002,1700000157.7,1700000157700000000,29.224665193299362,24.98797422636574,0.0,-1.249398711318287,-0.038766740335031906,0.0,-3.110574287564275
157.8,1700000157.8,1700000157800000000,29.099735534414595,24.983785219457925,0.0,-1.2491892609728963,-0.04501322327927018,0.0,-3.105574287564276
157.9,1700000157.9,1700000157900000000,28.97482838209456,24.978971619220857,0.0,-1.2489485809610428,-0.05125858089527202,0.0,-3.100574287564276
158.0,1700000158.0,1700000158000000000,28.849946859011578,24.9735335459943,0.0,-1.248676677299715,-0.05750265704942119,0.0,-3.095574287564276
158.10000000000002,1700000158.1,1700000158100000000,28.725094087197196,24.967471135729795,0.0,-1.2483735567864898,-0.06374529564014016,0.0,-3.090574287564275
158.20000000000002,1700000158.2,1700000158200000000,28.60027318796426,24.960784539987284,0.0,-1.2480392269993643,-0.06998634060178709,0.0,-3.0855742875642753
158.3,1700000158.3,1700000158300000000,28.47548728182872,24.953473925931316,0.0,-1.2476736962965658,-0.07622563590856407,0.0,-3.0805742875642754
158.4,1700000158.4,1700000158400000000,28.35073948843173,24.945539476326857,0.0,-1.2472769738163427,-0.08246302557841345,0.0,-3.0755742875642755
158.5,1700000158.5,1700000158500000000,28.226032926461635,24.936981389534736,0.0,-1.2468490694767367,-0.08869835367691829,0.0,-3.0705742875642756
158.60000000000002,1700000158.6,1700000158600000000,28.10137071357596,24.927799879506672,0.0,-1.2463899939753338,-0.09493146432120203,0.0,-3.065574287564275
158.70000000000002,1700000158.7,1700000158700000000,27.97675596632358,24.917995175779946,0.0,-1.2458997587889973,-0.10116220168382097,0.0,-3.060574287564275
158.8,1700000158.8,1700000158800000000,27.852191800066667,24.907567523471638,0.0,-1.245378376173582,-0.10739040999666667,0.0,-3.055574287564275
158.9,1700000158.9,1700000158900000000,27.727681328902907,24.896517183272515,0.0,-1.2448258591636256,-0.11361593355485461,0.0,-3.050574287564276
159.0,1700000159.0,1700000159000000000,27.603227665587553,24.8848444314405,0.0,-1.2442422215720248,-0.11983861672062227,0.0,-3.045574287564276
159.10000000000002,1700000159.1,1700000159100000000,27.478833921455685,24.872549559793775,0.0,-1.2436274779896888,-0.1260583039272157,0.0,-3.0405742875642745
159.20000000000002,1700000159.2,1700000159200000000,27.354503206344535,24.859632875703507,0.0,-1.2429816437851753,-0.1322748396827732,0.0,-3.0355742875642755
159.3,1700000159.3,1700000159300000000,27.23023862851542,24.84609470208612,0.0,-1.242304735104306,-0.138488068574229,0.0,-3.0305742875642756
159.4,1700000159.4,1700000159400000000,27.10604329457633,24.831935377395244,0.0,-1.241596768869762,-0.14469783527118338,0.0,-3.0255742875642757
159.5,1700000159.5,1700000159500000000,26.981920309404153,24.81715525561326,0.0,-1.240857762780663,-0.1509039845297923,0.0,-3.020574287564276
159.60000000000002,1700000159.6,1700000159600000000,26.857872776067026,24.801754706242445,0.0,-1.2400877353121222,-0.15710636119664867,0.0,-3.015574287564275
159.70000000000002,1700000159.7,1700000159700000000,26.733903795746865,24.78573411429573,0.0,-1.2392867057147865,-0.16330481021265666,0.0,-3.010574287564275
159.8,1700000159.8,1700000159800000000,26.610016467661705,24.769093880287084,0.0,-1.2384546940143544,-0.16949917661691477,0.0,-3.0055742875642752
159.9,1700000159.9,1700000159900000000,26.48621388898829,24.75183442022149,0.0,-1.2375917210110745,-0.17568930555058554,0.0,-3.0005742875642754
160.0,1700000160.0,1700000160000000000,26.36249915478466,24.733956165584544,0.0,-1.2366978082792273,-0.18187504226076692,0.0,-2.9955742875642764
160.10000000000002,1700000160.1,1700000160100000000,26.23887535791267,24.71545956333168,0.0,-1.235772978166584,-0.18805623210436662,0.0,-2.9905742875642756
160.20000000000002,1700000160.2,1700000160200000000,26.115345588960835,24.696345075876998,0.0,-1.2348172537938498,-0.19423272055195828,0.0,-2.985574287564275
160.3,1700000160.3,1700000160300000000,25.991912936166994,24.676613181081688,0.0,-1.2338306590540844,-0.20040435319165026,0.0,-2.980574287564276
160.4,1700000160.4,1700000160400000000,25.868580485340953,24.656264372242084,0.0,-1.2328132186121041,-0.20657097573295233,0.0,-2.975574287564275
160.5,1700000160.5,1700000160500000000,25.745351319787645,24.635299158077366,0.0,-1.2317649579038683,-0.21273243401061778,0.0,-2.970574287564276
160.60000000000002,1700000160.6,1700000160600000000,25.6222285202297,24.613718062716767,0.0,-1.2306859031358384,-0.21888857398851497,0.0,-2.965574287564275
160.70000000000002,1700000160.7,1700000160700000000,25.499215164730742,24.59152162568657,0.0,-1.2295760812843286,-0.2250392417634629,0.0,-2.9605742875642744
160.8,1700000160.8,1700000160800000000,25.376314328618292,24.568710401896546,0.0,-1.2284355200948274,-0.23118428356908532,0.0,-2.9555742875642754
160.9,1700000160.9,1700000160900000000,25.25352908440681,24.54528496162609,0.0,-1.2272642480813045,-0.2373235457796594,0.0,-2.9505742875642764
161.0,1700000161.0,1700000161000000000,25.130862501720966,24.521245890509988,0.0,-1.2260622945254993,-0.24345687491395168,0.0,-2.9455742875642756
161.10000000000002,1700000161.1,1700000161100000000,25.008317647218977,24.496593789523768,0.0,-1.2248296894761883,-0.2495841176390512,0.0,-2.940574287564275
161.20000000000002,1700000161.2,1700000161200000000,24.885897584515867,24.471329274968685,0.0,-1.2235664637484343,-0.25570512077420676,0.0,-2.935574287564276
161.3,1700000161.3,1700000161300000000,24.76360537410674,24.445452978456263,0.0,-1.2222726489228133,-0.261819731294663,0.0,-2.930574287564275
161.4,1700000161.4,1700000161400000000,24.641444073290575,24.41896554689259,0.0,-1.2209482773446294,-0.26792779633547126,0.0,-2.925574287564276
161.5,1700000161.5,1700000161500000000,24.519416736093447,24.391867642462053,0.0,-1.2195933821231026,-0.2740291631953278,0.0,-2.9205742875642753
161.60000000000002,1700000161.6,1700000161600000000,24.397526413192466,24.364159942610865,0.0,-1.2182079971305433,-0.28012367934037674,0.0,-2.9155742875642745
161.70000000000002,1700000161.7,1700000161700000000,24.275776151839402,24.33584314003009,0.0,-1.2167921570015046,-0.28621119240802984,0.0,-2.9105742875642755
161.8,1700000161.8,1700000161800000000,24.154168995784367,24.30691794263829,0.0,-1.2153458971319144,-0.2922915502107817,0.0,-2.9055742875642747
161.9,1700000161.9,1700000161900000000,24.032707985200005,24.27738507356392,0.0,-1.213869253678196,-0.29836460073999965,0.0,-2.9005742875642757
162.0,1700000162.0,1700000162000000000,23.91139615660522,24.247245271127156,0.0,-1.2123622635563578,-0.3044301921697389,0.0,-2.8955742875642767
162.10000000000002,1700000162.1,1700000162100000000,23.790236542789323,24.21649928882147,0.0,-1.2108249644410736,-0.310488172860534,0.0,-2.890574287564274
162.20000000000002,1700000162.2,1700000162200000000,23.669232172736514,24.18514789529486,0.0,-1.2092573947647431,-0.3165383913631744,0.0,-2.885574287564275
162.3,1700000162.3,1700000162300000000,23.548386071549658,24.153191874330513,0.0,-1.2076595937165255,-0.3225806964225172,0.0,-2.880574287564276
162.4,1700000162.4,1700000162400000000,23.42770126037495,24.12063202482727,0.0,-1.2060316012413637,-0.32861493698125255,0.0,-2.8755742875642754
162.5,1700000162.5,1700000162500000000,23.307180756326467,24.087469160779705,0.0,-1.204373458038985,-0.3346409621836766,0.0,-2.8705742875642764
162.60000000000002,1700000162.6,1700000162600000000,23.18682757241045,24.053704111257655,0.0,-1.202685205562883,-0.34065862137947744,0.0,-2.8655742875642756
162.70000000000002,1700000162.7,1700000162700000000,23.06664471745027,24.019337720385625,0.0,-1.2009668860192813,-0.34666776412748646,0.0,-2.860574287564275
162.8,1700000162.8,1700000162800000000,22.946635196011087,23.984370847321603,0.0,-1.1992185423660802,-0.3526682401994457,0.0,-2.855574287564276
162.9,1700000162.9,1700000162900000000,22.8268020083246,23.94880436623557,0.0,-1.1974402183117785,-0.3586598995837702,0.0,-2.850574287564275
163.0,1700000163.0,1700000163000000000,22.707148150214337,23.91263916628773,0.0,-1.1956319583143864,-0.36464259248928316,0.0,-2.845574287564276
163.10000000000002,1700000163.1,1700000163100000000,22.587676613020445,23.875876151606164,0.0,-1.193793807580308,-0.3706161693489778,0.0,-2.840574287564275
163.20000000000002,1700000163.2,1700000163200000000,22.46839038352517,23.838516241264344,0.0,-1.1919258120632172,-0.3765804808237416,0.0,-2.8355742875642744
163.3,1700000163.3,1700000163300000000,22.349292443878074,23.800560369258093,0.0,-1.1900280184629046,-0.3825353778060963,0.0,-2.8305742875642754
163.4,1700000163.4,1700000163400000000,22.230385771521412,23.76200948448222,0.0,-1.188100474224111,-0.3884807114239295,0.0,-2.8255742875642764
163.5,1700000163.5,1700000163500000000,22.111673339115747,23.72286455070683,0.0,-1.1861432275353414,-0.39441633304421253,0.0,-2.8205742875642756
163.60000000000002,1700000163.6,1700000163600000000,21.993158114465757,23.683126546553233,0.0,-1.1841563273276616,-0.4003420942767121,0.0,-2.815574287564275
163.70000000000002,1700000163.7,1700000163700000000,21.874843060445926,23.642796465469484,0.0,-1.182139823273474,-0.4062578469777037,0.0,-2.810574287564276
163.8,1700000163.8,1700000163800000000,21.756731134926355,23.601875315705474,0.0,-1.1800937657852737,-0.41216344325368215,0.0,-2.805574287564275
163.9,1700000163.9,1700000163900000000,21.638825290699117,23.560364120287854,0.0,-1.1780182060143927,-0.418058735465044,0.0,-2.800574287564276
164.0,1700000164.0,1700000164000000000,21.521128475404094,23.518263916994314,0.0,-1.1759131958497158,-0.4239435762297953,0.0,-2.7955742875642753
164.10000000000002,1700000164.1,1700000164100000000,21.40364363145558,23.475575758327754,0.0,-1.1737787879163877,-0.4298178184272211,0.0,-2.7905742875642745
164.20000000000002,1700000164.2,1700000164200000000,21.28637369596859,23.43230071148994,0.0,-1.171615035574497,-0.4356813152015705,0.0,-2.7855742875642755
164.3,1700000164.3,1700000164300000000,21.169321600685326,23.38843985835475,0.0,-1.1694219929177376,-0.4415339199657337,0.0,-2.7805742875642747
164.4,1700000164.4,1700000164400000000,21.05249027190216,23.343994295441266,0.0,-1.1671997147720634,-0.4473754864048922,0.0,-2.7755742875642757
164.5,1700000164.5,1700000164500000000,20.935882630396172,23.298965133886227,0.0,-1.1649482566943115,-0.4532058684801914,0.0,-2.7705742875642767
164.60000000000002,1700000164.6,1700000164600000000,20.819501591352257,23.2533534994163,0.0,-1.162667674970815,-0.4590249204323871,0.0,-2.765574287564274
164.70000000000002,1700000164.7,1700000164700000000,20.70335006429049,23.207160532320028,0.0,-1.1603580266160014,-0.46483249678547545,0.0,-2.760574287564275
164.8,1700000164.8,1700000164800000000,20.587430952992918,23.160387387419153,0.0,-1.1580193693709577,-0.4706284523503541,0.0,-2.755574287564276
164.9,1700000164.9,1700000164900000000,20.47174715543124,23.113035234039845,0.0,-1.1556517617019921,-0.47641264222843804,0.0,-2.7505742875642754
165.0,1700000165.0,1700000165000000000,20.356301563694455,23.065105255983507,0.0,-1.1532552627991752,-0.4821849218152773,0.0,-2.7455742875642764
165.10000000000002,1700000165.1,1700000165100000000,20.24109706391626,23.01659865149706,0.0,-1.150829932574853,-0.487945146804187,0.0,-2.7405742875642756
165.20000000000002,1700000165.2,1700000165200000000,20.12613653620319,22.9675166332431,0.0,-1.148375831662155,-0.49369317318984035,0.0,-2.735574287564275
165.3,1700000165.3,1700000165300000000,20.011422854562497,22.917860428269556,0.0,-1.1458930214134777,-0.49942885727187514,0.0,-2.730574287564276
165.4,1700000165.4,1700000165400000000,19.89695888683016,22.867631277978923,0.0,-1.1433815638989462,-0.505152055658492,0.0,-2.725574287564275
165.5,1700000165.5,1700000165500000000,19.78274749459949,22.81683043809738,0.0,-1.140841521904869,-0.5108626252700254,0.0,-2.720574287564276
165.60000000000002,1700000165.6,1700000165600000000,19.66879153314927,22.76545917864324,0.0,-1.138272958932162,-0.5165604233425365,0.0,-2.715574287564275
165.70000000000002,1700000165.7,1700000165700000000,19.55509385137264,22.71351878389534,0.0,-1.1356759391947668,-0.5222453074313681,0.0,-2.7105742875642744
165.8,1700000165.8,1700000165800000000,19.441657291705752,22.66101055236085,0.0,-1.1330505276180425,-0.5279171354147123,0.0,-2.7055742875642754
165.9,1700000165.9,1700000165900000000,19.32848469005667,22.60793579674281,0.0,-1.1303967898371405,-0.5335757654971667,0.0,-2.7005742875642764
166.0,1700000166.0,1700000166000000000,19.21557887573448,22.554295843907333,0.0,-1.1277147921953665,-0.539221056213276,0.0,-2.6955742875642756
166.10000000000002,1700000166.1,1700000166100000000,19.102942671378713,22.500092034850457,0.0,-1.1250046017425228,-0.5448528664310645,0.0,-2.690574287564275
166.20000000000002,1700000166.2,1700000166200000000,18.990578892888642,22.44532572466461,0.0,-1.1222662862332307,-0.5504710553555678,0.0,-2.685574287564276
166.3,1700000166.3,1700000166300000000,18.878490349352806,22.389998282504653,0.0,-1.1194999141252326,-0.5560754825323597,0.0,-2.680574287564275
166.4,1700000166.4,1700000166400000000,18.76667984297903,22.334111091553797,0.0,-1.11670555457769,-0.5616660078510485,0.0,-2.675574287564276
166.5,1700000166.5,1700000166500000000,18.655150169024072,22.277665548988868,0.0,-1.1138832774494434,-0.5672424915487964,0.0,-2.6705742875642753
166.60000000000002,1700000166.6,1700000166600000000,18.54390411572401,22.220663065945505,0.0,-1.1110331532972753,-0.5728047942137995,0.0,-2.6655742875642745
166.70000000000002,1700000166.7,1700000166700000000,18.432944464224427,22.163105067482842,0.0,-1.1081552533741421,-0.5783527767887787,0.0,-2.6605742875642755
166.8,1700000166.8,1700000166800000000,18.322273988510744,22.104992992547796,0.0,-1.1052496496273898,-0.5838863005744628,0.0,-2.6555742875642747
166.9,1700000166.9,1700000166900000000,18.211895455339175,22.04632829393926,0.0,-1.102316414696963,-0.5894052272330412,0.0,-2.6505742875642757
167.0,1700000167.0,1700000167000000000,18.101811624167258,21.987112438271623,0.0,-1.0993556219135812,-0.5949094187916371,0.0,-2.6455742875642767
167.10000000000002,1700000167.1,1700000167100000000,17.992025247084964,21.927346905938144,0.0,-1.0963673452969072,-0.6003987376457518,0.0,-2.640574287564274
167.20000000000002,1700000167.2,1700000167200000000,17.882539068746155,21.86703319107411,0.0,-1.0933516595537054,-0.6058730465626923,0.0,-2.635574287564275
167.3,1700000167.3,1700000167300000000,17.77335582629951,21.806172801519203,0.0,-1.09030864007596,-0.6113322086850245,0.0,-2.630574287564276
167.4,1700000167.4,1700000167400000000,17.664478249320368,21.744767258779977,0.0,-1.0872383629389988,-0.6167760875339817,0.0,-2.6255742875642754
167.5,1700000167.5,1700000167500000000,17.555909059742554,21.68281809799184,0.0,-1.084140904899592,-0.6222045470128724,0.0,-2.6205742875642764
167.60000000000002,1700000167.6,1700000167600000000,17.447650971790075,21.620326867880546,0.0,-1.0810163433940274,-0.6276174514104961,0.0,-2.6155742875642756
167.70000000000002,1700000167.7,1700000167700000000,17.33970669190954,21.55729513072361,0.0,-1.0778647565361805,-0.6330146654045231,0.0,-2.610574287564275
167.8,1700000167.8,1700000167800000000,17.232078918702353,21.493724462311206,0.0,-1.0746862231155603,-0.6383960540648824,0.0,-2.605574287564276
167.9,1700000167.9,1700000167900000000,17.12477034285717,21.429616451906682,0.0,-1.071480822595334,-0.6437614828571416,0.0,-2.600574287564275
168.0,1700000168.0,1700000168000000000,17.01778364708286,21.364972702207012,0.0,-1.0682486351103506,-0.649110817645857,0.0,-2.595574287564276
168.10000000000002,1700000168.1,1700000168100000000,16.911121506041184,21.29979482930252,0.0,-1.064989741465126,-0.6544439246979408,0.0,-2.590574287564275
168.20000000000002,1700000168.2,1700000168200000000,16.804786586280144,21.23408446263666,0.0,-1.061704223131833,-0.6597606706859928,0.0,-2.5855742875642744
168.3,1700000168.3,1700000168300000000,16.698781546167233,21.167843244965194,0.0,-1.0583921622482597,-0.6650609226916383,0.0,-2.5805742875642754
168.4,1700000168.4,1700000168400000000,16.5931090358229,21.1010728323151,0.0,-1.055053641615755,-0.670344548208855,0.0,-2.5755742875642764
168.5,1700000168.5,1700000168500000000,16.487771697054356,21.033774893943185,0.0,-1.0516887446971592,-0.6756114151472821,0.0,-2.5705742875642756
168.60000000000002,1700000168.6,1700000168600000000,16.382772163289626,20.96595111229443,0.0,-1.0482975556147216,-0.6808613918355187,0.0,-2.565574287564275
168.70000000000002,1700000168.7,1700000168700000000,16.27811305951162,20.89760318295987,0.0,-1.0448801591479935,-0.686094347024419,0.0,-2.560574287564276
168.8,1700000168.8,1700000168800000000,16.17379700219241,20.828732814634126,0.0,-1.0414366407317064,-0.6913101498903795,0.0,-2.555574287564275
168.9,1700000168.9,1700000168900000000,16.069826599228065,20.75934172907287,0.0,-1.0379670864536434,-0.6965086700385967,0.0,-2.550574287564276
169.0,1700000169.0,1700000169000000000,15.966204449873176,20.689431661049575,0.0,-1.0344715830524789,-0.7016897775063412,0.0,-2.5455742875642753
169.10000000000002,1700000169.1,1700000169100000000,15.862933144676113,20.619004358312328,0.0,-1.0309502179156165,-0.7068533427661944,0.0,-2.5405742875642745
169.20000000000002,1700000169.2,1700000169200000000,15.760015265414166,20.548061581540054,0.0,-1.0274030790770028,-0.7119992367292917,0.0,-2.5355742875642755
169.3,1700000169.3,1700000169300000000,15.65745338502888,20.47660510429843,0.0,-1.0238302552149214,-0.717127330748556,0.0,-2.5305742875642747
169.4,1700000169.4,1700000169400000000,15.555250067561998,20.404636712995707,0.0,-1.0202318356497855,-0.7222374966219002,0.0,-2.5255742875642757
169.5,1700000169.5,1700000169500000000,15.453407868091096,20.332158206837907,0.0,-1.0166079103418952,-0.7273296065954451,0.0,-2.5205742875642767
169.60000000000002,1700000169.6,1700000169600000000,15.351929332665788,20.259171397783845,0.0,-1.0129585698891923,-0.7324035333667106,0.0,-2.515574287564274
169.70000000000002,1700000169.7,1700000169700000000,15.250816998244314,20.185678110500056,0.0,-1.0092839055250027,-0.7374591500877843,0.0,-2.510574287564275
169.8,1700000169.8,1700000169800000000,15.150073392629697,20.111680182314842,0.0,-1.0055840091157422,-0.7424963303685151,0.0,-2.505574287564276
169.9,1700000169.9,1700000169900000000,15.049701034406796,20.037179463172524,0.0,-1.0018589731586263,-0.7475149482796601,0.0,-2.5005742875642754
170.0,1700000170.0,1700000170000000000,14.949702432879409,19.962177815587257,0.0,-0.9981088907793628,-0.7525148783560296,0.0,-2.4955742875642764
170.10000000000002,1700000170.1,1700000170100000000,14.850080088007296,19.886677114596267,0.0,-0.9943338557298134,-0.7574959955996352,0.0,-2.4905742875642756
170.20000000000002,1700000170.2,1700000170200000000,14.750836490343925,19.810679247713182,0.0,-0.990533962385659,-0.7624581754828037,0.0,-2.485574287564275
170.3,1700000170.3,1700000170300000000,14.651974120974105,19.734186114880732,0.0,-0.9867093057440366,-0.7674012939512947,0.0,-2.480574287564276
170.4,1700000170.4,1700000170400000000,14.553495451451852,19.657199628423204,0.0,-0.9828599814211602,-0.7723252274274074,0.0,-2.475574287564275
170.5,1700000170.5,1700000170500000000,14.45540294373884,19.579721712998804,0.0,-0.9789860856499402,-0.7772298528130581,0.0,-2.470574287564276
170.60000000000002,1700000170.6,1700000170600000000,14.357699050142584,19.50175430555133,0.0,-0.9750877152775665,-0.7821150474928708,0.0,-2.465574287564275
170.70000000000002,1700000170.7,1700000170700000000,14.260386213255375,19.423299355261932,0.0,-0.9711649677630965,-0.7869806893372312,0.0,-2.4605742875642744
170.8,1700000170.8,1700000170800000000,14.163466865893097,19.344358823500308,0.0,-0.9672179411750154,-0.7918266567053451,0.0,-2.4555742875642754
170.9,1700000170.9,1700000170900000000,14.066943431034355,19.264934683775618,0.0,-0.9632467341887808,-0.7966528284482822,0.0,-2.4505742875642764
171.0,1700000171.0,1700000171000000000,13.970818321759953,19.185028921687184,0.0,-0.9592514460843592,-0.8014590839120023,0.0,-2.4455742875642756
171.10000000000002,1700000171.1,1700000171100000000,13.87509394119266,19.104643534874928,0.0,-0.9552321767437464,-0.8062453029403671,0.0,-2.440574287564275
171.20000000000002,1700000171.2,1700000171200000000,13.779772682437027,19.023780532969358,0.0,-0.9511890266484679,-0.8110113658781486,0.0,-2.435574287564276
171.3,1700000171.3,1700000171300000000,13.684856928519498,18.94244193754126,0.0,-0.9471220968770631,-0.815757153574025,0.0,-2.430574287564275
171.4,1700000171.4,1700000171400000000,13.590349052329046,18.860629782051337,0.0,-0.9430314891025668,-0.8204825473835476,0.0,-2.425574287564276
171.5,1700000171.5,1700000171500000000,13.49625141655758,18.778346111799156,0.0,-0.9389173055899578,-0.8251874291721208,0.0,-2.4205742875642753
171.60000000000002,1700000171.6,1700000171600000000,13.402566373641136,18.695592983872217,0.0,-0.9347796491936109,-0.8298716813179432,0.0,-2.4155742875642745
171.70000000000002,1700000171.7,1700000171700000000,13.309296265700933,18.61237246709444,0.0,-0.930618623354722,-0.8345351867149533,0.0,-2.4105742875642755
171.8,1700000171.8,1700000171800000000,13.216443424484744,18.52868664197435,0.0,-0.9264343320987174,-0.8391778287757627,0.0,-2.4055742875642747
171.9,1700000171.9,1700000171900000000,13.12401017130884,18.444537600653273,0.0,-0.9222268800326637,-0.8437994914345581,0.0,-2.4005742875642757
172.0,1700000172.0,1700000172000000000,13.031998816999689,18.359927446852833,0.0,-0.9179963723426416,-0.8484000591500156,0.0,-2.3955742875642767
172.10000000000002,1700000172.1,1700000172100000000,12.940411661836304,18.274858295822412,0.0,-0.9137429147911205,-0.8529794169081849,0.0,-2.390574287564274
172.20000000000002,1700000172.2,1700000172200000000,12.849250995492913,18.189332274286464,0.0,-0.9094666137143231,-0.8575374502253543,0.0,-2.385574287564275
172.3,1700000172.3,1700000172300000000,12.75851909698137,18.10335152039102,0.0,-0.905167576019551,-0.8620740451509314,0.0,-2.380574287564276
172.4,1700000172.4,1700000172400000000,12.668218234594377,18.01691818365042,0.0,-0.900845909182521,-0.8665890882702811,0.0,-2.3755742875642754
172.5,1700000172.5,1700000172500000000,12.578350665848856,17.93003442489364,0.0,-0.896501721244682,-0.8710824667075572,0.0,-2.3705742875642764
172.60000000000002,1700000172.6,1700000172600000000,12.488918637429279,17.84270241621006,0.0,-0.8921351208105031,-0.8755540681285361,0.0,-2.3655742875642756
172.70000000000002,1700000172.7,1700000172700000000,12.399924385131733,17.754924340895386,0.0,-0.8877462170447692,-0.8800037807434135,0.0,-2.360574287564275
172.8,1700000172.8,1700000172800000000,12.31137013380792,17.66670239339695,0.0,-0.8833351196698475,-0.8844314933096041,0.0,-2.355574287564276
172.9,1700000172.9,1700000172900000000,12.223258097309447,17.57803877925879,0.0,-0.8789019389629394,-0.8888370951345277,0.0,-2.350574287564275
173.0,1700000173.0,1700000173000000000,12.1355904784327,17.4889357150667,0.0,-0.874446785753335,-0.8932204760783649,0.0,-2.345574287564276
173.10000000000002,1700000173.1,1700000173100000000,12.048369468863527,17.399395428392587,0.0,-0.8699697714196293,-0.8975815265568237,0.0,-2.340574287564275
173.20000000000002,1700000173.2,1700000173200000000,11.96159724912265,17.309420157738977,0.0,-0.8654710078869489,-0.9019201375438675,0.0,-2.3355742875642744
173.3,1700000173.3,1700000173300000000,11.875275988511078,17.21901215248299,0.0,-0.8609506076241495,-0.9062362005744461,0.0,-2.3305742875642754
173.4,1700000173.4,1700000173400000000,11.789407845055798,17.128173672820015,0.0,-0.8564086836410008,-0.9105296077472101,0.0,-2.3255742875642764
173.5,1700000173.5,1700000173500000000,11.703994965455891,17.03690698970728,0.0,-0.851845349485364,-0.9148002517272054,0.0,-2.3205742875642756
173.60000000000002,1700000173.6,1700000173600000000,11.619039485028935,16.945214384807137,0.0,-0.8472607192403568,-0.9190480257485533,0.0,-2.315574287564275
173.70000000000002,1700000173.7,1700000173700000000,11.534543527657544,16.853098150429968,0.0,-0.8426549075214984,-0.9232728236171228,0.0,-2.310574287564276
173.8,1700000173.8,1700000173800000000,11.450509205736186,16.76056058947677,0.0,-0.8380280294738386,-0.9274745397131907,0.0,-2.305574287564275
173.9,1700000173.9,1700000173900000000,11.366938620118596,16.66760401538182,0.0,-0.8333802007690909,-0.9316530689940703,0.0,-2.300574287564276
174.0,1700000174.0,1700000174000000000,11.283833860065002,16.57423075205455,0.0,-0.8287115376027275,-0.9358083069967499,0.0,-2.2955742875642753
174.10000000000002,1700000174.1,1700000174100000000,11.20119700319011,16.48044313382172,0.0,-0.824022156691086,-0.9399401498404946,0.0,-2.2905742875642745
174.20000000000002,1700000174.2,1700000174200000000,11.11903011541106,16.386243505368935,0.0,-0.8193121752684467,-0.9440484942294469,0.0,-2.2855742875642755
174.3,1700000174.3,1700000174300000000,11.037335250895719,16.29163422168193,0.0,-0.8145817110840965,-0.9481332374552142,0.0,-2.2805742875642747
174.4,1700000174.4,1700000174400000000,10.95611445201149,16.19661764798794,0.0,-0.809830882399397,-0.9521942773994254,0.0,-2.2755742875642757
174.5,1700000174.5,1700000174500000000,10.875369749274096,16.101196159696322,0.0,-0.805059807984816,-0.9562315125362952,0.0,-2.2705742875642767
174.60000000000002,1700000174.6,1700000174600000000,10.795103161296836,16.005372142339247,0.0,-0.8002686071169623,-0.9602448419351582,0.0,-2.265574287564274
174.70000000000002,1700000174.7,1700000174700000000,10.715316694740348,15.909147991512295,0.0,-0.7954573995756148,-0.9642341652629826,0.0,-2.260574287564275
174.8,1700000174.8,1700000174800000000,10.636012344262085,15.812526112814156,0.0,-0.7906263056407079,-0.9681993827868958,0.0,-2.255574287564276
174.9,1700000174.9,1700000174900000000,10.557192092466643,15.71550892178673,0.0,-0.7857754460893365,-0.9721403953766679,0.0,-2.2505742875642754
175.0,1700000175.0,1700000175000000000,10.478857909856274,15.61809884385481,0.0,-0.7809049421927405,-0.9760571045071864,0.0,-2.2455742875642764
175.10000000000002,1700000175.1,1700000175100000000,10.4010117547814,15.520298314265201,0.0,-0.7760149157132601,-0.9799494122609299,0.0,-2.2405742875642756
175.20000000000002,1700000175.2,1700000175200000000,10.323655573391882,15.422109778026083,0.0,-0.7711054889013041,-0.9838172213304058,0.0,-2.235574287564275
175.3,1700000175.3,1700000175300000000,10.24679129958825,15.323535689845782,0.0,-0.7661767844922891,-0.9876604350205875,0.0,-2.230574287564276
175.4,1700000175.4,1700000175400000000,10.170420854973283,15.224578514071304,0.0,-0.7612289257035653,-0.9914789572513358,0.0,-2.225574287564275
175.5,1700000175.5,1700000175500000000,10.094546148804184,15.125240724626954,0.0,-0.7562620362313477,-0.9952726925597908,0.0,-2.220574287564276
175.60000000000002,1700000175.6,1700000175600000000,10.019169077944593,15.025524804952223,0.0,-0.7512762402476112,-0.9990415461027703,0.0,-2.215574287564275
175.70000000000002,1700000175.7,1700000175700000000,9.944291526817391,14.925433247939948,0.0,-0.7462716623969974,-1.0027854236591305,0.0,-2.2105742875642744
175.8,1700000175.8,1700000175800000000,9.869915367357471,14.824968555873877,0.0,-0.7412484277936938,-1.0065042316321264,0.0,-2.2055742875642754
175.9,1700000175.9,1700000175900000000,9.79604245896493,14.724133240366042,0.0,-0.7362066620183021,-1.0101978770517535,0.0,-2.2005742875642764
176.0,1700000176.0,1700000176000000000,9.7226746484586,14.622929822294042,0.0,-0.7311464911147021,-1.01386626757707,0.0,-2.1955742875642756
176.10000000000002,1700000176.1,1700000176100000000,9.649813770029947,14.521360831738095,0.0,-0.7260680415869047,-1.0175093114985025,0.0,-2.190574287564275
176.20000000000002,1700000176.2,1700000176200000000,9.577461645197168,14.419428807917711,0.0,-0.7209714403958856,-1.0211269177401416,0.0,-2.185574287564276
176.3,1700000176.3,1700000176300000000,9.505620082759556,14.317136299128105,0.0,-0.7158568149564053,-1.0247189958620222,0.0,-2.180574287564275
176.4,1700000176.4,1700000176400000000,9.434290878752488,14.21448586267674,0.0,-0.710724293133837,-1.0282854560623755,0.0,-2.175574287564276
176.5,1700000176.5,1700000176500000000,9.3634758164023,14.11148006481911,0.0,-0.7055740032409554,-1.031826209179885,0.0,-2.1705742875642753
176.60000000000002,1700000176.6,1700000176600000000,9.293176666081877,14.008121480694832,0.0,-0.7004060740347416,-1.0353411666959063,0.0,-2.1655742875642745
176.70000000000002,1700000176.7,1700000176700000000,9.223395185266352,13.90441269426316,0.0,-0.695220634713158,-1.0388302407366825,0.0,-2.1605742875642755
176.8,1700000176.8,1700000176800000000,9.154133118489053,13.800356298238285,0.0,-0.6900178149119142,-1.0422933440755473,0.0,-2.1555742875642747
176.9,1700000176.9,1700000176900000000,9.085392197298098,13.695954894024757,0.0,-0.6847977447012378,-1.0457303901350952,0.0,-2.1505742875642757
177.0,1700000177.0,1700000177000000000,9.017174140212905,13.59121109165221,0.0,-0.6795605545826106,-1.0491412929893547,0.0,-2.1455742875642767
177.10000000000002,1700000177.1,1700000177100000000,8.94948065268131,13.486127509710172,0.0,-0.6743063754855085,-1.0525259673659346,0.0,-2.140574287564274
177.20000000000002,1700000177.2,1700000177200000000,8.882313427037062,13.380706775282865,0.0,-0.6690353387641433,-1.055884328648147,0.0,-2.135574287564275
177.3,1700000177.3,1700000177300000000,8.815674142457258,13.274951523883091,0.0,-0.6637475761941546,-1.059216292877137,0.0,-2.130574287564276
177.4,1700000177.4,1700000177400000000,8.749564464920521,13.168864399386585,0.0,-0.6584432199693292,-1.0625217767539739,0.0,-2.1255742875642754
177.5,1700000177.5,1700000177500000000,8.683986047165394,13.062448053966008,0.0,-0.6531224026983005,-1.0658006976417302,0.0,-2.1205742875642764
177.60000000000002,1700000177.6,1700000177600000000,8.618940528648853,12.95570514802438,0.0,-0.647785257401219,-1.0690529735675574,0.0,-2.1155742875642756
177.70000000000002,1700000177.7,1700000177700000000,8.554429535505502,12.848638350128827,0.0,-0.6424319175064414,-1.072278523224725,0.0,-2.110574287564275
177.8,1700000177.8,1700000177800000000,8.49045468050683,12.74125033694376,0.0,-0.637062516847188,-1.0754772659746585,0.0,-2.105574287564276
177.9,1700000177.9,1700000177900000000,8.427017563020833,12.633543793163835,0.0,-0.6316771896581918,-1.0786491218489582,0.0,-2.100574287564275
178.0,1700000178.0,1700000178000000000,8.364119768972191,12.525521411447116,0.0,-0.6262760705723558,-1.0817940115513904,0.0,-2.095574287564276
178.10000000000002,1700000178.1,1700000178100000000,8.301762870802438,12.417185892347444,0.0,-0.6208592946173722,-1.084911856459878,0.0,-2.090574287564275
178.20000000000002,1700000178.2,1700000178200000000,8.2399484274308,12.30853994424719,0.0,-0.6154269972123595,-1.08800257862846,0.0,-2.0855742875642744
178.3,1700000178.3,1700000178300000000,8.17867798421516,12.199586283289438,0.0,-0.6099793141644719,-1.0910661007892422,0.0,-2.0805742875642754
178.4,1700000178.4,1700000178400000000,8.117953072913387,12.09032763331,0.0,-0.6045163816654999,-1.0941023463543307,0.0,-2.0755742875642764
178.5,1700000178.5,1700000178500000000,8.057775211645083,11.980766725769392,0.0,-0.5990383362884697,-1.0971112394177458,0.0,-2.0705742875642756
178.60000000000002,1700000178.6,1700000178600000000,7.998145904853665,11.87090629968464,0.0,-0.593545314984232,-1.1000927047573166,0.0,-2.065574287564275
178.70000000000002,1700000178.7,1700000178700000000,7.939066643268717,11.760749101560709,0.0,-0.5880374550780355,-1.1030466678365642,0.0,-2.060574287564276
178.8,1700000178.8,1700000178800000000,7.880538903868661,11.65029788532174,0.0,-0.5825148942660869,-1.105973054806567,0.0,-2.055574287564275
178.9,1700000178.9,1700000178900000000,7.8225641498439735,11.53955541224246,0.0,-0.5769777706121231,-1.1088717925078013,0.0,-2.050574287564276
179.0,1700000179.0,1700000179000000000,7.765143830560447,11.428524450878855,0.0,-0.5714262225439428,-1.1117428084719778,0.0,-2.0455742875642753
179.10000000000002,1700000179.1,1700000179100000000,7.7082793815230914,11.317207776999213,0.0,-0.5658603888499607,-1.1145860309238456,0.0,-2.0405742875642745
179.20000000000002,1700000179.2,1700000179200000000,7.6519722243401915,11.205608173514623,0.0,-0.5602804086757311,-1.1174013887829906,0.0,-2.0355742875642755
179.3,1700000179.3,1700000179300000000,7.596223766687704,11.09372843040928,0.0,-0.554686421520464,-1.1201888116656147,0.0,-2.0305742875642747
179.4,1700000179.4,1700000179400000000,7.541035402274208,10.981571344671014,0.0,-0.5490785672335506,-1.1229482298862896,0.0,-2.0255742875642757
179.5,1700000179.5,1700000179500000000,7.486408510805919,10.869139720221089,0.0,-0.5434569860110544,-1.1256795744597041,0.0,-2.0205742875642767
179.60000000000002,1700000179.6,1700000179600000000,7.432344457952233,10.756436367844177,0.0,-0.5378218183922089,-1.1283827771023882,0.0,-2.015574287564274
179.70000000000002,1700000179.7,1700000179700000000,7.378844595311747,10.643464105118381,0.0,-0.532173205255919,-1.1310577702344127,0.0,-2.010574287564275
179.8,1700000179.8,1700000179800000000,7.3259102603781905,10.530225756344304,0.0,-0.5265112878172152,-1.1337044869810906,0.0,-2.005574287564276
179.9,1700000179.9,1700000179900000000,7.273542776507163,10.416724152474726,0.0,-0.5208362076237363,-1.1363228611746417,0.0,-2.0005742875642754
180.0,1700000180.0,1700000180000000000,7.221743452883075,10.302962131043914,0.0,-0.5151481065521958,-1.1389128273558462,0.0,-1.9955742875642761
180.10000000000002,1700000180.1,1700000180100000000,7.1705135844862795,10.188942536096398,0.0,-0.50944712680482,-1.141474320775686,0.0,-1.9905742875642753
180.20000000000002,1700000180.2,1700000180200000000,7.119854452060839,10.074668218116154,0.0,-0.5037334109058077,-1.144007277396958,0.0,-1.985574287564275
180.3,1700000180.3,1700000180300000000,7.069767322082438,9.960142033955217,0.0,-0.49800710169776086,-1.146511633895878,0.0,-1.9805742875642758
180.4,1700000180.4,1700000180400000000,7.020253446726684,9.845366846762149,0.0,-0.49226834233810746,-1.1489873276636657,0.0,-1.975574287564275
180.5,1700000180.5,1700000180500000000,6.971314063837923,9.730345525910732,0.0,-0.4865172762955366,-1.151434296808104,0.0,-1.970574287564276
180.60000000000002,1700000180.6,1700000180600000000,6.922950396898138,9.615080946927915,0.0,-0.4807540473463957,-1.1538524801550931,0.0,-1.9655742875642754
180.70000000000002,1700000180.7,1700000180700000000,6.875163654996502,9.499575991422208,0.0,-0.47497879957111044,-1.156241817250175,0.0,-1.9605742875642744
180.8,1700000180.8,1700000180800000000,6.827955032799089,9.383833547011527,0.0,-0.4691916773505764,-1.1586022483600456,0.0,-1.9555742875642754
180.9,1700000180.9,1700000180900000000,6.781325710518981,9.267856507250913,0.0,-0.46339282536254567,-1.160933714474051,0.0,-1.9505742875642766
181.0,1700000181.0,1700000181000000000,6.735276853886788,9.151647771560276,0.0,-0.4575823885780138,-1.1632361573056607,0.0,-1.9455742875642756
181.10000000000002,1700000181.1,1700000181100000000,6.689809614121543,9.035210245151996,0.0,-0.45176051225759983,-1.1655095192939229,0.0,-1.9405742875642749
181.20000000000002,1700000181.2,1700000181200000000,6.644925127901892,8.918546838958214,0.0,-0.4459273419479107,-1.1677537436049055,0.0,-1.9355742875642759
181.3,1700000181.3,1700000181300000000,6.600624517337618,8.801660469557925,0.0,-0.44008302347789624,-1.169968774133119,0.0,-1.930574287564275
181.4,1700000181.4,1700000181400000000,6.55690888994171,8.684554059104356,0.0,-0.4342277029552178,-1.1721545555029145,0.0,-1.925574287564276
181.5,1700000181.5,1700000181500000000,6.513779338602543,8.567230535251587,0.0,-0.42836152676257944,-1.1743110330698727,0.0,-1.9205742875642753
181.60000000000002,1700000181.6,1700000181600000000,6.471236941556672,8.449692831081649,0.0,-0.4224846415540824,-1.1764381529221664,0.0,-1.9155742875642745
181.70000000000002,1700000181.7,1700000181700000000,6.429282762361822,8.331943885031063,0.0,-0.4165971942515531,-1.1785358618819088,0.0,-1.9105742875642755
181.8,1700000181.8,1700000181800000000,6.387917849870259,8.213986640817263,0.0,-0.4106993320408631,-1.180604107506487,0.0,-1.9055742875642747
181.9,1700000181.9,1700000181900000000,6.347143238202666,8.095824047365296,0.0,-0.4047912023682648,-1.1826428380898666,0.0,-1.9005742875642757
182.0,1700000182.0,1700000182000000000,6.306959946722202,7.977459058733803,0.0,-0.3988729529366902,-1.1846520026638898,0.0,-1.8955742875642767
182.10000000000002,1700000182.1,1700000182100000000,6.267368980009028,7.85889463404125,0.0,-0.39294473170206246,-1.1866315509995486,0.0,-1.8905742875642741
182.20000000000002,1700000182.2,1700000182200000000,6.228371327835312,7.740133737392246,0.0,-0.3870066868696123,-1.1885814336082343,0.0,-1.885574287564275
182.3,1700000182.3,1700000182300000000,6.189967965140294,7.62117933780294,0.0,-0.381058966890147,-1.1905016017429855,0.0,-1.8805742875642761
182.4,1700000182.4,1700000182400000000,6.152159852006026,7.502034409127082,0.0,-0.37510172045635404,-1.1923920073996988,0.0,-1.8755742875642754
182.5,1700000182.5,1700000182500000000,6.114947933633399,7.382701929981769,0.0,-0.3691350964990885,-1.19425260331833,0.0,-1.8705742875642764
182.60000000000002,1700000182.6,1700000182600000000,6.078333140318406,7.26318488367268,0.0,-0.363159244183634,-1.1960833429840798,0.0,-1.8655742875642756
182.70000000000002,1700000182.7,1700000182700000000,6.042316387428986,7.143486258119788,0.0,-0.35717431290598944,-1.1978841806285507,0.0,-1.8605742875642748
182.8,1700000182.8,1700000182800000000,6.006898575382099,7.023609045782544,0.0,-0.3511804522891272,-1.199655071230895,0.0,-1.8555742875642758
182.9,1700000182.9,1700000182900000000,5.9720805896211715,6.903556243584924,0.0,-0.3451778121792462,-1.2013959705189414,0.0,-1.850574287564275
183.0,1700000183.0,1700000183000000000,5.937863300594067,6.783330852840819,0.0,-0.33916654264204094,-1.2031068349702967,0.0,-1.845574287564276
183.10000000000002,1700000183.1,1700000183100000000,5.904247563731197,6.6629358791786455,0.0,-0.33314679395893226,-1.2047876218134401,0.0,-1.8405742875642752
183.20000000000002,1700000183.2,1700000183200000000,5.871234219424252,6.542374332466522,0.0,-0.3271187166233261,-1.2064382890287875,0.0,-1.8355742875642744
183.3,1700000183.3,1700000183300000000,5.838824093005126,6.421649226736878,0.0,-0.3210824613368439,-1.2080587953497437,0.0,-1.8305742875642754
183.4,1700000183.4,1700000183400000000,5.807017994725278,6.300763580111026,0.0,-0.31503817900555126,-1.2096491002637362,0.0,-1.8255742875642764
183.5,1700000183.5,1700000183500000000,5.775816719735502,6.179720414723793,0.0,-0.30898602073618964,-1.2112091640132248,0.0,-1.8205742875642756
183.60000000000002,1700000183.6,1700000183600000000,5.74522104806606,6.058522756648052,0.0,-0.3029261378324026,-1.212738947596697,0.0,-1.8155742875642749
183.70000000000002,1700000183.7,1700000183700000000,5.715231744607156,5.937173635818985,0.0,-0.2968586817909492,-1.2142384127696422,0.0,-1.8105742875642759
183.8,1700000183.8,1700000183800000000,5.685849559089796,5.8156760859582075,0.0,-0.2907838042979104,-1.2157075220455102,0.0,-1.805574287564275
183.9,1700000183.9,1700000183900000000,5.657075226067107,5.694033144498223,0.0,-0.2847016572249112,-1.2171462386966445,0.0,-1.800574287564276
184.0,1700000184.0,1700000184000000000,5.628909464895898,5.572247852506148,0.0,-0.2786123926253074,-1.218554526755205,0.0,-1.7955742875642753
184.10000000000002,1700000184.1,1700000184100000000,5.60135297971874,5.45032325460798,0.0,-0.272516162730399,-1.219932351014063,0.0,-1.7905742875642745
184.20000000000002,1700000184.2,1700000184200000000,5.57440645944634,5.328262398912362,0.0,-0.2664131199456181,-1.221279677027683,0.0,-1.7855742875642755
184.3,1700000184.3,1700000184300000000,5.548070577740276,5.2060683369342415,0.0,-0.2603034168467121,-1.2225964711129862,0.0,-1.7805742875642747
184.4,1700000184.4,1700000184400000000,5.522345992996243,5.08374412351889,0.0,-0.2541872061759445,-1.2238827003501878,0.0,-1.7755742875642757
184.5,1700000184.5,1700000184500000000,5.497233348327505,4.961292816765228,0.0,-0.2480646408382614,-1.2251383325836247,0.0,-1.7705742875642767
184.60000000000002,1700000184.6,1700000184600000000,5.472733271548858,4.83871747794946,0.0,-0.24193587389747304,-1.226363336422557,0.0,-1.7655742875642741
184.70000000000002,1700000184.7,1700000184700000000,5.448846375160976,4.716021171448848,0.0,-0.23580105857244238,-1.227557681241951,0.0,-1.7605742875642751
184.8,1700000184.8,1700000184800000000,5.425573256335017,4.593206964664575,0.0,-0.22966034823322876,-1.2287213371832493,0.0,-1.7555742875642761
184.9,1700000184.9,1700000184900000000,5.4029144968977185,4.470277927945371,0.0,-0.22351389639726854,-1.229854275155114,0.0,-1.7505742875642754
185.0,1700000185.0,1700000185000000000,5.380870663316909,4.347237134510839,0.0,-0.21736185672554195,-1.2309564668341546,0.0,-1.7455742875642761
185.10000000000002,1700000185.1,1700000185100000000,5.359442306687267,4.224087660374319,0.0,-0.2112043830187159,-1.2320278846656367,0.0,-1.7405742875642756
185.20000000000002,1700000185.2,1700000185200000000,5.338629962716592,4.100832584266293,0.0,-0.20504162921331465,-1.2330685018641705,0.0,-1.7355742875642748
185.3,1700000185.3,1700000185300000000,5.318434151712413,3.9774749875572906,0.0,-0.1988737493778645,-1.2340782924143794,0.0,-1.7305742875642758
185.4,1700000185.4,1700000185400000000,5.298855378568938,3.8540179541807142,0.0,-0.1927008977090357,-1.235057231071553,0.0,-1.725574287564275
185.5,1700000185.5,1700000185500000000,5.279894132754489,3.730464570556057,0.0,-0.18652322852780287,-1.2360052933622756,0.0,-1.720574287564276
185.60000000000002,1700000185.6,1700000185600000000,5.261550888299208,3.606817925511388,0.0,-0.1803408962755694,-1.2369224555850395,0.0,-1.7155742875642752
185.70000000000002,1700000185.7,1700000185700000000,5.24382610378326,3.4830811102064354,0.0,-0.17415405551032176,-1.237808694810837,0.0,-1.7105742875642744
185.8,1700000185.8,1700000185800000000,5.226720222325341,3.3592572180551823,0.0,-0.16796286090275914,-1.238663988883733,0.0,-1.7055742875642754
185.9,1700000185.9,1700000185900000000,5.21023367157159,3.235349344648439,0.0,-0.16176746723242194,-1.2394883164214203,0.0,-1.7005742875642764
186.0,1700000186.0,1700000186000000000,5.1943668636849125,3.1113605876765424,0.0,-0.15556802938382713,-1.2402816568157542,0.0,-1.6955742875642756
186.10000000000002,1700000186.1,1700000186100000000,5.179120195334683,2.9872940468520044,0.0,-0.14936470234260021,-1.2410439902332657,0.0,-1.6905742875642749
186.20000000000002,1700000186.2,1700000186200000000,5.164494047686823,2.863152823831927,0.0,-0.14315764119159635,-1.2417752976156589,0.0,-1.6855742875642759
186.3,1700000186.3,1700000186300000000,5.150488786394252,2.7389400221403326,0.0,-0.13694700110701663,-1.2424755606802875,0.0,-1.680574287564275
186.4,1700000186.4,1700000186400000000,5.1371047615877785,2.6146587470908815,0.0,-0.13073293735454408,-1.243144761920611,0.0,-1.6755742875642763
186.5,1700000186.5,1700000186500000000,5.12434230786732,2.490312105708889,0.0,-0.12451560528544445,-1.243782884606634,0.0,-1.670574287564275
186.60000000000002,1700000186.6,1700000186600000000,5.112201744293561,2.3659032066539574,0.0,-0.11829516033269787,-1.244389912785322,0.0,-1.6655742875642745
186.70000000000002,1700000186.7,1700000186700000000,5.100683374379958,2.2414351601421276,0.0,-0.11207175800710638,-1.2449658312810021,0.0,-1.6605742875642755
186.8,1700000186.8,1700000186800000000,5.089787486085154,2.116911077867991,0.0,-0.10584555389339957,-1.2455106256957422,0.0,-1.6555742875642747
186.9,1700000186.9,1700000186900000000,5.079514351805795,1.9923340729272085,0.0,-0.09961670364636042,-1.2460242824097103,0.0,-1.6505742875642757
187.0,1700000187.0,1700000187000000000,5.069864228369703,1.8677072597383695,0.0,-0.09338536298691846,-1.2465067885815149,0.0,-1.6455742875642767
187.10000000000002,1700000187.1,1700000187100000000,5.060837357029449,1.743033753965225,0.0,-0.08715168769826126,-1.2469581321485277,0.0,-1.6405742875642741
187.20000000000002,1700000187.2,1700000187200000000,5.052433963456362,1.618316672439103,0.0,-0.08091583362195515,-1.2473783018271818,0.0,-1.635574287564275
187.3,1700000187.3,1700000187300000000,5.044654257734837,1.4935591330804572,0.0,-0.07467795665402285,-1.2477672871132581,0.0,-1.6305742875642761
187.4,1700000187.4,1700000187400000000,5.037498434357111,1.3687642548212295,0.0,-0.06843821274106147,-1.2481250782821445,0.0,-1.6255742875642754
187.5,1700000187.5,1700000187500000000,5.030966672218398,1.2439351575269655,0.0,-0.06219675787634827,-1.2484516663890801,0.0,-1.6205742875642764
187.60000000000002,1700000187.6,1700000187600000000,5.025059134612409,1.119074961918507,0.0,-0.05595374809592535,-1.2487470432693795,0.0,-1.6155742875642756
187.70000000000002,1700000187.7,1700000187700000000,5.019775969227275,0.9941867894942857,0.0,-0.04970933947471429,-1.2490112015386363,0.0,-1.610574287564275
187.8,1700000187.8,1700000187800000000,5.015117308141864,0.869273762452152,0.0,-0.043463688122607605,-1.2492441345929068,0.0,-1.6055742875642758
187.9,1700000187.9,1700000187900000000,5.01108326782245,0.7443390036111872,0.0,-0.03721695018055936,-1.2494458366088774,0.0,-1.600574287564275
188.0,1700000188.0,1700000188000000000,5.007673949119837,0.6193856363339442,0.0,-0.030969281816697204,-1.2496163025440081,0.0,-1.595574287564276
188.10000000000002,1700000188.1,1700000188100000000,5.004889437266815,0.49441678444800796,0.0,-0.024720839222400398,-1.2497555281366592,0.0,-1.5905742875642752
188.20000000000002,1700000188.2,1700000188200000000,5.002729801876029,0.3694355721682115,0.0,-0.018471778608410573,-1.2498635099061985,0.0,-1.5855742875642744
188.3,1700000188.3,1700000188300000000,5.001195096938261,0.24444512401839663,0.0,-0.012222256200919832,-1.249940245153087,0.0,-1.5805742875642754
188.4,1700000188.4,1700000188400000000,5.000285360821049,0.11944856475321279,0.0,-0.0059724282376606395,-1.2499857319589476,0.0,-1.5755742875642764
188.5,1700000188.5,1700000188500000000,5.000000616267748,-0.0055509807199130064,0.0,0.00027754903599565034,-1.2499999691866126,0.0,-1.5705742875642756
188.60000000000002,1700000188.6,1700000188600000000,5.000340870396958,-0.13055038741880992,0.0,0.006527519370940496,-1.2499829564801521,0.0,-1.5655742875642749
188.70000000000002,1700000188.7,1700000188700000000,5.001306114702341,-0.2555465303647764,0.0,0.012777326518238822,-1.2499346942648828,0.0,-1.5605742875642759
188.8,1700000188.8,1700000188800000000,5.002896325052845,-0.380536284660838,0.0,0.019026814233041898,-1.2498551837473577,0.0,-1.555574287564275
188.9,1700000188.9,1700000188900000000,5.005111461693293,-0.5055165255695582,0.0,0.02527582627847791,-1.2497444269153355,0.0,-1.550574287564276
189.0,1700000189.0,1700000189000000000,5.007951469245381,-0.6304841285915125,0.0,0.031524206429575624,-1.249602426537731,0.0,-1.5455742875642753
189.10000000000002,1700000189.1,1700000189100000000,5.011416276709067,-0.7554359695430896,0.0,0.03777179847715448,-1.2494291861645466,0.0,-1.5405742875642745
189.20000000000002,1700000189.2,1700000189200000000,5.01550579746435,-0.8803689246347295,0.0,0.04401844623173647,-1.2492247101267826,0.0,-1.5355742875642755
189.3,1700000189.3,1700000189300000000,5.0202199292734235,-1.0052798705491504,0.0,0.050263993527457515,-1.248989003536329,0.0,-1.5305742875642747
189.4,1700000189.4,1700000189400000000,5.025558554283233,-1.1301656845191215,0.0,0.05650828422595607,-1.2487220722858383,0.0,-1.5255742875642757
189.5,1700000189.5,1700000189500000000,5.031521539028432,-1.2550232444058422,0.0,0.0627511622202921,-1.2484239230485783,0.0,-1.5205742875642767
189.60000000000002,1700000189.6,1700000189600000000,5.038108734434726,-1.3798494287769072,0.0,0.06899247143884536,-1.2480945632782638,0.0,-1.5155742875642741
189.70000000000002,1700000189.7,1700000189700000000,5.045319975822551,-1.5046411169840312,0.0,0.07523205584920156,-1.2477340012088725,0.0,-1.5105742875642751
189.8,1700000189.8,1700000189800000000,5.05315508291126,-1.6293951892415977,0.0,0.08146975946207988,-1.247342245854437,0.0,-1.5055742875642761
189.9,1700000189.9,1700000189900000000,5.061613859823584,-1.7541085267043413,0.0,0.08770542633521707,-1.2469193070088207,0.0,-1.5005742875642754
190.0,1700000190.0,1700000190000000000,5.07069609509054,-1.8787780115452326,0.0,0.09393890057726162,-1.246465195245473,0.0,-1.4955742875642764
190.10000000000002,1700000190.1,1700000190100000000,5.080401561656718,-2.003400527033733,0.0,0.10017002635168665,-1.2459799219171641,0.0,-1.4905742875642756
190.20000000000002,1700000190.2,1700000190200000000,5.0907300168859635,-2.1279729576134008,0.0,0.10639864788067005,-1.2454634991557019,0.0,-1.4855742875642748
190.3,1700000190.3,1700000190300000000,5.101681202567423,-2.2524921889799163,0.0,0.1126246094489958,-1.244915939871629,0.0,-1.4805742875642758
190.4,1700000190.4,1700000190400000000,5.113254844922036,-2.376955108159068,0.0,0.1188477554079534,-1.2443372577538983,0.0,-1.475574287564275
190.5,1700000190.5,1700000190500000000,5.125450654609338,-2.5013586035842716,0.0,0.12506793017921358,-1.243727467269533,0.0,-1.470574287564276
190.60000000000002,1700000190.6,1700000190600000000,5.138268326734732,-2.625699565174709,0.0,0.13128497825873545,-1.2430865836632634,0.0,-1.4655742875642752
190.70000000000002,1700000190.7,1700000190700000000,5.151707540857078,-2.749974884412772,0.0,0.13749874422063857,-1.242414622957146,0.0,-1.4605742875642744
190.8,1700000190.8,1700000190800000000,5.165767960996714,-2.8741814544219078,0.0,0.1437090727210954,-1.2417116019501642,0.0,-1.4555742875642754
190.9,1700000190.9,1700000190900000000,5.180449235643881,-2.9983161700443803,0.0,0.149915808502219,-1.2409775382178059,0.0,-1.4505742875642766
191.0,1700000191.0,1700000191000000000,5.195750997767476,-3.122375927918808,0.0,0.1561187963959404,-1.240212450111626,0.0,-1.4455742875642756
191.10000000000002,1700000191.1,1700000191100000000,5.211672864824237,-3.246357626557661,0.0,0.16231788132788305,-1.2394163567587881,0.0,-1.4405742875642749
191.20000000000002,1700000191.2,1700000191200000000,5.228214438768319,-3.3702581664248874,0.0,0.16851290832124438,-1.238589278061584,0.0,-1.4355742875642759
191.3,1700000191.3,1700000191300000000,5.245375306061241,-3.4940744500135312,0.0,0.17470372250067656,-1.237731234696938,0.0,-1.430574287564275
191.4,1700000191.4,1700000191400000000,5.2631550376822,-3.6178033819228634,0.0,0.18089016909614317,-1.23684224811589,0.0,-1.425574287564276
191.5,1700000191.5,1700000191500000000,5.281553189138851,-3.7414418689361186,0.0,0.18707209344680592,-1.2359223405430575,0.0,-1.4205742875642753
191.60000000000002,1700000191.6,1700000191600000000,5.300569300478351,-3.864986820097517,0.0,0.19324934100487584,-1.2349715349760824,0.0,-1.4155742875642747
191.70000000000002,1700000191.7,1700000191700000000,5.320202896298909,-3.9884351467896706,0.0,0.19942175733948353,-1.2339898551850546,0.0,-1.4105742875642755
191.8,1700000191.8,1700000191800000000,5.340453485761657,-4.111783762810929,0.0,0.20558918814054644,-1.2329773257119172,0.0,-1.4055742875642747
191.9,1700000191.9,1700000191900000000,5.361320562602906,-4.235029584452228,0.0,0.2117514792226114,-1.2319339718698545,0.0,-1.4005742875642757
192.0,1700000192.0,1700000192000000000,5.382803605146833,-4.358169530574535,0.0,0.21790847652872675,-1.2308598197426583,0.0,-1.395574287564275
192.10000000000002,1700000192.1,1700000192100000000,5.404902076318489,-4.4812005226855645,0.0,0.2240600261342782,-1.2297548961840756,0.0,-1.390574287564274
192.20000000000002,1700000192.2,1700000192200000000,5.427615423657233,-4.604119485016879,0.0,0.23020597425084394,-1.2286192288171385,0.0,-1.3855742875642751
192.3,1700000192.3,1700000192300000000,5.450943079330585,-4.726923344600909,0.0,0.23634616723004545,-1.2274528460334708,0.0,-1.3805742875642744
192.4,1700000192.4,1700000192400000000,5.474884460148349,-4.849609031347475,0.0,0.24248045156737372,-1.2262557769925826,0.0,-1.3755742875642754
192.5,1700000192.5,1700000192500000000,5.499438967577259,-4.97217347812084,0.0,0.248608673906042,-1.2250280516211371,0.0,-1.3705742875642764
192.60000000000002,1700000192.6,1700000192600000000,5.524605987755926,-5.094613620816307,0.0,0.2547306810408153,-1.2237697006122037,0.0,-1.3655742875642736
192.70000000000002,1700000192.7,1700000192700000000,5.550384891510127,-5.2169263984365095,0.0,0.2608463199218255,-1.2224807554244936,0.0,-1.3605742875642748
192.8,1700000192.8,1700000192800000000,5.5767750343686195,-5.339108753168468,0.0,0.26695543765842333,-1.221161248281569,0.0,-1.3555742875642758
192.9,1700000192.9,1700000192900000000,5.603775756579225,-5.4611576304597165,0.0,0.2730578815229858,-1.2198112121710387,0.0,-1.3505742875642752
193.0,1700000193.0,1700000193000000000,5.6313863831252675,-5.5830699790945975,0.0,0.27915349895472985,-1.2184306808437366,0.0,-1.345574287564276
193.10000000000002,1700000193.1,1700000193100000000,5.659606223742546,-5.704842751270828,0.0,0.2852421375635414,-1.2170196888128728,0.0,-1.3405742875642754
193.20000000000002,1700000193.2,1700000193200000000,5.688434572936501,-5.826472902675403,0.0,0.2913236451337702,-1.215578271353175,0.0,-1.3355742875642744
193.3,1700000193.3,1700000193300000000,5.717870709999897,-5.947957392560831,0.0,0.29739786962804154,-1.2141064645000053,0.0,-1.3305742875642754
193.4,1700000193.4,1700000193400000000,5.747913899030859,-6.0692931838212765,0.0,0.30346465919106386,-1.2126043050484572,0.0,-1.3255742875642746
193.5,1700000193.5,1700000193500000000,5.778563388951206,-6.190477243068193,0.0,0.3095238621534096,-1.2110718305524397,0.0,-1.3205742875642756
193.60000000000002,1700000193.6,1700000193600000000,5.80981841352531,-6.311506540706495,0.0,0.31557532703532476,-1.2095090793237344,0.0,-1.3155742875642749
193.70000000000002,1700000193.7,1700000193700000000,5.841678191379174,-6.432378051010004,0.0,0.3216189025505002,-1.2079160904310413,0.0,-1.310574287564274
193.8,1700000193.8,1700000193800000000,5.874141926019991,-6.553088752197215,0.0,0.3276544376098608,-1.2062929036990004,0.0,-1.305574287564275
193.9,1700000193.9,1700000193900000000,5.907208805856108,-6.673635626506927,0.0,0.3336817813253463,-1.2046395597071946,0.0,-1.300574287564276
194.0,1700000194.0,1700000194000000000,5.940878004217257,-6.794015660273605,0.0,0.33970078301368023,-1.202956099789137,0.0,-1.2955742875642753
194.10000000000002,1700000194.1,1700000194100000000,5.97514867937522,-6.914225844002629,0.0,0.34571129220013147,-1.201242566031239,0.0,-1.2905742875642745
194.20000000000002,1700000194.2,1700000194200000000,6.010019974564898,-7.034263172445626,0.0,0.3517131586222813,-1.1994990012717552,0.0,-1.2855742875642755
194.3,1700000194.3,1700000194300000000,6.045491018005745,-7.154124644675723,0.0,0.35770623223378617,-1.1977254490997127,0.0,-1.2805742875642747
194.4,1700000194.4,1700000194400000000,6.081560922923501,-7.27380726416227,0.0,0.3636903632081135,-1.195921953853825,0.0,-1.2755742875642757
194.5,1700000194.5,1700000194500000000,6.118228787572441,-7.3933080388461,0.0,0.369665401942305,-1.1940885606213778,0.0,-1.270574287564275
194.60000000000002,1700000194.6,1700000194600000000,6.1554936952578565,-7.512623981214027,0.0,0.37563119906070136,-1.1922253152371072,0.0,-1.2655742875642741
194.70000000000002,1700000194.7,1700000194700000000,6.193354714358971,-7.631752108373663,0.0,0.38158760541868314,-1.1903322642820515,0.0,-1.2605742875642751
194.8,1700000194.8,1700000194800000000,6.231810898352318,-7.7506894421281185,0.0,0.3875344721064059,-1.188409455082384,0.0,-1.2555742875642744
194.9,1700000194.9,1700000194900000000,6.270861285835263,-7.86943300905016,0.0,0.393471650452508,-1.1864569357082368,0.0,-1.2505742875642756
195.0,1700000195.0,1700000195000000000,6.310504900550168,-7.987979840556841,0.0,0.39939899202784207,-1.1844747549724914,0.0,-1.2455742875642764
195.10000000000002,1700000195.1,1700000195100000000,6.350740751408765,-8.106326972983632,0.0,0.40531634864918165,-1.1824629624295617,0.0,-1.2405742875642738
195.20000000000002,1700000195.2,1700000195200000000,6.391567832516817,-8.22447144765822,0.0,0.411223572382911,-1.1804216083741592,0.0,-1.2355742875642748
195.3,1700000195.3,1700000195300000000,6.432985123199451,-8.342410310974973,0.0,0.4171205155487487,-1.1783507438400274,0.0,-1.2305742875642758
195.4,1700000195.4,1700000195400000000,6.474991588026569,-8.460140614468495,0.0,0.4230070307234247,-1.1762504205986715,0.0,-1.225574287564275
195.5,1700000195.5,1700000195500000000,6.517586176838716,-8.577659414887243,0.0,0.4288829707443622,-1.1741206911580644,0.0,-1.220574287564276
195.60000000000002,1700000195.6,1700000195600000000,6.560767824773414,-8.694963774267418,0.0,0.43474818871337084,-1.1719616087613294,0.0,-1.2155742875642752
195.70000000000002,1700000195.7,1700000195700000000,6.604535452291696,-8.812050760006093,0.0,0.4406025380003047,-1.1697732273854151,0.0,-1.2105742875642744
195.8,1700000195.8,1700000195800000000,6.648887965205148,-8.92891744493469,0.0,0.44644587224673454,-1.1675556017397426,0.0,-1.2055742875642754
195.9,1700000195.9,1700000195900000000,6.69382425470328,-9.045560907392252,0.0,0.4522780453696126,-1.165308787264836,0.0,-1.2005742875642746
196.0,1700000196.0,1700000196000000000,6.739343197381167,-9.16197823129821,0.0,0.45809891156491045,-1.1630328401309415,0.0,-1.1955742875642759
196.10000000000002,1700000196.1,1700000196100000000,6.785443655267645,-9.278166506225613,0.0,0.4639083253112807,-1.1607278172366178,0.0,-1.1905742875642749
196.20000000000002,1700000196.2,1700000196200000000,6.832124475853654,-9.394122827473598,0.0,0.46970614137367994,-1.1583937762073173,0.0,-1.185574287564274
196.3,1700000196.3,1700000196300000000,6.879384492121083,-9.50984429614013,0.0,0.47549221480700654,-1.1560307753939458,0.0,-1.180574287564275
196.4,1700000196.4,1700000196400000000,6.927222522572016,-9.625328019194566,0.0,0.48126640095972834,-1.1536388738713992,0.0,-1.175574287564276
196.5,1700000196.5,1700000196500000000,6.975637371258195,-9.74057110954988,0.0,0.48702855547749396,-1.1512181314370902,0.0,-1.1705742875642753
196.60000000000002,1700000196.6,1700000196600000000,7.02462782781091,-9.855570686134776,0.0,0.4927785343067388,-1.1487686086094544,0.0,-1.1655742875642745
196.70000000000002,1700000196.7,1700000196700000000,7.0741926674712765,-9.97032387396579,0.0,0.4985161936982895,-1.1462903666264364,0.0,-1.1605742875642753
196.8,1700000196.8,1700000196800000000,7.124330651120925,-10.08482780421928,0.0,0.504241390210964,-1.1437834674439538,0.0,-1.1555742875642747
196.9,1700000196.9,1700000196900000000,7.175040525312831,-10.199079614302876,0.0,0.5099539807151439,-1.1412479737343584,0.0,-1.1505742875642757
197.0,1700000197.0,1700000197000000000,7.22632102230283,-10.313076447927358,0.0,0.5156538223963679,-1.1386839488848586,0.0,-1.145574287564275
197.10000000000002,1700000197.1,1700000197100000000,7.27817086008114,-10.42681545517778,0.0,0.521340772758889,-1.1360914569959428,0.0,-1.1405742875642741
197.20000000000002,1700000197.2,1700000197200000000,7.330588742404505,-10.540293792584844,0.0,0.5270146896292423,-1.1334705628797748,0.0,-1.1355742875642751
197.3,1700000197.3,1700000197300000000,7.383573358828627,-10.653508623196108,0.0,0.5326754311598054,-1.1308213320585687,0.0,-1.1305742875642744
197.4,1700000197.4,1700000197400000000,7.437123384740826,-10.766457116646622,0.0,0.5383228558323311,-1.1281438307629588,0.0,-1.1255742875642754
197.5,1700000197.5,1700000197500000000,7.491237481393256,-10.87913644922997,0.0,0.5439568224614986,-1.1254381259303372,0.0,-1.1205742875642764
197.60000000000002,1700000197.6,1700000197600000000,7.545914295936356,-10.99154380396879,0.0,0.5495771901984395,-1.122704285203182,0.0,-1.1155742875642736
197.70000000000002,1700000197.7,1700000197700000000,7.601152461452539,-11.103676370684907,0.0,0.5551838185342454,-1.119942376927373,0.0,-1.1105742875642748
197.8,1700000197.8,1700000197800000000,7.65695059699058,-11.215531346070073,0.0,0.5607765673035037,-1.1171524701504711,0.0,-1.1055742875642758
197.9,1700000197.9,1700000197900000000,7.713307307600015,-11.32710593375577,0.0,0.5663552966877885,-1.1143346346199992,0.0,-1.100574287564275
198.0,1700000198.0,1700000198000000000,7.77022118436598,-11.438397344383034,0.0,0.5719198672191517,-1.111488940781701,0.0,-1.095574287564276
198.10000000000002,1700000198.1,1700000198100000000,7.827690804444551,-11.549402795672478,0.0,0.5774701397836239,-1.1086154597777726,0.0,-1.0905742875642752
198.20000000000002,1700000198.2,1700000198200000000,7.885714731098204,-11.66011951249356,0.0,0.583005975624678,-1.1057142634450898,0.0,-1.0855742875642744
198.3,1700000198.3,1700000198300000000,7.944291513731777,-11.77054472693409,0.0,0.5885272363467045,-1.102785424313411,0.0,-1.0805742875642754
198.4,1700000198.4,1700000198400000000,8.003419687928794,-11.880675678369535,0.0,0.5940337839184767,-1.0998290156035604,0.0,-1.0755742875642749
198.5,1700000198.5,1700000198500000000,8.063097775487936,-11.990509613531763,0.0,0.5995254806765882,-1.0968451112256032,0.0,-1.0705742875642756
198.60000000000002,1700000198.6,1700000198600000000,8.123324284460168,-12.100043786578201,0.0,0.60500218932891,-1.0938337857769918,0.0,-1.0655742875642749
198.70000000000002,1700000198.7,1700000198700000000,8.184097709185878,-12.20927545916018,0.0,0.610463772958009,-1.0907951145407062,0.0,-1.060574287564274
198.8,1700000198.8,1700000198800000000,8.24541653033259,-12.318201900491543,0.0,0.6159100950245772,-1.0877291734833705,0.0,-1.055574287564275
198.9,1700000198.9,1700000198900000000,8.307279214932997,-12.426820387416967,0.0,0.6213410193708484,-1.0846360392533503,0.0,-1.050574287564276
199.0,1700000199.0,1700000199000000000,8.36968421642322,-12.535128204479973,0.0,0.6267564102239986,-1.081515789178839,0.0,-1.0455742875642753
199.10000000000002,1700000199.1,1700000199100000000,8.432629974681458,-12.643122643990736,0.0,0.6321561321995368,-1.078368501265927,0.0,-1.0405742875642745
199.20000000000002,1700000199.2,1700000199200000000,8.496114916067008,-12.750801006093859,0.0,0.637540050304693,-1.0751942541966495,0.0,-1.0355742875642755
199.3,1700000199.3,1700000199300000000,8.560137453459685,-12.85816059883597,0.0,0.6429080299417986,-1.0719931273270158,0.0,-1.0305742875642747
199.4,1700000199.4,1700000199400000000,8.624695986299344,-12.96519873823277,0.0,0.6482599369116384,-1.068765200685033,0.0,-1.025574287564276
199.5,1700000199.5,1700000199500000000,8.68978890062607,-13.07191274833642,0.0,0.653595637416821,-1.0655105549686965,0.0,-1.020574287564275
199.60000000000002,1700000199.6,1700000199600000000,8.755414569120376,-13.178299961302189,0.0,0.6589149980651094,-1.0622292715439812,0.0,-1.0155742875642741
199.70000000000002,1700000199.7,1700000199700000000,8.821571351143945,-13.284357717455258,0.0,0.664217885872763,-1.058921432442803,0.0,-1.0105742875642751
199.8,1700000199.8,1700000199800000000,8.888257592780715,-13.390083365357322,0.0,0.6695041682678661,-1.0555871203609644,0.0,-1.0055742875642744
199.9,1700000199.9,1700000199900000000,8.955471626878072,-13.495474261872612,0.0,0.6747737130936305,-1.0522264186560966,0.0,-1.0005742875642756
200.0,1700000200.0,1700000200000000000,9.02321177308869,-13.600527772234244,0.0,0.6800263886117122,-1.0488394113455655,0.0,-0.9955742875642765
200.10000000000002,1700000200.1,1700000200100000000,9.091476337912486,-13.705241270110008,0.0,0.6852620635055005,-1.0454261831043756,0.0,-0.9905742875642737
200.20000000000002,1700000200.2,1700000200200000000,9.160263614738806,-13.809612137667756,0.0,0.6904806068833879,-1.0419868192630597,0.0,-0.9855742875642747
200.3,1700000200.3,1700000200300000000,9.22957188388935,-13.913637765641315,0.0,0.6956818882820658,-1.0385214058055325,0.0,-0.9805742875642759
200.4,1700000200.4,1700000200400000000,9.299399412661032,-14.017315553395434,0.0,0.7008657776697718,-1.0350300293669483,0.0,-0.975574287564275
200.5,1700000200.5,1700000200500000000,9.369744455369219,-14.120642908990751,0.0,0.7060321454495376,-1.0315127772315391,0.0,-0.9705742875642759
200.60000000000002,1700000200.6,1700000200600000000,9.440605253391553,-14.223617249248832,0.0,0.7111808624624416,-1.0279697373304224,0.0,-0.9655742875642752
200.70000000000002,1700000200.7,1700000200700000000,9.51198003521175,-14.326235999816491,0.0,0.7163117999908246,-1.0244009982394124,0.0,-0.9605742875642743
200.8,1700000200.8,1700000200800000000,9.583867016463959,-14.428496595230278,0.0,0.7214248297615139,-1.0208066491768022,0.0,-0.9555742875642756
200.9,1700000200.9,1700000200900000000,9.656264399977442,-14.530396478980704,0.0,0.7265198239490351,-1.0171867800011278,0.0,-0.9505742875642746
201.0,1700000201.0,1700000201000000000,9.729170375821333,-14.631933103575909,0.0,0.7315966551787955,-1.0135414812089334,0.0,-0.9455742875642756
201.10000000000002,1700000201.1,1700000201100000000,9.802583121350082,-14.73310393060564,0.0,0.736655196530282,-1.009870843932496,0.0,-0.9405742875642747
201.20000000000002,1700000201.2,1700000201200000000,9.876500801248849,-14.833906430804456,0.0,0.7416953215402228,-1.0061749599375576,0.0,-0.9355742875642741
201.3,1700000201.3,1700000201300000000,9.95092156757946,-14.934338084115065,0.0,0.7467169042057532,-1.0024539216210269,0.0,-0.930574287564275
201.4,1700000201.4,1700000201400000000,10.025843559826662,-15.034396379751398,0.0,0.7517198189875698,-0.9987078220086669,0.0,-0.9255742875642761
201.5,1700000201.5,1700000201500000000,10.101264904944571,-15.134078816261315,0.0,0.7567039408130658,-0.9949367547527714,0.0,-0.9205742875642753
201.60000000000002,1700000201.6,1700000201600000000,10.17718371740347,-15.233382901589057,0.0,0.7616691450794528,-0.9911408141298266,0.0,-0.9155742875642744
201.70000000000002,1700000201.7,1700000201700000000,10.253598099236967,-15.332306153137628,0.0,0.7666153076568815,-0.9873200950381517,0.0,-0.9105742875642756
201.8,1700000201.8,1700000201800000000,10.33050614008955,-15.430846097830967,0.0,0.7715423048915483,-0.9834746929955225,0.0,-0.9055742875642748
201.9,1700000201.9,1700000201900000000,10.407905917264156,-15.52900027217551,0.0,0.7764500136087755,-0.9796047041367922,0.0,-0.9005742875642757
202.0,1700000202.0,1700000202000000000,10.485795495770436,-15.626766222322086,0.0,0.7813383111161043,-0.9757102252114782,0.0,-0.8955742875642749
202.10000000000002,1700000202.1,1700000202100000000,10.564172928372955,-15.724141504126997,0.0,0.7862070752063499,-0.9717913535813523,0.0,-0.890574287564274
202.20000000000002,1700000202.2,1700000202200000000,10.64303625563996,-15.821123683213237,0.0,0.7910561841606618,-0.9678481872180021,0.0,-0.8855742875642751
202.3,1700000202.3,1700000202300000000,10.722383505992422,-15.917710335031446,0.0,0.7958855167515723,-0.963880824700379,0.0,-0.8805742875642742
202.4,1700000202.4,1700000202400000000,10.802212695753166,-16.013899044920294,0.0,0.8006949522460147,-0.9598893652123418,0.0,-0.8755742875642752
202.5,1700000202.5,1700000202500000000,10.882521829196634,-16.109687408167073,0.0,0.8054843704083536,-0.9558739085401684,0.0,-0.8705742875642765
202.60000000000002,1700000202.6,1700000202600000000,10.963308898598726,-16.205073030067762,0.0,0.8102536515033881,-0.9518345550700636,0.0,-0.8655742875642737
202.70000000000002,1700000202.7,1700000202700000000,11.044571884286803,-16.300053525986645,0.0,0.8150026762993322,-0.9477714057856599,0.0,-0.8605742875642748
202.8,1700000202.8,1700000202800000000,11.126308754690513,-16.39462652141634,0.0,0.819731326070817,-0.9436845622654744,0.0,-0.8555742875642757
202.9,1700000202.9,1700000202900000000,11.20851746639238,-16.488789652036917,0.0,0.8244394826018459,-0.939574126680381,0.0,-0.8505742875642749
203.0,1700000203.0,1700000203000000000,11.291195964178833,-16.58254056377495,0.0,0.8291270281887475,-0.9354402017910584,0.0,-0.845574287564276
203.10000000000002,1700000203.1,1700000203100000000,11.374342181091798,-16.6758769128626,0.0,0.8337938456431299,-0.9312828909454101,0.0,-0.8405742875642752
203.20000000000002,1700000203.2,1700000203200000000,11.45795403848015,-16.768796365895955,0.0,0.8384398182947977,-0.9271022980759925,0.0,-0.8355742875642744
203.3,1700000203.3,1700000203300000000,11.542029446051778,-16.861296599893507,0.0,0.8430648299946754,-0.9228985276974111,0.0,-0.8305742875642755
203.4,1700000203.4,1700000203400000000,11.626566301925934,-16.95337530235429,0.0,0.8476687651177145,-0.9186716849037033,0.0,-0.8255742875642746
203.5,1700000203.5,1700000203500000000,11.711562492685562,-17.045030171315464,0.0,0.8522515085657733,-0.9144218753657218,0.0,-0.8205742875642755
203.60000000000002,1700000203.6,1700000203600000000,11.797015893430384,-17.136258915410153,0.0,0.8568129457705076,-0.9101492053284809,0.0,-0.815574287564275
203.70000000000002,1700000203.7,1700000203700000000,11.882924367829794,-17.227059253924466,0.0,0.8613529626962234,-0.9058537816085102,0.0,-0.810574287564274
203.8,1700000203.8,1700000203800000000,11.969285768176388,-17.317428916854645,0.0,0.8658714458427321,-0.9015357115911806,0.0,-0.805574287564275
203.9,1700000203.9,1700000203900000000,12.056097935439674,-17.407365644963846,0.0,0.8703682822481923,-0.8971951032280163,0.0,-0.8005742875642761
204.0,1700000204.0,1700000204000000000,12.143358699320025,-17.496867189838593,0.0,0.8748433594919296,-0.8928320650339987,0.0,-0.7955742875642753
204.10000000000002,1700000204.1,1700000204100000000,12.231065878302864,-17.585931313944883,0.0,0.8792965656972441,-0.8884467060848568,0.0,-0.7905742875642745
204.20000000000002,1700000204.2,1700000204200000000,12.319217279713246,-17.67455579068423,0.0,0.8837277895342115,-0.8840391360143376,0.0,-0.7855742875642755
204.3,1700000204.3,1700000204300000000,12.407810699770799,-17.762738404449387,0.0,0.8881369202224694,-0.8796094650114601,0.0,-0.7805742875642746
204.4,1700000204.4,1700000204400000000,12.496843923644565,-17.850476950679546,0.0,0.8925238475339772,-0.8751578038177719,0.0,-0.7755742875642758
204.5,1700000204.5,1700000204500000000,12.586314725508647,-17.93776923591568,0.0,0.896888461795784,-0.8706842637245676,0.0,-0.770574287564275
204.60000000000002,1700000204.6,1700000204600000000,12.676220868597632,-18.02461307785517,0.0,0.9012306538927586,-0.8661889565701185,0.0,-0.7655742875642744
204.70000000000002,1700000204.7,1700000204700000000,12.766560105262588,-18.11100630540647,0.0,0.9055503152703236,-0.8616719947368706,0.0,-0.760574287564275
204.8,1700000204.8,1700000204800000000,12.857330177027372,-18.196946758743447,0.0,0.9098473379371723,-0.8571334911486315,0.0,-0.7555742875642745
204.9,1700000204.9,1700000204900000000,12.948528814644853,-18.28243228935918,0.0,0.9141216144679589,-0.8525735592677575,0.0,-0.7505742875642754
205.0,1700000205.0,1700000205000000000,13.040153738153869,-18.367460760119886,0.0,0.9183730380059942,-0.8479923130923066,0.0,-0.7455742875642764
205.10000000000002,1700000205.1,1700000205100000000,13.132202656936173,-18.45203004531829,0.0,0.9226015022659144,-0.8433898671531914,0.0,-0.7405742875642737
205.20000000000002,1700000205.2,1700000205200000000,13.224673269773454,-18.53613803072654,0.0,0.9268069015363269,-0.8387663365113273,0.0,-0.7355742875642748
205.3,1700000205.3,1700000205300000000,13.317563264905282,-18.619782613649445,0.0,0.9309891306824724,-0.834121836754736,0.0,-0.7305742875642758
205.4,1700000205.4,1700000205400000000,13.410870320086637,-18.702961702976822,0.0,0.9351480851488412,-0.8294564839956681,0.0,-0.7255742875642751
205.5,1700000205.5,1700000205500000000,13.504592102645947,-18.785673219235704,0.0,0.9392836609617852,-0.8247703948677026,0.0,-0.720574287564276
205.60000000000002,1700000205.6,1700000205600000000,13.59872626954359,-18.867915094642555,0.0,0.9433957547321277,-0.8200636865228206,0.0,-0.7155742875642751
205.70000000000002,1700000205.7,1700000205700000000,13.693270467430256,-18.949685273154742,0.0,0.9474842636577372,-0.8153364766284872,0.0,-0.7105742875642744
205.8,1700000205.8,1700000205800000000,13.788222332705896,-19.030981710522035,0.0,0.9515490855261017,-0.8105888833647051,0.0,-0.7055742875642754
205.9,1700000205.9,1700000205900000000,13.883579491578892,-19.11180237433779,0.0,0.9555901187168894,-0.8058210254210554,0.0,-0.7005742875642746
206.0,1700000206.0,1700000206000000000,13.979339560125169,-19.192145244089563,0.0,0.9596072622044781,-0.8010330219937416,0.0,-0.6955742875642755
206.10000000000002,1700000206.1,1700000206100000000,14.075500144348064,-19.27200831120985,0.0,0.9636004155604925,-0.7962249927825968,0.0,-0.6905742875642749
206.20000000000002,1700000206.2,1700000206200000000,14.172058840237954,-19.351389579126106,0.0,0.9675694789563054,-0.7913970579881023,0.0,-0.6855742875642742
206.3,1700000206.3,1700000206300000000,14.269013233832432,-19.430287063310743,0.0,0.971514353165537,-0.7865493383083784,0.0,-0.6805742875642751
206.4,1700000206.4,1700000206400000000,14.36636090127674,-19.50869879133079,0.0,0.9754349395665395,-0.781681954936163,0.0,-0.6755742875642762
206.5,1700000206.5,1700000206500000000,14.464099408884302,-19.586622802897157,0.0,0.9793311401448579,-0.7767950295557848,0.0,-0.6705742875642752
206.60000000000002,1700000206.6,1700000206600000000,14.562226313197481,-19.66405714991359,0.0,0.9832028574956795,-0.771888684340126,0.0,-0.6655742875642744
206.70000000000002,1700000206.7,1700000206700000000,14.660739161048742,-19.740999896525413,0.0,0.9870499948262706,-0.7669630419475628,0.0,-0.6605742875642755
206.8,1700000206.8,1700000206800000000,14.759635489622095,-19.817449119168028,0.0,0.9908724559584015,-0.7620182255188952,0.0,-0.6555742875642746
206.9,1700000206.9,1700000206900000000,14.858912826514404,-19.893402906614792,0.0,0.9946701453307396,-0.7570543586742797,0.0,-0.6505742875642756
207.0,1700000207.0,1700000207000000000,14.958568689797486,-19.968859360025036,0.0,0.9984429680012519,-0.7520715655101257,0.0,-0.6455742875642748
207.10000000000002,1700000207.1,1700000207100000000,15.05860058807992,-20.043816592991323,0.0,1.002190829649566,-0.747069970596004,0.0,-0.6405742875642741
207.20000000000002,1700000207.2,1700000207200000000,15.159006020569416,-20.118272731586703,0.0,1.005913636579335,-0.7420496989715292,0.0,-0.6355742875642751
207.3,1700000207.3,1700000207300000000,15.259782477135465,-20.192225914411647,0.0,1.0096112957205825,-0.7370108761432268,0.0,-0.6305742875642744
207.4,1700000207.4,1700000207400000000,15.360927438371833,-20.265674292640384,0.0,1.0132837146320193,-0.7319536280814083,0.0,-0.6255742875642752
207.5,1700000207.5,1700000207500000000,15.462438375659788,-20.338616030067307,0.0,1.0169308015033653,-0.7268780812170106,0.0,-0.6205742875642765
207.60000000000002,1700000207.6,1700000207600000000,15.564312751231261,-20.411049303152833,0.0,1.0205524651576416,-0.7217843624384369,0.0,-0.6155742875642738
207.70000000000002,1700000207.7,1700000207700000000,15.666548018232024,-20.4829723010688,0.0,1.02414861505344,-0.7166725990883988,0.0,-0.6105742875642748
207.8,1700000207.8,1700000207800000000,15.769141620785797,-20.554383225744065,0.0,1.0277191612872032,-0.7115429189607102,0.0,-0.6055742875642759
207.9,1700000207.9,1700000207900000000,15.872090994057897,-20.62528029190925,0.0,1.0312640145954624,-0.706395450297105,0.0,-0.6005742875642749
208.0,1700000208.0,1700000208000000000,15.97539356431928,-20.695661727141342,0.0,1.034783086357067,-0.701230321784036,0.0,-0.5955742875642761
208.10000000000002,1700000208.1,1700000208100000000,16.079046749011145,-20.76552577190818,0.0,1.038276288595409,-0.6960476625494427,0.0,-0.5905742875642751
208.20000000000002,1700000208.2,1700000208200000000,16.183047956809236,-20.83487067961226,0.0,1.041743533980613,-0.6908476021595382,0.0,-0.5855742875642744
208.3,1700000208.3,1700000208300000000,16.287394587688738,-20.90369471663447,0.0,1.0451847358317234,-0.6856302706155631,0.0,-0.5805742875642755
208.4,1700000208.4,1700000208400000000,16.392084032989388,-20.971996162377522,0.0,1.048599808118876,-0.6803957983505307,0.0,-0.5755742875642745
208.5,1700000208.5,1700000208500000000,16.497113675480428,-21.039773309308785,0.0,1.0519886654654393,-0.6751443162259786,0.0,-0.5705742875642754
208.60000000000002,1700000208.6,1700000208600000000,16.602480889426342,-21.107024463003153,0.0,1.0553512231501578,-0.6698759555286828,0.0,-0.5655742875642749
208.70000000000002,1700000208.7,1700000208700000000,16.708183040652237,-21.173747942185276,0.0,1.0586873971092639,-0.6645908479673881,0.0,-0.5605742875642741
208.8,1700000208.8,1700000208800000000,16.814217486609795,-21.239942078771616,0.0,1.061997103938581,-0.6592891256695101,0.0,-0.555574287564275
208.9,1700000208.9,1700000208900000000,16.920581576443432,-21.305605217912234,0.0,1.0652802608956116,-0.6539709211778284,0.0,-0.5505742875642761
209.0,1700000209.0,1700000209000000000,17.02727265105647,-21.370735718032094,0.0,1.0685367859016046,-0.6486363674471763,0.0,-0.5455742875642753
209.10000000000002,1700000209.1,1700000209100000000,17.134288043177577,-21.435331950872058,0.0,1.0717665975436028,-0.6432855978411212,0.0,-0.5405742875642745
209.20000000000002,1700000209.2,1700000209200000000,17.24162507742747,-21.499392301529653,0.0,1.0749696150764825,-0.6379187461286263,0.0,-0.5355742875642756
209.3,1700000209.3,1700000209300000000,17.349281070385977,-21.56291516849949,0.0,1.0781457584249745,-0.6325359464807012,0.0,-0.5305742875642747
209.4,1700000209.4,1700000209400000000,17.457253330658787,-21.625898963713162,0.0,1.081294948185658,-0.6271373334670606,0.0,-0.5255742875642757
209.5,1700000209.5,1700000209500000000,17.565539158945107,-21.68834211257911,0.0,1.0844171056289555,-0.6217230420527446,0.0,-0.5205742875642749
209.60000000000002,1700000209.6,1700000209600000000,17.674135848104825,-21.75024305402184,0.0,1.087512152701092,-0.6162932075947589,0.0,-0.5155742875642741
209.70000000000002,1700000209.7,1700000209700000000,17.783040683226325,-21.811600240521027,0.0,1.0905800120260514,-0.6108479658386837,0.0,-0.5105742875642753
209.8,1700000209.8,1700000209800000000,17.892250941694485,-21.872412138150242,0.0,1.093620606907512,-0.6053874529152756,0.0,-0.5055742875642744
209.9,1700000209.9,1700000209900000000,18.001763893258456,-21.932677226615166,0.0,1.0966338613307582,-0.5999118053370771,0.0,-0.5005742875642754
210.0,1700000210.0,1700000210000000000,18.111576800100188,-21.99239399929175,0.0,1.0996196999645875,-0.5944211599949907,0.0,-0.49557428756427635
210.10000000000002,1700000210.1,1700000210100000000,18.221686916902804,-22.051560963263835,0.0,1.1025780481631917,-0.5889156541548598,0.0,-0.4905742875642738
210.20000000000002,1700000210.2,1700000210200000000,18.33209149091897,-22.11017663936031,0.0,1.1055088319680157,-0.5833954254540517,0.0,-0.4855742875642747
210.3,1700000210.3,1700000210300000000,18.442787762040155,-22.168239562192372,0.0,1.1084119781096187,-0.5778606118979922,0.0,-0.48057428756427584
210.4,1700000210.4,1700000210400000000,18.553772962865395,-22.22574828019,0.0,1.1112874140095,-0.5723113518567303,0.0,-0.475574287564275
210.5,1700000210.5,1700000210500000000,18.665044318770363,-22.28270135563819,0.0,1.1141350677819093,-0.5667477840614819,0.0,-0.47057428756427594
210.60000000000002,1700000210.6,1700000210600000000,18.77659904797704,-22.339097364713066,0.0,1.1169548682356532,-0.561170047601148,0.0,-0.46557428756427527
210.70000000000002,1700000210.7,1700000210700000000,18.88843436162297,-22.394934897517313,0.0,1.1197467448758656,-0.5555782819188516,0.0,-0.4605742875642745
210.8,1700000210.8,1700000210800000000,19.00054746383109,-22.45021255811551,0.0,1.1225106279057755,-0.5499726268084456,0.0,-0.4555742875642754
210.9,1700000210.9,1700000210900000000,19.112935551779763,-22.50492896456905,0.0,1.1252464482284525,-0.5443532224110117,0.0,-0.45057428756427453
211.0,1700000211.0,1700000211000000000,19.22559581577257,-22.559082748970592,0.0,1.1279541374485296,-0.5387202092113714,0.0,-0.4455742875642757
211.10000000000002,1700000211.1,1700000211100000000,19.33852543930886,-22.612672557478376,0.0,1.1306336278739189,-0.533073728034557,0.0,-0.4405742875642748
211.20000000000002,1700000211.2,1700000211200000000,19.451721599153878,-22.665697050349966,0.0,1.1332848525174983,-0.527413920042306,0.0,-0.43557428756427413
211.3,1700000211.3,1700000211300000000,19.56518146540949,-22.718154901975783,0.0,1.1359077450987893,-0.5217409267295254,0.0,-0.430574287564275
211.4,1700000211.4,1700000211400000000,19.67890220158499,-22.770044800912288,0.0,1.1385022400456144,-0.5160548899207505,0.0,-0.42557428756427595
211.5,1700000211.5,1700000211500000000,19.79288096466793,-22.82136544991473,0.0,1.1410682724957364,-0.5103559517666035,0.0,-0.42057428756427523
211.60000000000002,1700000211.6,1700000211600000000,19.90711490519513,-22.87211556596953,0.0,1.1436057782984765,-0.5046442547402434,0.0,-0.4155742875642745
211.70000000000002,1700000211.7,1700000211700000000,20.021601167323993,-22.92229388032642,0.0,1.1461146940163212,-0.49891994163380027,0.0,-0.41057428756427544
211.8,1700000211.8,1700000211800000000,20.136336888904008,-22.97189913853019,0.0,1.1485949569265095,-0.49318315555479963,0.0,-0.4055742875642747
211.9,1700000211.9,1700000211900000000,20.25131920154802,-23.02093010045193,0.0,1.1510465050225966,-0.4874340399225988,0.0,-0.4005742875642756
212.0,1700000212.0,1700000212000000000,20.3665452307043,-23.069385540320184,0.0,1.153469277016009,-0.48167273846478503,0.0,-0.39557428756427493
212.10000000000002,1700000212.1,1700000212100000000,20.482012095728066,-23.117264246751457,0.0,1.155863212337573,-0.4758993952135967,0.0,-0.3905742875642741
212.20000000000002,1700000212.2,1700000212200000000,20.597716909953668,-23.164565022780568,0.0,1.1582282511390283,-0.47011415450231653,0.0,-0.38557428756427514
212.3,1700000212.3,1700000212300000000,20.713656780766865,-23.211286685890613,0.0,1.1605643342945307,-0.46431716096165676,0.0,-0.3805742875642743
212.4,1700000212.4,1700000212400000000,20.829828809676833,-23.25742806804241,0.0,1.1628714034021206,-0.4585085595161583,0.0,-0.37557428756427536
212.5,1700000212.5,1700000212500000000,20.94623009238895,-23.302988015703836,0.0,1.1651494007851917,-0.45268849538055245,0.0,-0.3705742875642764
212.60000000000002,1700000212.6,1700000212600000000,21.06285771887729,-23.347965389878595,0.0,1.1673982694939298,-0.44685711405613554,0.0,-0.36557428756427385
212.70000000000002,1700000212.7,1700000212700000000,21.179708773457097,-23.392359066134617,0.0,1.1696179533067308,-0.4410145613271451,0.0,-0.36057428756427473
212.8,1700000212.8,1700000212800000000,21.29678033485818,-23.436167934632333,0.0,1.1718083967316166,-0.435160983257091,0.0,-0.3555742875642757
212.9,1700000212.9,1700000212900000000,21.41406947629764,-23.47939090015233,0.0,1.1739695450076164,-0.42929652618511804,0.0,-0.350574287564275
213.0,1700000213.0,1700000213000000000,21.531573265552964,-23.522026882122695,0.0,1.1761013441061348,-0.42342133672235166,0.0,-0.3455742875642759
213.10000000000002,1700000213.1,1700000213100000000,21.649288765035635,-23.564074814646126,0.0,1.1782037407323063,-0.4175355617482184,0.0,-0.3405742875642752
213.20000000000002,1700000213.2,1700000213200000000,21.76721303186424,-23.605533646526485,0.0,1.1802766823263242,-0.41163934840678795,0.0,-0.3355742875642744
213.3,1700000213.3,1700000213300000000,21.88534311793822,-23.646402341295122,0.0,1.1823201170647561,-0.40573284410308896,0.0,-0.33057428756427537
213.4,1700000213.4,1700000213400000000,22.003676070011654,-23.68667987723682,0.0,1.1843339938618411,-0.3998161964994173,0.0,-0.3255742875642746
213.5,1700000213.5,1700000213500000000,22.12220892976682,-23.726365247415256,0.0,1.1863182623707629,-0.3938895535116589,0.0,-0.3205742875642756
213.60000000000002,1700000213.6,1700000213600000000,22.240938733888484,-23.765457459698265,0.0,1.1882728729849132,-0.38795306330557566,0.0,-0.31557428756427486
213.70000000000002,1700000213.7,1700000213700000000,22.359862514137685,-23.803955536782567,0.0,1.1901977768391283,-0.38200687429311575,0.0,-0.3105742875642741
213.8,1700000213.8,1700000213800000000,22.478977297426066,-23.841858516218224,0.0,1.1920929258109112,-0.3760511351286967,0.0,-0.30557428756427507
213.9,1700000213.9,1700000213900000000,22.59828010589029,-23.879165450432737,0.0,1.1939582725216369,-0.3700859947054855,0.0,-0.30057428756427607
214.0,1700000214.0,1700000214000000000,22.717767956966405,-23.91587540675471,0.0,1.1957937703377355,-0.3641116021516798,0.0,-0.2955742875642753
214.10000000000002,1700000214.1,1700000214100000000,22.83743786346431,-23.95198746743713,0.0,1.1975993733718564,-0.3581281068267844,0.0,-0.2905742875642745
214.20000000000002,1700000214.2,1700000214200000000,22.95728683364254,-23.98750072968035,0.0,1.1993750364840174,-0.352135658317873,0.0,-0.2855742875642755
214.3,1700000214.3,1700000214300000000,23.07731187128316,-24.02241430565469,0.0,1.2011207152827343,-0.34613440643584187,0.0,-0.28057428756427477
214.4,1700000214.4,1700000214400000000,23.197509975766405,-24.05672732252254,0.0,1.202836366126127,-0.3401245012116798,0.0,-0.27557428756427566
214.5,1700000214.5,1700000214500000000,23.317878142145997,-24.09043892246029,0.0,1.2045219461230146,-0.3341060928927001,0.0,-0.2705742875642749
214.60000000000002,1700000214.6,1700000214600000000,23.43841336122401,-24.12354826267969,0.0,1.2061774131339846,-0.32807933193879946,0.0,-0.2655742875642741
214.70000000000002,1700000214.7,1700000214700000000,23.5591126196262,-24.15605451544895,0.0,1.2078027257724475,-0.32204436901868994,0.0,-0.26057428756427514
214.8,1700000214.8,1700000214800000000,23.67997289987748,-24.18795686811346,0.0,1.209397843405673,-0.3160013550061259,0.0,-0.2555742875642743
214.9,1700000214.9,1700000214900000000,23.800991180477055,-24.219254523116042,0.0,1.210962726155802,-0.30995044097614727,0.0,-0.25057428756427536
215.0,1700000215.0,1700000215000000000,23.92216443597425,-24.249946698016963,0.0,1.212497334900848,-0.3038917782012875,0.0,-0.24557428756427635
215.10000000000002,1700000215.1,1700000215100000000,24.04348963704408,-24.280032625513474,0.0,1.2140016312756736,-0.297825518147796,0.0,-0.24057428756427374
215.20000000000002,1700000215.2,1700000215200000000,24.164963750562663,-24.30951155345891,0.0,1.2154755776729456,-0.29175181247186693,0.0,-0.23557428756427476
215.3,1700000215.3,1700000215300000000,24.28658373968357,-24.338382744881628,0.0,1.2169191372440815,-0.2856708130158214,0.0,-0.23057428756427573
215.4,1700000215.4,1700000215400000000,24.408346563913458,-24.36664547800336,0.0,1.218332273900168,-0.27958267180432705,0.0,-0.22557428756427497
215.5,1700000215.5,1700000215500000000,24.530249179187972,-24.394299046257224,0.0,1.2197149523128612,-0.2734875410406013,0.0,-0.220574287564276
215.60000000000002,1700000215.6,1700000215600000000,24.65228853794817,-24.421342758305478,0.0,1.221067137915274,-0.26738557310259153,0.0,-0.2155742875642752
215.70000000000002,1700000215.7,1700000215700000000,24.77446158921639,-24.447775938056722,0.0,1.222388796902836,-0.2612769205391805,0.0,-0.21057428756427443
215.8,1700000215.8,1700000215800000000,24.896765278672675,-24.473597924682817,0.0,1.2236798962341409,-0.2551617360663663,0.0,-0.20557428756427543
215.9,1700000215.9,1700000215900000000,25.01919654873124,-24.498808072635477,0.0,1.224940403631774,-0.24904017256343794,0.0,-0.20057428756427462
216.0,1700000216.0,1700000216000000000,25.14175233861663,-24.52340575166229,0.0,1.2261702875831144,-0.24291238306916849,0.0,-0.19557428756427564
216.10000000000002,1700000216.1,1700000216100000000,25.264429584440563,-24.547390346822574,0.0,1.2273695173411288,-0.23677852077797185,0.0,-0.19057428756427486
216.20000000000002,1700000216.2,1700000216200000000,25.387225219278243,-24.570761258502703,0.0,1.228538062925135,-0.2306387390360879,0.0,-0.18557428756427408
216.3,1700000216.3,1700000216300000000,25.510136173245144,-24.593517902431085,0.0,1.229675895121554,-0.2244931913377427,0.0,-0.1805742875642751
216.4,1700000216.4,1700000216400000000,25.63315937357387,-24.615659709692817,0.0,1.2307829854846408,-0.2183420313213064,0.0,-0.1755742875642761
216.5,1700000216.5,1700000216500000000,25.756291744690863,-24.637186126743877,0.0,1.2318593063371939,-0.21218541276545685,0.0,-0.17057428756427526
216.60000000000002,1700000216.6,1700000216600000000,25.87953020829321,-24.65809661542496,0.0,1.232904830771248,-0.2060234895853395,0.0,-0.16557428756427453
216.70000000000002,1700000216.7,1700000216700000000,26.0028716834257,-24.67839065297492,0.0,1.233919532648746,-0.19985641582871502,0.0,-0.16057428756427547
216.8,1700000216.8,1700000216800000000,26.126313086557964,-24.698067732043896,0.0,1.2349033866021948,-0.19368434567210188,0.0,-0.15557428756427472
216.9,1700000216.9,1700000216900000000,26.249851331661265,-24.71712736070592,0.0,1.235856368035296,-0.18750743341693682,0.0,-0.15057428756427568
217.0,1700000217.0,1700000217000000000,26.373483330285996,-24.73556906247128,0.0,1.2367784531235642,-0.18132583348570014,0.0,-0.1455742875642749
217.10000000000002,1700000217.1,1700000217100000000,26.497205991638594,-24.753392376298393,0.0,1.2376696188149197,-0.17513970041807037,0.0,-0.14057428756427412
217.20000000000002,1700000217.2,1700000217200000000,26.621016222658916,-24.77059685660533,0.0,1.2385298428302665,-0.16894918886705418,0.0,-0.13557428756427511
217.3,1700000217.3,1700000217300000000,26.744910928097728,-24.787182073280988,0.0,1.2393591036640494,-0.1627544535951136,0.0,-0.13057428756427436
217.4,1700000217.4,1700000217400000000,26.86888701059376,-24.80314761169581,0.0,1.2401573805847903,-0.15655564947031209,0.0,-0.12557428756427536
217.5,1700000217.5,1700000217500000000,26.992941370751446,-24.818493072712165,0.0,1.2409246536356084,-0.15035293146242776,0.0,-0.12057428756427634
217.60000000000002,1700000217.6,1700000217600000000,27.117070907218334,-24.833218072694347,0.0,1.2416609036347173,-0.14414645463908332,0.0,-0.11557428756427378
217.70000000000002,1700000217.7,1700000217700000000,27.2412725167623,-24.847322243518093,0.0,1.2423661121759046,-0.13793637416188495,0.0,-0.11057428756427477
217.8,1700000217.8,1700000217800000000,27.365543094349665,-24.86080523257988,0.0,1.2430402616289942,-0.1317228452825167,0.0,-0.10557428756427575
217.9,1700000217.9,1700000217900000000,27.489879533222506,-24.873666702805693,0.0,1.2436833351402847,-0.12550602333887476,0.0,-0.10057428756427497
218.0,1700000218.0,1700000218000000000,27.614278724976234,-24.885906332659435,0.0,1.2442953166329718,-0.11928606375118832,0.0,-0.09557428756427598
218.10000000000002,1700000218.1,1700000218100000000,27.738737559637627,-24.897523816151004,0.0,1.2448761908075503,-0.1130631220181187,0.0,-0.09057428756427519
218.20000000000002,1700000218.2,1700000218200000000,27.863252925742252,-24.908518862843913,0.0,1.2454259431421957,-0.10683735371288733,0.0,-0.08557428756427442
218.3,1700000218.3,1700000218300000000,27.987821710412405,-24.918891197862564,0.0,1.2459445598931282,-0.10060891447937978,0.0,-0.08057428756427541
218.4,1700000218.4,1700000218400000000,28.11244079943504,-24.92864056189913,0.0,1.2464320280949566,-0.09437796002824808,0.0,-0.07557428756427464
218.5,1700000218.5,1700000218500000000,28.23710707733933,-24.93776671122001,0.0,1.2468883355610005,-0.0881446461330334,0.0,-0.07057428756427563
218.60000000000002,1700000218.6,1700000218600000000,28.361817427474918,-24.946269417671957,0.0,1.2473134708835978,-0.08190912862625403,0.0,-0.06557428756427486
218.70000000000002,1700000218.7,1700000218700000000,28.4865687320895,-24.95414846868774,0.0,1.2477074234343872,-0.07567156339552512,0.0,-0.060574287564274056
218.8,1700000218.8,1700000218800000000,28.611357872406906,-24.961403667291503,0.0,1.2480701833645753,-0.06943210637965476,0.0,-0.05557428756427504
218.9,1700000218.9,1700000218900000000,28.736181728705176,-24.968034832103655,0.0,1.2484017416051827,-0.06319091356474116,0.0,-0.05057428756427605
219.0,1700000219.0,1700000219000000000,28.86103718039445,-24.97404179734542,0.0,1.2487020898672712,-0.05694814098027741,0.0,-0.04557428756427527
219.10000000000002,1700000219.1,1700000219100000000,28.985921106094896,-24.979424412842988,0.0,1.2489712206421495,-0.0507039446952552,0.0,-0.04057428756427448
219.20000000000002,1700000219.2,1700000219200000000,29.110830383714827,-24.98418254403124,0.0,1.249209127201562,-0.044458480814258655,0.0,-0.03557428756427547
219.3,1700000219.3,1700000219300000000,29.2357618905289,-24.98831607195715,0.0,1.2494158035978575,-0.03821190547355509,0.0,-0.030574287564274702
219.4,1700000219.4,1700000219400000000,29.360712503255858,-24.991824893282736,0.0,1.2495912446641368,-0.03196437483720709,0.0,-0.02557428756427569
219.5,1700000219.5,1700000219500000000,29.485679098136984,-24.994708920287646,0.0,1.2497354460143821,-0.02571604509315076,0.0,-0.020574287564274915
219.60000000000002,1700000219.6,1700000219600000000,29.61065855101387,-24.99696808087136,0.0,1.2498484040435678,-0.01946707244930648,0.0,-0.015574287564274132
219.70000000000002,1700000219.7,1700000219700000000,29.73564773740666,-24.998602318554966,0.0,1.2499301159277483,-0.013217613129667091,0.0,-0.010574287564275127
219.8,1700000219.8,1700000219800000000,29.860643532592288,-24.999611592482626,0.0,1.2499805796241312,-0.006967823370385656,0.0,-0.005574287564274346
219.9,1700000219.9,1700000219900000000,29.985642811682297,-24.99999587742253,0.0,1.2499997938711265,-0.0007178594158850915,0.0,-0.00057428756427534
220.0,1700000220.0,1700000220000000000,30.11064244970127,-24.99975516376759,0.0,1.2499877581883794,0.005532122485063482,0.0,0.004425712435723665
220.10000000000002,1700000220.1,1700000220100000000,30.23563932166485,-24.998889457535615,0.0,1.2499444728767808,0.011781966083242501,0.0,0.009425712435726223
220.20000000000002,1700000220.2,1700000220200000000,30.360630302657572,-24.99739878036923,0.0,1.2498699390184616,0.018031515132878644,0.0,0.01442571243572523
220.3,1700000220.3,1700000220300000000,30.485612267911513,-24.995283169535284,0.0,1.2497641584767643,0.0242806133955756,0.0,0.019425712435724236
220.4,1700000220.4,1700000220400000000,30.61058209288409,-24.992542677923936,0.0,1.2496271338961966,0.030529104644204507,0.0,0.02442571243572502
220.5,1700000220.5,1700000220500000000,30.7355366533361,-24.989177374047333,0.0,1.2494588687023667,0.03677683266680514,0.0,0.02942571243572402
220.60000000000002,1700000220.6,1700000220600000000,30.860472825410135,-24.985187342037896,0.0,1.2492593671018948,0.043023641270506785,0.0,0.0344257124357248
220.70000000000002,1700000220.7,1700000220700000000,30.98538748570835,-24.98057268164622,0.0,1.249028634082311,0.049269374285417486,0.0,0.03942571243572559
220.8,1700000220.8,1700000220800000000,31.110277511370697,-24.975333508238574,0.0,1.2487666754119287,0.055513875568534925,0.0,0.04442571243572459
220.9,1700000220.9,1700000220900000000,31.235139780153133,-24.969469952794018,0.0,1.248473497639701,0.061756989007656735,0.0,0.04942571243572537
221.0,1700000221.0,1700000221000000000,31.359971170505354,-24.962982161901135,0.0,1.2481491080950566,0.06799855852526764,0.0,0.05442571243572439
221.10000000000002,1700000221.1,1700000221100000000,31.484768561649183,-24.95587029775436,0.0,1.247793514887718,0.0742384280824592,0.0,0.05942571243572515
221.20000000000002,1700000221.2,1700000221200000000,31.609528833656306,-24.948134538149922,0.0,1.247406726907496,0.08047644168281529,0.0,0.06442571243572594
221.3,1700000221.3,1700000221300000000,31.73424886752637,-24.939775076481414,0.0,1.2469887538240707,0.08671244337631859,0.0,0.06942571243572494
221.4,1700000221.4,1700000221400000000,31.858925545265073,-24.93079212173494,0.0,1.246539606086747,0.09294627726325373,0.0,0.07442571243572395
221.5,1700000221.5,1700000221500000000,31.983555749962008,-24.9211858984839,0.0,1.2460592949241949,0.09917778749810047,0.0,0.07942571243572474
221.60000000000002,1700000221.6,1700000221600000000,32.1081363658685,-24.91095664688337,0.0,1.2455478323441684,0.10540681829342523,0.0,0.08442571243572551
221.70000000000002,1700000221.7,1700000221700000000,32.23266427847561,-24.900104622664117,0.0,1.2450052311332058,0.1116332139237804,0.0,0.08942571243572452
221.8,1700000221.8,1700000221800000000,32.35713637459208,-24.88863009712618,0.0,1.2444315048563088,0.11785681872960391,0.0,0.0944257124357253
221.9,1700000221.9,1700000221900000000,32.48154954242191,-24.87653335713209,0.0,1.2438266678566046,0.12407747712109533,0.0,0.0994257124357243
222.0,1700000222.0,1700000222000000000,32.605900671642466,-24.863814705099728,0.0,1.2431907352549862,0.1302950335821233,0.0,0.10442571243572508
222.10000000000002,1700000222.1,1700000222100000000,32.73018665348196,-24.85047445899472,0.0,1.242523722949736,0.13650933267409793,0.0,0.1094257124357259
222.20000000000002,1700000222.2,1700000222200000000,32.85440438079727,-24.836512952322543,0.0,1.2418256476161271,0.14272021903986332,0.0,0.11442571243572487
222.3,1700000222.3,1700000222300000000,32.97855074815177,-24.821930534120114,0.0,1.2410965267060057,0.1489275374075883,0.0,0.11942571243572568
222.4,1700000222.4,1700000222400000000,33.10262265189265,-24.806727568947153,0.0,1.2403363784473576,0.1551311325946325,0.0,0.12442571243572466
222.5,1700000222.5,1700000222500000000,33.226616990228834,-24.79090443687698,0.0,1.239545221843849,0.16133084951144155,0.0,0.12942571243572365
222.60000000000002,1700000222.6,1700000222600000000,33.3505306633084,-24.774461533487063,0.0,1.238723076674353,0.1675265331654199,0.0,0.13442571243572624
222.70000000000002,1700000222.7,1700000222700000000,33.4743605732958,-24.75739926984916,0.0,1.237869963492458,0.17371802866479003,0.0,0.13942571243572524
222.8,1700000222.8,1700000222800000000,33.59810362444983,-24.739718072518954,0.0,1.2369859036259476,0.17990518122249136,0.0,0.1444257124357243
222.9,1700000222.9,1700000222900000000,33.721756723200684,-24.72141838352546,0.0,1.2360709191762729,0.18608783616003433,0.0,0.14942571243572503
223.0,1700000223.0,1700000223000000000,33.845316778227264,-24.702500660359952,0.0,1.2351250330179977,0.19226583891136323,0.0,0.15442571243572406
223.10000000000002,1700000223.1,1700000223100000000,33.96878070053471,-24.682965375964518,0.0,1.234148268798226,0.19843903502673535,0.0,0.15942571243572484
223.20000000000002,1700000223.2,1700000223200000000,34.09214540353134,-24.662813018720257,0.0,1.2331406509360128,0.20460727017656716,0.0,0.1644257124357256
223.3,1700000223.3,1700000223300000000,34.21540780310598,-24.64204409243505,0.0,1.2321022046217525,0.210770390155299,0.0,0.16942571243572463
223.4,1700000223.4,1700000223400000000,34.338564817705134,-24.620659116330966,0.0,1.2310329558165485,0.21692824088525672,0.0,0.17442571243572536
223.5,1700000223.5,1700000223500000000,34.46161336840977,-24.59865862503131,0.0,1.2299329312515654,0.2230806684204885,0.0,0.1794257124357244
223.60000000000002,1700000223.6,1700000223600000000,34.58455037901261,-24.576043168547194,0.0,1.2288021584273598,0.2292275189506307,0.0,0.18442571243572514
223.70000000000002,1700000223.7,1700000223700000000,34.70737277609476,-24.55281331226387,0.0,1.2276406656131935,0.23536863880473807,0.0,0.18942571243572592
223.8,1700000223.8,1700000223800000000,34.830077489102635,-24.528969636926536,0.0,1.2264484818463268,0.2415038744551319,0.0,0.19442571243572493
223.9,1700000223.9,1700000223900000000,34.952661450424856,-24.50451273862583,0.0,1.2252256369312915,0.24763307252124273,0.0,0.199425712435724
224.0,1700000224.0,1700000224000000000,35.0751215954688,-24.479443228782923,0.0,1.2239721614391461,0.25375607977344017,0.0,0.20442571243572474
224.10000000000002,1700000224.1,1700000224100000000,35.197454862737196,-24.453761734134268,0.0,1.2226880867067134,0.25987274313685976,0.0,0.2094257124357255
224.20000000000002,1700000224.2,1700000224200000000,35.31965819390467,-24.427468896715904,0.0,1.2213734448357951,0.2659829096952338,0.0,0.2144257124357245
224.3,1700000224.3,1700000224300000000,35.44172853389442,-24.40056537384737,0.0,1.2200282686923685,0.2720864266947209,0.0,0.21942571243572537
224.4,1700000224.4,1700000224400000000,35.56366283095419,-24.373051838115366,0.0,1.2186525919057682,0.27818314154770957,0.0,0.22442571243572432
224.5,1700000224.5,1700000224500000000,35.68545803673301,-24.344928977356826,0.0,1.2172464488678412,0.28427290183665044,0.0,0.22942571243572513
224.60000000000002,1700000224.6,1700000224600000000,35.80711110635703,-24.316197494641813,0.0,1.2158098747320907,0.29035555531785123,0.0,0.23442571243572588
224.70000000000002,1700000224.7,1700000224700000000,35.92861899850579,-24.286858108255917,0.0,1.2143429054127959,0.2964309499252896,0.0,0.23942571243572486
224.8,1700000224.8,1700000224800000000,36.049978675488425,-24.256911551682244,0.0,1.212845577584112,0.3024989337744211,0.0,0.24442571243572564
224.9,1700000224.9,1700000224900000000,36.17118710331923,-24.226358573583166,0.0,1.2113179286791582,0.3085593551659612,0.0,0.24942571243572462
225.0,1700000225.0,1700000225000000000,36.29224125179386,-24.195199937781535,0.0,1.2097599968890769,0.31461206258969304,0.0,0.25442571243572365
225.10000000000002,1700000225.1,1700000225100000000,36.41313809456501,-24.163436423241606,0.0,1.2081718211620802,0.32065690472825037,0.0,0.2594257124357262
225.20000000000002,1700000225.2,1700000225200000000,36.53387460921772,-24.131068824049628,0.0,1.2065534412024814,0.32669373046088607,0.0,0.2644257124357252
225.3,1700000225.3,1700000225300000000,36.65444777734551,-24.098097949393875,0.0,1.2049048974696939,0.3327223888672756,0.0,0.2694257124357243
225.4,1700000225.4,1700000225400000000,36.774854584625494,-24.064524623544486,0.0,1.2032262311772244,0.3387427292312748,0.0,0.274425712435725
225.5,1700000225.5,1700000225500000000,36.89509202089368,-24.030349685832878,0.0,1.2015174842916438,0.3447546010446839,0.0,0.27942571243572395
225.60000000000002,1700000225.6,1700000225600000000,37.015157080220504,-23.995573990630692,0.0,1.1997786995315347,0.35075785401102505,0.0,0.2844257124357248
225.70000000000002,1700000225.7,1700000225700000000,37.13504676098569,-23.96019840732851,0.0,1.1980099203664254,0.3567523380492845,0.0,0.2894257124357256
225.8,1700000225.8,1700000225800000000,37.25475806595343,-23.92422382031408,0.0,1.196211191015704,0.3627379032976714,0.0,0.29442571243572463
225.9,1700000225.9,1700000225900000000,37.37428800234741,-23.887651128950186,0.0,1.1943825564475092,0.3687144001173706,0.0,0.29942571243572536
226.0,1700000226.0,1700000226000000000,37.49363358192537,-23.850481247552224,0.0,1.1925240623776112,0.37468167909626865,0.0,0.30442571243572436
226.10000000000002,1700000226.1,1700000226100000000,37.61279182105412,-23.812715105365275,0.0,1.1906357552682636,0.380639591052706,0.0,0.30942571243572514
226.20000000000002,1700000226.2,1700000226200000000,37.73175974078384,-23.774353646540934,0.0,1.1887176823270467,0.386587987039192,0.0,0.3144257124357259
226.3,1700000226.3,1700000226300000000,37.850534366922695,-23.73539783011369,0.0,1.1867698915056846,0.39252671834613473,0.0,0.319425712435725
226.4,1700000226.4,1700000226400000000,37.969112730111256,-23.69584862997691,0.0,1.1847924314988456,0.3984556365055628,0.0,0.324425712435724
226.5,1700000226.5,1700000226500000000,38.087491865896666,-23.655707034858526,0.0,1.1827853517429263,0.40437459329483333,0.0,0.32942571243572477
226.60000000000002,1700000226.6,1700000226600000000,38.20566881480665,-23.61497404829634,0.0,1.1807487024148169,0.4102834407403325,0.0,0.3344257124357255
226.70000000000002,1700000226.7,1700000226700000000,38.3236406224236,-23.573650688612904,0.0,1.1786825344306453,0.4161820311211801,0.0,0.3394257124357245
226.8,1700000226.8,1700000226800000000,38.44140433945856,-23.53173798889003,0.0,1.1765868994445015,0.4220702169729279,0.0,0.3444257124357254
226.9,1700000226.9,1700000226900000000,38.55895702182464,-23.48923699694306,0.0,1.174461849847153,0.427947851091232,0.0,0.34942571243572423
227.0,1700000227.0,1700000227000000000,38.676295730711,-23.44614877529455,0.0,1.1723074387647276,0.4338147865355499,0.0,0.35442571243572496
227.10000000000002,1700000227.1,1700000227100000000,38.79341753265598,-23.402474401147806,0.0,1.1701237200573904,0.4396708766327989,0.0,0.35942571243572585
227.20000000000002,1700000227.2,1700000227200000000,38.91031949962059,-23.35821496635993,0.0,1.1679107483179965,0.4455159749810295,0.0,0.36442571243572497
227.3,1700000227.3,1700000227300000000,39.02699870906183,-23.31337157741445,0.0,1.1656685788707226,0.45134993545309154,0.0,0.3694257124357257
227.4,1700000227.4,1700000227400000000,39.14345224400546,-23.267945355393792,0.0,1.1633972677696895,0.4571726122002731,0.0,0.37442571243572464
227.5,1700000227.5,1700000227500000000,39.25967719311921,-23.22193743595112,0.0,1.1610968717975558,0.46298385965596056,0.0,0.37942571243572354
227.60000000000002,1700000227.6,1700000227600000000,39.375670650785494,-23.175348969281984,0.0,1.1587674484640993,0.4687835325392746,0.0,0.3844257124357262
227.70000000000002,1700000227.7,1700000227700000000,39.49142971717374,-23.128181120095704,0.0,1.1564090560047853,0.4745714858586868,0.0,0.38942571243572516
227.8,1700000227.8,1700000227800000000,39.60695149831339,-23.08043506758601,0.0,1.1540217533793005,0.4803475749156697,0.0,0.3944257124357243
227.9,1700000227.9,1700000227900000000,39.722233106166,-23.032112005401718,0.0,1.1516056002700858,0.4861116553082999,0.0,0.39942571243572494
228.0,1700000228.0,1700000228000000000,39.837271658697276,-22.983213141616893,0.0,1.1491606570808446,0.4918635829348636,0.0,0.40442571243572406
228.10000000000002,1700000228.1,1700000228100000000,39.95206427994948,-22.933739698700553,0.0,1.1466869849350276,0.4976032139974739,0.0,0.4094257124357248
228.20000000000002,1700000228.2,1700000228200000000,40.06660810011302,-22.883692913486207,0.0,1.1441846456743106,0.5033304050056511,0.0,0.4144257124357255
228.3,1700000228.3,1700000228300000000,40.180900255598324,-22.833074037140904,0.0,1.1416537018570452,0.5090450127799161,0.0,0.4194257124357246
228.4,1700000228.4,1700000228400000000,40.29493788910753,-22.781884335133874,0.0,1.1390942167566935,0.5147468944553765,0.0,0.42442571243572547
228.5,1700000228.5,1700000228500000000,40.40871814970566,-22.730125087205042,0.0,1.136506254360252,0.5204359074852831,0.0,0.4294257124357244
228.60000000000002,1700000228.6,1700000228600000000,40.52223819289222,-22.67779758733287,0.0,1.1338898793666434,0.5261119096446107,0.0,0.4344257124357252
228.70000000000002,1700000228.7,1700000228700000000,40.635495180671974,-22.624903143702145,0.0,1.1312451571851072,0.5317747590335987,0.0,0.4394257124357259
228.8,1700000228.8,1700000228800000000,40.748486281626114,-22.571443078671226,0.0,1.1285721539335614,0.5374243140813055,0.0,0.44442571243572493
228.9,1700000228.9,1700000228900000000,40.861208670983025,-22.517418728738942,0.0,1.125870936436947,0.5430604335491511,0.0,0.44942571243572393
229.0,1700000229.0,1700000229000000000,40.97365953068889,-22.462831444511195,0.0,1.1231415722255598,0.5486829765344444,0.0,0.4544257124357248
229.10000000000002,1700000229.1,1700000229100000000,41.08583604947803,-22.407682590667278,0.0,1.1203841295333639,0.5542918024739014,0.0,0.45942571243572544
229.20000000000002,1700000229.2,1700000229200000000,41.19773542294328,-22.351973545925677,0.0,1.1175986772962838,0.5598867711471641,0.0,0.46442571243572456
229.3,1700000229.3,1700000229300000000,41.309354853606216,-22.29570570300957,0.0,1.1147852851504787,0.5654677426803107,0.0,0.4694257124357253
229.4,1700000229.4,1700000229400000000,41.420691550986795,-22.238880468612145,0.0,1.1119440234306073,0.5710345775493398,0.0,0.47442571243572434
229.5,1700000229.5,1700000229500000000,41.53174273167347,-22.18149926336126,0.0,1.109074963168063,0.5765871365836734,0.0,0.47942571243572507
229.60000000000002,1700000229.6,1700000229600000000,41.642505619392466,-22.123563521784074,0.0,1.1061781760892035,0.5821252809696231,0.0,0.4844257124357259
229.70000000000002,1700000229.7,1700000229700000000,41.75297744507731,-22.065074692271132,0.0,1.1032537346135567,0.5876488722538655,0.0,0.4894257124357248
229.8,1700000229.8,1700000229800000000,41.86315544693821,-22.006034237040083,0.0,1.1003017118520042,0.5931577723469104,0.0,0.4944257124357257
229.9,1700000229.9,1700000229900000000,41.97303687053076,-21.946443632099278,0.0,1.0973221816049639,0.598651843526538,0.0,0.4994257124357247
230.0,1700000230.0,1700000230000000000,42.082618968825145,-21.886304367210712,0.0,1.0943152183605356,0.6041309484412574,0.0,0.5044257124357236
230.10000000000002,1700000230.1,1700000230100000000,42.191899002274695,-21.825617945852834,0.0,1.0912808972926418,0.6095949501137347,0.0,0.5094257124357262
230.20000000000002,1700000230.2,1700000230200000000,42.3008742388841,-21.764385885183106,0.0,1.0882192942591553,0.6150437119442049,0.0,0.5144257124357252
230.3,1700000230.3,1700000230300000000,42.409541954278204,-21.702609715999806,0.0,1.0851304857999902,0.6204770977139101,0.0,0.5194257124357242
230.4,1700000230.4,1700000230400000000,42.51789943176982,-21.640290982703927,0.0,1.0820145491351965,0.625894971588491,0.0,0.524425712435725
230.5,1700000230.5,1700000230500000000,42.62594396242757,-21.5774312432606,0.0,1.07887156216303,0.6312971981213787,0.0,0.5294257124357239
230.60000000000002,1700000230.6,1700000230600000000,42.73367284514391,-21.514032069159995,0.0,1.0757016034579996,0.6366836422571954,0.0,0.534425712435725
230.70000000000002,1700000230.7,1700000230700000000,42.84108338670232,-21.45009504537818,0.0,1.072504752268909,0.6420541693351163,0.0,0.5394257124357256
230.8,1700000230.8,1700000230800000000,42.94817290184484,-21.385621770337444,0.0,1.0692810885168722,0.6474086450922422,0.0,0.5444257124357248
230.9,1700000230.9,1700000230900000000,43.05493871333923,-21.320613855866263,0.0,1.0660306927933132,0.6527469356669617,0.0,0.5494257124357254
231.0,1700000231.0,1700000231000000000,43.1613781520457,-21.25507292715916,0.0,1.0627536463579579,0.658068907602285,0.0,0.5544257124357245
231.10000000000002,1700000231.1,1700000231100000000,43.26748855698389,-21.189000622735882,0.0,1.059450031136794,0.6633744278491944,0.0,0.5594257124357251
231.20000000000002,1700000231.2,1700000231200000000,43.37326727539917,-21.12239859440063,0.0,1.0561199297200314,0.6686633637699585,0.0,0.5644257124357259
231.3,1700000231.3,1700000231300000000,43.47871166282905,-21.055268507200665,0.0,1.052763425360033,0.6739355831414526,0.0,0.5694257124357252
231.4,1700000231.4,1700000231400000000,43.583819083169374,-20.987612039384647,0.0,1.0493806019692324,0.6791909541584689,0.0,0.574425712435724
231.5,1700000231.5,1700000231500000000,43.68858690874015,-20.91943088236073,0.0,1.0459715441180364,0.6844293454370075,0.0,0.5794257124357247
231.60000000000002,1700000231.6,1700000231600000000,43.793012520351155,-20.850726740654302,0.0,1.0425363370327152,0.6896506260175577,0.0,0.5844257124357255
231.70000000000002,1700000231.7,1700000231700000000,43.8970933073675,-20.781501331865357,0.0,1.0390750665932678,0.6948546653683747,0.0,0.5894257124357245
231.8,1700000231.8,1700000231800000000,44.000826667774994,-20.71175638662546,0.0,1.035587819331273,0.7000413333887499,0.0,0.5944257124357254
231.9,1700000231.9,1700000231900000000,44.104210008244976,-20.64149364855466,0.0,1.032074682427733,0.7052105004122488,0.0,0.5994257124357243
232.0,1700000232.0,1700000232000000000,44.207240744199375,-20.570714874217696,0.0,1.0285357437108849,0.7103620372099688,0.0,0.6044257124357251
232.10000000000002,1700000232.1,1700000232100000000,44.309916299875134,-20.499421833080266,0.0,1.0249710916540133,0.7154958149937567,0.0,0.609425712435726
232.20000000000002,1700000232.2,1700000232200000000,44.41223410838867,-20.427616307464714,0.0,1.0213808153732358,0.7206117054194333,0.0,0.6144257124357249
232.3,1700000232.3,1700000232300000000,44.51419161180016,-20.355300092505388,0.0,1.0177650046252693,0.7257095805900081,0.0,0.6194257124357258
232.4,1700000232.4,1700000232400000000,44.61578626117727,-20.282474996103943,0.0,1.0141237498051971,0.7307893130588636,0.0,0.6244257124357248
232.5,1700000232.5,1700000232500000000,44.71701551665909,-20.209142838883977,0.0,1.0104571419441988,0.7358507758329547,0.0,0.6294257124357238
232.60000000000002,1700000232.6,1700000232600000000,44.81787684751958,-20.135305454145545,0.0,1.0067652727072771,0.740893842375979,0.0,0.6344257124357263
232.70000000000002,1700000232.7,1700000232700000000,44.918367732230564,-20.06096468781952,0.0,1.0030482343909761,0.7459183866115283,0.0,0.6394257124357251
232.8,1700000232.8,1700000232800000000,45.01848565852525,-19.986122398421145,0.0,0.9993061199210573,0.7509242829262625,0.0,0.6444257124357243
232.9,1700000232.9,1700000232900000000,45.11822812346072,-19.910780457003728,0.0,0.9955390228501864,0.7559114061730359,0.0,0.6494257124357251
233.0,1700000233.0,1700000233000000000,45.217592633480464,-19.834940747111926,0.0,0.9917470373555963,0.7608796316740234,0.0,0.654425712435724
233.10000000000002,1700000233.1,1700000233100000000,45.316576704477,-19.75860516473449,0.0,0.9879302582367245,0.76582883522385,0.0,0.6594257124357249
233.20000000000002,1700000233.2,1700000233200000000,45.41517786185366,-19.68177561825703,0.0,0.9840887809128516,0.7707588930926829,0.0,0.6644257124357256
233.3,1700000233.3,1700000233300000000,45.51339364058661,-19.604454028414235,0.0,0.9802227014207117,0.7756696820293303,0.0,0.6694257124357246
233.4,1700000233.4,1700000233400000000,45.611221585286565,-19.52664232824176,0.0,0.9763321164120881,0.7805610792643282,0.0,0.6744257124357254
233.5,1700000233.5,1700000233500000000,45.70865925025994,-19.448342463028123,0.0,0.9724171231514062,0.785432962512997,0.0,0.6794257124357244
233.60000000000002,1700000233.6,1700000233600000000,45.80570419957025,-19.369556390265817,0.0,0.9684778195132908,0.7902852099785127,0.0,0.6844257124357253
233.70000000000002,1700000233.7,1700000233700000000,45.902354007098786,-19.29028607960258,0.0,0.964514303980129,0.7951177003549393,0.0,0.6894257124357259
233.8,1700000233.8,1700000233800000000,45.998606256605356,-19.210533512792086,0.0,0.9605266756396043,0.7999303128302679,0.0,0.6944257124357252
233.9,1700000233.9,1700000233900000000,46.094458541788775,-19.130300683644318,0.0,0.956515034182216,0.8047229270894387,0.0,0.699425712435724
234.0,1700000234.0,1700000234000000000,46.189908466346935,-19.049589597975803,0.0,0.9524794798987901,0.8094954233173467,0.0,0.7044257124357248
234.10000000000002,1700000234.1,1700000234100000000,46.284953644036655,-18.9684022735595,0.0,0.9484201136779751,0.8142476822018327,0.0,0.7094257124357254
234.20000000000002,1700000234.2,1700000234200000000,46.37959169873342,-18.88674074007433,0.0,0.9443370370037164,0.8189795849366709,0.0,0.7144257124357245
234.3,1700000234.3,1700000234300000000,46.47382026449085,-18.804607039054304,0.0,0.9402303519527153,0.8236910132245423,0.0,0.7194257124357253
234.4,1700000234.4,1700000234400000000,46.56763698559964,-18.722003223837742,0.0,0.9361001611918871,0.8283818492799822,0.0,0.7244257124357243
234.5,1700000234.5,1700000234500000000,46.661039516646724,-18.638931359515656,0.0,0.9319465679757828,0.8330519758323364,0.0,0.7294257124357251
234.60000000000002,1700000234.6,1700000234600000000,46.754025522573656,-18.55539352288036,0.0,0.9277696761440181,0.837701276128683,0.0,0.7344257124357259
234.70000000000002,1700000234.7,1700000234700000000,46.8465926787351,-18.47139180237345,0.0,0.9235695901186725,0.8423296339367549,0.0,0.7394257124357249
234.8,1700000234.8,1700000234800000000,46.93873867095702,-18.386928298033496,0.0,0.9193464149016749,0.8469369335478514,0.0,0.7444257124357258
234.9,1700000234.9,1700000234900000000,47.03046119559437,-18.30200512144378,0.0,0.9151002560721889,0.8515230597797186,0.0,0.7494257124357248
235.0,1700000235.0,1700000235000000000,47.121757959588834,-18.21662439567925,0.0,0.9108312197839625,0.8560878979794417,0.0,0.7544257124357236
235.10000000000002,1700000235.1,1700000235100000000,47.21262668052613,-18.130788255253552,0.0,0.9065394127626776,0.8606313340263063,0.0,0.7594257124357262
235.20000000000002,1700000235.2,1700000235200000000,47.30306508669283,-18.044498846065846,0.0,0.9022249423032923,0.8651532543346416,0.0,0.7644257124357253
235.3,1700000235.3,1700000235300000000,47.39307091713357,-17.957758325346802,0.0,0.8978879162673402,0.8696535458566785,0.0,0.7694257124357243
235.4,1700000235.4,1700000235400000000,47.4826419217073,-17.870568861604895,0.0,0.8935284430802447,0.874132096085365,0.0,0.774425712435725
235.5,1700000235.5,1700000235500000000,47.57177586114351,-17.782932634572234,0.0,0.8891466317286117,0.8785887930571755,0.0,0.779425712435724
235.60000000000002,1700000235.6,1700000235600000000,47.660470507098424,-17.694851835149876,0.0,0.8847425917574937,0.883023525354921,0.0,0.7844257124357249
235.70000000000002,1700000235.7,1700000235700000000,47.748723642210464,-17.606328665353242,0.0,0.8803164332676622,0.8874361821105232,0.0,0.7894257124357256
235.8,1700000235.8,1700000235800000000,47.83653306015584,-17.517365338257,0.0,0.8758682669128501,0.8918266530077918,0.0,0.7944257124357246
235.9,1700000235.9,1700000235900000000,47.92389656570372,-17.427964077939638,0.0,0.8713982038969819,0.896194828285186,0.0,0.7994257124357252
236.0,1700000236.0,1700000236000000000,48.01081197477097,-17.33812711942806,0.0,0.866906355971403,0.9005405987385484,0.0,0.8044257124357244
236.10000000000002,1700000236.1,1700000236100000000,48.09727711447694,-17.24785670864149,0.0,0.8623928354320745,0.9048638557238469,0.0,0.8094257124357254
236.20000000000002,1700000236.2,1700000236200000000,48.18328982319761,-17.15715510233553,0.0,0.8578577551167765,0.9091644911598806,0.0,0.8144257124357261
236.3,1700000236.3,1700000236300000000,48.26884795061972,-17.06602456804565,0.0,0.8533012284022824,0.913442397530986,0.0,0.819425712435725
236.4,1700000236.4,1700000236400000000,48.35394935779456,-16.97446738403042,0.0,0.8487233692015208,0.9176974678897283,0.0,0.824425712435724
236.5,1700000236.5,1700000236500000000,48.43859191719143,-16.882485839214638,0.0,0.8441242919607319,0.9219295958595715,0.0,0.8294257124357247
236.60000000000002,1700000236.6,1700000236600000000,48.52277351275071,-16.79008223313218,0.0,0.8395041116566089,0.9261386756375355,0.0,0.8344257124357257
236.70000000000002,1700000236.7,1700000236700000000,48.60649203993687,-16.6972588758684,0.0,0.8348629437934201,0.9303246019968432,0.0,0.8394257124357245
236.8,1700000236.8,1700000236800000000,48.68974540579114,-16.604018088002345,0.0,0.8302009044001173,0.9344872702895569,0.0,0.8444257124357253
236.9,1700000236.9,1700000236900000000,48.77253152898366,-16.510362200548915,0.0,0.8255181100274457,0.938626576449183,0.0,0.8494257124357243
237.0,1700000237.0,1700000237000000000,48.854848339865725,-16.41629355490035,0.0,0.8208146777450175,0.9427424169932863,0.0,0.8544257124357251
237.10000000000002,1700000237.1,1700000237100000000,48.93669378052131,-16.321814502767925,0.0,0.8160907251383963,0.9468346890260657,0.0,0.859425712435726
237.20000000000002,1700000237.2,1700000237200000000,49.01806580481865,-16.22692740612306,0.0,0.811346370306153,0.9509032902409322,0.0,0.864425712435725
237.3,1700000237.3,1700000237300000000,49.09896237846141,-16.131634637138163,0.0,0.8065817318569081,0.9549481189230706,0.0,0.8694257124357258
237.4,1700000237.4,1700000237400000000,49.17938147903942,-16.035938578127553,0.0,0.8017969289063777,0.9589690739519712,0.0,0.8744257124357248
237.5,1700000237.5,1700000237500000000,49.25932109607938,-15.939841621487702,0.0,0.7969920810743851,0.9629660548039691,0.0,0.8794257124357236
237.60000000000002,1700000237.6,1700000237600000000,49.33877923109509,-15.84334616963744,0.0,0.792167308481872,0.9669389615547542,0.0,0.8844257124357262
237.70000000000002,1700000237.7,1700000237700000000,49.41775389763718,-15.746454634958182,0.0,0.7873227317479091,0.9708876948818591,0.0,0.8894257124357251
237.8,1700000237.8,1700000237800000000,49.496243121343184,-15.649169439733173,0.0,0.7824584719866587,0.974812156067159,0.0,0.8944257124357242
237.9,1700000237.9,1700000237900000000,49.5742449399866,-15.5514930160872,0.0,0.7775746508043601,0.9787122469993301,0.0,0.899425712435725
238.0,1700000238.0,1700000238000000000,49.651757403525984,-15.453427805925832,0.0,0.7726713902962916,0.9825878701762991,0.0,0.904425712435724
238.10000000000002,1700000238.1,1700000238100000000,49.728778574153836,-15.354976260874146,0.0,0.7677488130437072,0.9864389287076918,0.0,0.909425712435725
238.20000000000002,1700000238.2,1700000238200000000,49.80530652634487,-15.256140842215677,0.0,0.7628070421107838,0.9902653263172435,0.0,0.9144257124357255
238.3,1700000238.3,1700000238300000000,49.88133934690425,-15.156924020830775,0.0,0.7578462010415388,0.9940669673452124,0.0,0.9194257124357245
238.4,1700000238.4,1700000238400000000,49.956875135015466,-15.057328277134744,0.0,0.7528664138567371,0.9978437567507732,0.0,0.9244257124357254
238.5,1700000238.5,1700000238500000000,50.0319120022877,-14.95735610101605,0.0,0.7478678050508025,1.0015956001143849,0.0,0.9294257124357244
238.60000000000002,1700000238.6,1700000238600000000,50.10644807280323,-14.857009991773825,0.0,0.7428504995886913,1.0053224036401613,0.0,0.9344257124357251
238.70000000000002,1700000238.7,1700000238700000000,50.18048148316415,-14.756292458055608,0.0,0.7378146229027804,1.0090240741582075,0.0,0.9394257124357259
238.8,1700000238.8,1700000238800000000,50.254010382539036,-14.655206017794534,0.0,0.7327603008897267,1.0127005191269516,0.0,0.9444257124357249
238.9,1700000238.9,1700000238900000000,50.327032932709244,-14.553753198146302,0.0,0.7276876599073151,1.0163516466354623,0.0,0.9494257124357242
239.0,1700000239.0,1700000239000000000,50.39954730811486,-14.451936535426091,0.0,0.7225968267713045,1.0199773654057434,0.0,0.9544257124357246
239.10000000000002,1700000239.1,1700000239100000000,50.47155169590026,-14.349758575045199,0.0,0.71748792875226,1.0235775847950128,0.0,0.9594257124357254
239.20000000000002,1700000239.2,1700000239200000000,50.543044295959454,-14.247221871447346,0.0,0.7123610935723673,1.0271522147979728,0.0,0.9644257124357247
239.3,1700000239.3,1700000239300000000,50.61402332098123,-14.144328988044716,0.0,0.7072164494022358,1.0307011660490615,0.0,0.9694257124357254
239.4,1700000239.4,1700000239400000000,50.6844869964936,-14.041082497154106,0.0,0.7020541248577052,1.0342243498246797,0.0,0.9744257124357243
239.5,1700000239.5,1700000239500000000,50.754433560908396,-13.937484979932332,0.0,0.6968742489966167,1.0377216780454197,0.0,0.9794257124357251
239.60000000000002,1700000239.6,1700000239600000000,50.82386126556513,-13.833539026311973,0.0,0.6916769513155986,1.0411930632782562,0.0,0.9844257124357259
239.70000000000002,1700000239.7,1700000239700000000,50.892768374774775,-13.729247234936487,0.0,0.6864623617468244,1.0446384187387385,0.0,0.9894257124357247
239.8,1700000239.8,1700000239800000000,50.96115316586324,-13.624612213095155,0.0,0.6812306106547578,1.0480576582931618,0.0,0.9944257124357258
239.9,1700000239.9,1700000239900000000,51.02901392921426,-13.51963657665815,0.0,0.6759818288329076,1.0514506964607127,0.0,0.9994257124357245
240.0,1700000240.0,1700000240000000000,51.0963489683123,-13.414322950010874,0.0,0.6707161475005436,1.0548174484156152,0.0,1.0044257124357236
240.10000000000002,1700000240.1,1700000240100000000,51.163156599784955,-13.308673965988435,0.0,0.6654336982994218,1.0581578299892478,0.0,1.0094257124357262
240.20000000000002,1700000240.2,1700000240200000000,51.22943515344482,-13.202692265810082,0.0,0.660134613290504,1.061471757672241,0.0,1.0144257124357254
240.3,1700000240.3,1700000240300000000,51.295182972331546,-13.096380499012723,0.0,0.654819024950636,1.0647591486165773,0.0,1.0194257124357242
240.4,1700000240.4,1700000240400000000,51.3603984127531,-12.989741323384951,0.0,0.6494870661692476,1.0680199206376553,0.0,1.024425712435725
240.5,1700000240.5,1700000240500000000,51.425079844326845,-12.882777404900683,0.0,0.6441388702450341,1.0712539922163422,0.0,1.029425712435724
240.60000000000002,1700000240.6,1700000240600000000,51.48922565002039,-12.775491417652232,0.0,0.6387745708826116,1.0744612825010194,0.0,1.0344257124357248
240.70000000000002,1700000240.7,1700000240700000000,51.55283422619191,-12.66788604378373,0.0,0.6333943021891865,1.0776417113095955,0.0,1.0394257124357256
240.8,1700000240.8,1700000240800000000,51.6159039826303,-12.559963973423955,0.0,0.6279981986711978,1.0807951991315148,0.0,1.0444257124357246
240.9,1700000240.9,1700000240900000000,51.67843334259497,-12.45172790461897,0.0,0.6225863952309485,1.0839216671297485,0.0,1.0494257124357254
241.0,1700000241.0,1700000241000000000,51.740420742855136,-12.343180543264937,0.0,0.6171590271632468,1.0870210371427569,0.0,1.0544257124357244
241.10000000000002,1700000241.1,1700000241100000000,51.80186463372907,-12.234324603040156,0.0,0.6117162301520078,1.0900932316864533,0.0,1.0594257124357251
241.20000000000002,1700000241.2,1700000241200000000,51.86276347912267,-12.125162805337503,0.0,0.6062581402668752,1.0931381739561337,0.0,1.0644257124357261
241.3,1700000241.3,1700000241300000000,51.92311575656795,-12.015697879196273,0.0,0.6007848939598136,1.0961557878283978,0.0,1.069425712435725
241.4,1700000241.4,1700000241400000000,51.98291995726116,-11.90593256123388,0.0,0.595296628061694,1.0991459978630578,0.0,1.074425712435724
241.5,1700000241.5,1700000241500000000,52.04217458610039,-11.79586959557752,0.0,0.589793479778876,1.1021087293050194,0.0,1.0794257124357247
241.60000000000002,1700000241.6,1700000241600000000,52.100878161723,-11.685511733795636,0.0,0.5842755866897819,1.1050439080861498,0.0,1.0844257124357255
241.70000000000002,1700000241.7,1700000241700000000,52.159029216542635,-11.574861734829067,0.0,0.5787430867414534,1.1079514608271315,0.0,1.0894257124357245
241.8,1700000241.8,1700000241800000000,52.21662629678598,-11.463922364921943,0.0,0.5731961182460972,1.1108313148392992,0.0,1.0944257124357253
241.9,1700000241.9,1700000241900000000,52.27366796252901,-11.352696397552817,0.0,0.5676348198776409,1.1136833981264507,0.0,1.0994257124357243
242.0,1700000242.0,1700000242000000000,52.330152787733084,-11.241186613364997,0.0,0.5620593306682499,1.1165076393866542,0.0,1.104425712435725
242.10000000000002,1700000242.1,1700000242100000000,52.38607936028049,-11.12939580009732,0.0,0.5564697900048661,1.1193039680140244,0.0,1.1094257124357259
242.20000000000002,1700000242.2,1700000242200000000,52.44144628200981,-11.017326752514338,0.0,0.5508663376257169,1.1220723141004905,0.0,1.1144257124357249
242.3,1700000242.3,1700000242300000000,52.49625216875092,-10.904982272336321,0.0,0.545249113616816,1.124812608437546,0.0,1.1194257124357259
242.4,1700000242.4,1700000242400000000,52.55049565035948,-10.792365168169502,0.0,0.5396182584084751,1.1275247825179737,0.0,1.1244257124357246
242.5,1700000242.5,1700000242500000000,52.60417537075128,-10.679478255435582,0.0,0.5339739127717791,1.1302087685375637,0.0,1.1294257124357236
242.60000000000002,1700000242.6,1700000242600000000,52.65728998793614,-10.566324356301417,0.0,0.5283162178150709,1.1328644993968071,0.0,1.1344257124357262
242.70000000000002,1700000242.7,1700000242700000000,52.70983817405134,-10.452906299608754,0.0,0.5226453149804376,1.135491908702567,0.0,1.1394257124357252
242.8,1700000242.8,1700000242800000000,52.76181861539499,-10.339226920803023,0.0,0.5169613460401511,1.1380909307697498,0.0,1.1444257124357242
242.9,1700000242.9,1700000242900000000,52.81323001245879,-10.225289061862734,0.0,0.5112644530931366,1.1406615006229395,0.0,1.149425712435725
243.0,1700000243.0,1700000243000000000,52.86407107996044,-10.111095571228503,0.0,0.5055547785614252,1.143203553998022,0.0,1.154425712435724
243.10000000000002,1700000243.1,1700000243100000000,52.91434054687595,-9.996649303731571,0.0,0.49983246518657853,1.1457170273437973,0.0,1.1594257124357248
243.20000000000002,1700000243.2,1700000243200000000,52.964037156471235,-9.881953120522704,0.0,0.49409765602613515,1.1482018578235618,0.0,1.1644257124357256
243.3,1700000243.3,1700000243300000000,53.01315966633364,-9.767009889000548,0.0,0.48835049445002743,1.1506579833166821,0.0,1.1694257124357246
243.4,1700000243.4,1700000243400000000,53.061706848403006,-9.651822482739826,0.0,0.4825911241369913,1.1530853424201502,0.0,1.1744257124357251
243.5,1700000243.5,1700000243500000000,53.109677489002266,-9.536393781419775,0.0,0.4768196890709887,1.1554838744501135,0.0,1.1794257124357244
243.60000000000002,1700000243.6,1700000243600000000,53.15707038886796,-9.420726670751833,0.0,0.47103633353759167,1.1578535194433979,0.0,1.1844257124357251
243.70000000000002,1700000243.7,1700000243700000000,53.203884363180016,-9.304824042407786,0.0,0.46524120212038933,1.1601942181590008,0.0,1.189425712435726
243.8,1700000243.8,1700000243800000000,53.250118241591515,-9.188688793947344,0.0,0.4594344396973672,1.1625059120795758,0.0,1.194425712435725
243.9,1700000243.9,1700000243900000000,53.29577086825792,-9.072323828745631,0.0,0.4536161914372816,1.164788543412896,0.0,1.199425712435724
244.0,1700000244.0,1700000244000000000,53.34084110186595,-8.955732055920675,0.0,0.4477866027960338,1.1670420550932974,0.0,1.2044257124357247
244.10000000000002,1700000244.1,1700000244100000000,53.3853278156621,-8.838916390260767,0.0,0.4419458195130383,1.1692663907831051,0.0,1.2094257124357255
244.20000000000002,1700000244.2,1700000244200000000,53.42922989748084,-8.721879752151501,0.0,0.43609398760757506,1.1714614948740416,0.0,1.2144257124357245
244.3,1700000244.3,1700000244300000000,53.47254624977241,-8.604625067502655,0.0,0.4302312533751328,1.1736273124886205,0.0,1.2194257124357253
244.4,1700000244.4,1700000244400000000,53.51527578963026,-8.48715526767532,0.0,0.42435776338376596,1.175763789481513,0.0,1.2244257124357243
244.5,1700000244.5,1700000244500000000,53.557417448818136,-8.36947328940829,0.0,0.41847366447041456,1.1778708724409068,0.0,1.229425712435725
244.60000000000002,1700000244.6,1700000244600000000,53.59897017379674,-8.251582074744936,0.0,0.41257910373724677,1.179948508689837,0.0,1.2344257124357259
244.70000000000002,1700000244.7,1700000244700000000,53.63993292575009,-8.133484570959522,0.0,0.4066742285479762,1.1819966462875047,0.0,1.2394257124357249
244.8,1700000244.8,1700000244800000000,53.68030468061156,-8.015183730483413,0.0,0.40075918652417064,1.184015234030578,0.0,1.2444257124357256
244.9,1700000244.9,1700000244900000000,53.720084429089354,-7.896682510831542,0.0,0.3948341255415771,1.1860042214544677,0.0,1.2494257124357249
245.0,1700000245.0,1700000245000000000,53.75927117669184,-7.777983874528182,0.0,0.38889919372640913,1.1879635588345918,0.0,1.2544257124357236
245.10000000000002,1700000245.1,1700000245100000000,53.79786394375239,-7.659090789032981,0.0,0.38295453945164903,1.1898931971876197,0.0,1.2594257124357262
245.20000000000002,1700000245.2,1700000245200000000,53.8358617654538,-7.540006226667047,0.0,0.3770003113333523,1.19179308827269,0.0,1.2644257124357252
245.3,1700000245.3,1700000245300000000,53.873263691852515,-7.420733164538156,0.0,0.3710366582269078,1.1936631845926258,0.0,1.2694257124357244
245.4,1700000245.4,1700000245400000000,53.91006878790235,-7.301274584466603,0.0,0.3650637292233302,1.1955034393951174,0.0,1.274425712435725
245.5,1700000245.5,1700000245500000000,53.94627613347778,-7.181633472910757,0.0,0.3590816736455379,1.1973138066738893,0.0,1.2794257124357238
245.60000000000002,1700000245.6,1700000245600000000,53.981884823397095,-7.06181282089209,0.0,0.35309064104460447,1.1990942411698549,0.0,1.2844257124357248
245.70000000000002,1700000245.7,1700000245700000000,54.01689396744489,-6.941815623920701,0.0,0.34709078119603504,1.200844698372244,0.0,1.2894257124357256
245.8,1700000245.8,1700000245800000000,54.05130269039435,-6.821644881920311,0.0,0.3410822440960155,1.2025651345197175,0.0,1.2944257124357248
245.9,1700000245.9,1700000245900000000,54.085110132029236,-6.701303599153122,0.0,0.33506517995765606,1.2042555066014617,0.0,1.2994257124357254
246.0,1700000246.0,1700000246000000000,54.118315447165244,-6.580794784145024,0.0,0.32903973920725116,1.2059157723582623,0.0,1.3044257124357244
246.10000000000002,1700000246.1,1700000246100000000,54.15091780567124,-6.460121449610029,0.0,0.32300607248050145,1.2075458902835623,0.0,1.3094257124357251
246.20000000000002,1700000246.2,1700000246200000000,54.182916392489965,-6.3392866123752585,0.0,0.31696433061876295,1.2091458196244982,0.0,1.314425712435726
246.3,1700000246.3,1700000246300000000,54.21431040765839,-6.218293293305392,0.0,0.31091466466526957,1.2107155203829192,0.0,1.319425712435725
246.4,1700000246.4,1700000246400000000,54.24509906632778,-6.097144517227061,0.0,0.30485722586135305,1.2122549533163889,0.0,1.324425712435724
246.5,1700000246.5,1700000246500000000,54.27528159878328,-5.975843312853317,0.0,0.29879216564266586,1.213764079939164,0.0,1.3294257124357247
246.60000000000002,1700000246.6,1700000246600000000,54.30485725046316,-5.854392712707993,0.0,0.29271963563539966,1.215242862523158,0.0,1.3344257124357255
246.70000000000002,1700000246.7,1700000246700000000,54.33382528197764,-5.73279575304981,0.0,0.28663978765249054,1.2166912640988818,0.0,1.3394257124357245
246.8,1700000246.8,1700000246800000000,54.36218496912747,-5.611055473796341,0.0,0.28055277368981707,1.2181092484563734,0.0,1.344425712435725
246.9,1700000246.9,1700000246900000000,54.38993560292191,-5.489174918448312,0.0,0.27445874592241565,1.2194967801460956,0.0,1.3494257124357243
247.0,1700000247.0,1700000247000000000,54.41707648959661,-5.367157134013174,0.0,0.2683578567006587,1.2208538244798304,0.0,1.354425712435725
247.10000000000002,1700000247.1,1700000247100000000,54.44360695063079,-5.245005170929224,0.0,0.26225025854646117,1.2221803475315394,0.0,1.3594257124357259
247.20000000000002,1700000247.2,1700000247200000000,54.469526322764295,-5.12272208298922,0.0,0.25613610414946103,1.2234763161382147,0.0,1.364425712435725
247.3,1700000247.3,1700000247300000000,54.49483395801419,-5.000310927263908,0.0,0.2500155463631954,1.2247416979007095,0.0,1.3694257124357256
247.4,1700000247.4,1700000247400000000,54.5195292236909,-4.87777476402589,0.0,0.24388873820129447,1.2259764611845452,0.0,1.3744257124357246
247.5,1700000247.5,1700000247500000000,54.54361150241408,-4.755116656672822,0.0,0.2377558328336411,1.2271805751207039,0.0,1.3794257124357236
247.60000000000002,1700000247.6,1700000247600000000,54.567080192128024,-4.632339671650912,0.0,0.2316169835825456,1.2283540096064012,0.0,1.3844257124357262
247.70000000000002,1700000247.7,1700000247700000000,54.58993470611668,-4.509446878378565,0.0,0.22547234391892826,1.2294967353058341,0.0,1.3894257124357252
247.8,1700000247.8,1700000247800000000,54.61217447301841,-4.386441349169125,0.0,0.21932206745845628,1.2306087236509209,0.0,1.3944257124357244
247.9,1700000247.9,1700000247900000000,54.63379893684021,-4.263326159154373,0.0,0.21316630795771868,1.2316899468420106,0.0,1.399425712435725
248.0,1700000248.0,1700000248000000000,54.65480755697159,-4.140104386207735,0.0,0.20700521931038676,1.2327403778485797,0.0,1.404425712435724
248.10000000000002,1700000248.1,1700000248100000000,54.67519980819816,-4.016779110867027,0.0,0.20083895554335138,1.233759990409908,0.0,1.4094257124357248
248.20000000000002,1700000248.2,1700000248200000000,54.69497518071468,-3.8933534162577548,0.0,0.19466767081288774,1.234748759035734,0.0,1.4144257124357258
248.3,1700000248.3,1700000248300000000,54.71413318013788,-3.769830388015899,0.0,0.18849151940079495,1.235706659006894,0.0,1.4194257124357246
248.4,1700000248.4,1700000248400000000,54.73267332751877,-3.646213114210643,0.0,0.18231065571053218,1.2366336663759385,0.0,1.4244257124357254
248.5,1700000248.5,1700000248500000000,54.75059515935463,-3.5225046852674837,0.0,0.17612523426337418,1.2375297579677313,0.0,1.4294257124357244
248.60000000000002,1700000248.6,1700000248600000000,54.7678982276006,-3.3987081938906116,0.0,0.16993540969453058,1.2383949113800299,0.0,1.4344257124357251
248.70000000000002,1700000248.7,1700000248700000000,54.784582099680875,-3.2748267349859086,0.0,0.16374133674929542,1.2392291049840436,0.0,1.439425712435726
248.8,1700000248.8,1700000248800000000,54.80064635849951,-3.150863405583438,0.0,0.1575431702791719,1.2400323179249755,0.0,1.444425712435725
248.9,1700000248.9,1700000248900000000,54.81609060245089,-3.0268213047599355,0.0,0.15134106523799679,1.2408045301225445,0.0,1.4494257124357242
249.0,1700000249.0,1700000249000000000,54.83091444542971,-2.902703533561417,0.0,0.14513517667807085,1.2415457222714856,0.0,1.4544257124357247
249.10000000000002,1700000249.1,1700000249100000000,54.84511751684067,-2.7785131949257416,0.0,0.1389256597462871,1.242255875842034,0.0,1.4594257124357255
249.20000000000002,1700000249.2,1700000249200000000,54.858699461607735,-2.6542533936049515,0.0,0.13271266968024759,1.2429349730803867,0.0,1.4644257124357245
249.3,1700000249.3,1700000249300000000,54.87165994018298,-2.529927236087519,0.0,0.12649636180437596,1.2435829970091488,0.0,1.4694257124357253
249.4,1700000249.4,1700000249400000000,54.883998628555105,-2.4055378305209962,0.0,0.1202768915260498,1.2441999314277552,0.0,1.4744257124357243
249.5,1700000249.5,1700000249500000000,54.895715218257564,-2.2810882866339535,0.0,0.11405441433169768,1.2447857609128783,0.0,1.479425712435725
249.60000000000002,1700000249.6,1700000249600000000,54.90680941637622,-2.156581715658552,0.0,0.1078290857829276,1.2453404708188112,0.0,1.4844257124357259
249.70000000000002,1700000249.7,1700000249700000000,54.91728094555669,-2.0320212302526253,0.0,0.10160106151263126,1.2458640472778346,0.0,1.4894257124357249
249.8,1700000249.8,1700000249800000000,54.9271295440113,-1.907409944421732,0.0,0.09537049722108659,1.246356477200565,0.0,1.4944257124357259
249.9,1700000249.9,1700000249900000000,54.936354965525595,-1.782750973441617,0.0,0.08913754867208085,1.2468177482762797,0.0,1.4994257124357246
250.0,1700000250.0,1700000250000000000,54.94495697946452,-1.658047433780017,0.0,0.08290237168900086,1.2472478489732257,0.0,1.5044257124357236
250.10000000000002,1700000250.1,1700000250100000000,54.95293537077818,-1.5333024430188409,0.0,0.07666512215094205,1.2476467685389085,0.0,1.5094257124357262
250.20000000000002,1700000250.2,1700000250200000000,54.960289940007186,-1.4085191197765374,0.0,0.07042595598882687,1.2480144970003593,0.0,1.5144257124357252
250.3,1700000250.3,1700000250300000000,54.96702050328771,-1.2837005836295996,0.0,0.06418502918147997,1.2483510251643857,0.0,1.5194257124357242
250.4,1700000250.4,1700000250400000000,54.97312689235602,-1.158849955034886,0.0,0.0579424977517443,1.2486563446178012,0.0,1.524425712435725
250.5,1700000250.5,1700000250500000000,54.978608954552705,-1.033970355251698,0.0,0.0516985177625849,1.2489304477276353,0.0,1.529425712435724
250.60000000000002,1700000250.6,1700000250600000000,54.9834665528265,-0.9090649062634366,0.0,0.045453245313171825,1.2491733276413248,0.0,1.5344257124357248
250.70000000000002,1700000250.7,1700000250700000000,54.987699565737685,-0.7841367306998656,0.0,0.03920683653499328,1.2493849782868844,0.0,1.5394257124357256
250.8,1700000250.8,1700000250800000000,54.991307887461176,-0.6591889517589121,0.0,0.032959447587945605,1.2495653943730587,0.0,1.5444257124357244
250.9,1700000250.9,1700000250900000000,54.99429142778911,-0.534224693128453,0.0,0.02671123465642265,1.249714571389455,0.0,1.5494257124357254
251.0,1700000251.0,1700000251000000000,54.996650112133125,-0.4092470789085341,0.0,0.020462353945426705,1.2498325056066562,0.0,1.5544257124357246
251.10000000000002,1700000251.1,1700000251100000000,54.99838388152625,-0.28425923353291316,0.0,0.014212961676645656,1.2499191940763124,0.0,1.559425712435725
251.20000000000002,1700000251.2,1700000251200000000,54.99949269262433,-0.15926428169125897,0.0,0.007963214084562948,1.2499746346312166,0.0,1.564425712435726
251.3,1700000251.3,1700000251300000000,54.999976517707154,-0.03426534825090195,0.0,0.0017132674125450976,1.2499988258853578,0.0,1.569425712435725
251.4,1700000251.4,1700000251400000000,54.99983534467912,0.0907344418213767,0.0,-0.004536722091068835,1.249991767233956,0.0,1.574425712435724
251.5,1700000251.5,1700000251500000000,54.99906917706954,0.21573196353737994,0.0,-0.010786598176868998,1.2499534588534769,0.0,1.5794257124357247
251.60000000000002,1700000251.6,1700000251600000000,54.99767803403257,0.34072409196553083,0.0,-0.017036204598276542,1.2498839017016283,0.0,1.5844257124357255
251.70000000000002,1700000251.7,1700000251700000000,54.9956619503467,0.46570770230908415,0.0,-0.023285385115454207,1.2497830975173352,0.0,1.5894257124357245
251.8,1700000251.8,1700000251800000000,54.99302097641394,0.5906796699843798,0.0,-0.029533983499218992,1.2496510488206969,0.0,1.5944257124357255
251.9,1700000251.9,1700000251900000000,54.989755178258484,0.715636870698646,0.0,-0.0357818435349323,1.249487758912924,0.0,1.5994257124357245
252.0,1700000252.0,1700000252000000000,54.98586463752512,0.8405761805284618,0.0,-0.042028809026423086,1.249293231876256,0.0,1.604425712435725
252.10000000000002,1700000252.1,1700000252100000000,54.98134945147716,0.9654944759975442,0.0,-0.04827472379987721,1.249067472573858,0.0,1.6094257124357259
252.20000000000002,1700000252.2,1700000252200000000,54.97620973299403,1.0903886341549687,0.0,-0.05451943170774843,1.2488104866497014,0.0,1.6144257124357249
252.3,1700000252.3,1700000252300000000,54.97044561056842,1.2152555326533745,0.0,-0.06076277663266873,1.2485222805284208,0.0,1.6194257124357256
252.4,1700000252.4,1700000252400000000,54.964057228303076,1.3400920498267144,0.0,-0.06700460249133572,1.248202861415154,0.0,1.6244257124357246
252.5,1700000252.5,1700000252500000000,54.95704474590725,1.4648950647686045,0.0,-0.07324475323843023,1.2478522372953624,0.0,1.6294257124357236
252.60000000000002,1700000252.6,1700000252600000000,54.949408338692606,1.5896614574102612,0.0,-0.07948307287051307,1.2474704169346305,0.0,1.6344257124357262
252.70000000000002,1700000252.7,1700000252700000000,54.94114819756895,1.7143881085981885,0.0,-0.08571940542990943,1.2470574098784477,0.0,1.639425712435725
252.8,1700000252.8,1700000252800000000,54.93226452903938,1.8390719001726916,0.0,-0.09195359500863459,1.246613226451969,0.0,1.6444257124357244
252.9,1700000252.9,1700000252900000000,54.922757555195126,1.9637097150455203,0.0,-0.09818548575227601,1.2461378777597563,0.0,1.649425712435725
253.0,1700000253.0,1700000253000000000,54.91262751371006,2.0882984372777047,0.0,-0.10441492186388523,1.2456313756855029,0.0,1.654425712435724
253.10000000000002,1700000253.1,1700000253100000000,54.90187465783468,2.2128349521577664,0.0,-0.11064174760788832,1.2450937328917338,0.0,1.6594257124357248
253.20000000000002,1700000253.2,1700000253200000000,54.890499256389816,2.337316146279276,0.0,-0.11686580731396382,1.244524962819491,0.0,1.6644257124357256
253.3,1700000253.3,1700000253300000000,54.878501593759935,2.46173890761882,0.0,-0.123086945380941,1.2439250796879968,0.0,1.6694257124357246
253.4,1700000253.4,1700000253400000000,54.86588196988596,2.586100125613933,0.0,-0.12930500628069666,1.243294098494298,0.0,1.6744257124357254
253.5,1700000253.5,1700000253500000000,54.85264070025784,2.710396691240554,0.0,-0.1355198345620277,1.2426320350128919,0.0,1.6794257124357244
253.60000000000002,1700000253.6,1700000253600000000,54.83877811590661,2.8346254970911047,0.0,-0.14173127485455522,1.2419389057953303,0.0,1.6844257124357251
253.70000000000002,1700000253.7,1700000253700000000,54.824294563396165,2.9587834374518645,0.0,-0.14793917187259323,1.2412147281698085,0.0,1.689425712435726
253.8,1700000253.8,1700000253800000000,54.80919040481458,3.0828674083807472,0.0,-0.15414337041903736,1.240459520240729,0.0,1.694425712435725
253.9,1700000253.9,1700000253900000000,54.79346601776501,3.2068743077849864,0.0,-0.1603437153892493,1.2396733008882508,0.0,1.699425712435724
254.0,1700000254.0,1700000254000000000,54.77712179535632,3.3308010354985993,0.0,-0.16654005177492995,1.2388560897678162,0.0,1.7044257124357247
254.10000000000002,1700000254.1,1700000254100000000,54.76015814619323,3.454644493359804,0.0,-0.1727322246679902,1.2380079073096613,0.0,1.7094257124357253
254.20000000000002,1700000254.2,1700000254200000000,54.74257549436607,3.57840158528856,0.0,-0.178920079264428,1.2371287747183035,0.0,1.7144257124357245
254.3,1700000254.3,1700000254300000000,54.72437427944022,3.7020692173641025,0.0,-0.18510346086820512,1.2362187139720109,0.0,1.7194257124357253
254.4,1700000254.4,1700000254400000000,54.70555495644512,3.825644297901983,0.0,-0.19128221489509917,1.235277747822256,0.0,1.7244257124357243
254.5,1700000254.5,1700000254500000000,54.686117995862844,3.9491237375317114,0.0,-0.1974561868765856,1.2343058997931424,0.0,1.729425712435725
254.60000000000002,1700000254.6,1700000254600000000,54.66606388361642,4.072504449273686,0.0,-0.2036252224636843,1.2333031941808206,0.0,1.7344257124357259
254.70000000000002,1700000254.7,1700000254700000000,54.64539312105758,4.1957833486164935,0.0,-0.20978916743082468,1.2322696560528792,0.0,1.7394257124357249
254.8,1700000254.8,1700000254800000000,54.62410622495433,4.318957353594159,0.0,-0.215947867679708,1.2312053112477168,0.0,1.7444257124357256
254.9,1700000254.9,1700000254900000000,54.60220372747797,4.442023384862889,0.0,-0.22210116924314444,1.2301101863738988,0.0,1.7494257124357246
255.0,1700000255.0,1700000255000000000,54.579686176189796,4.56497836577835,0.0,-0.2282489182889175,1.2289843088094896,0.0,1.7544257124357236
255.10000000000002,1700000255.1,1700000255100000000,54.55655413402738,4.687819222472514,0.0,-0.2343909611236257,1.227827706701369,0.0,1.7594257124357262
255.20000000000002,1700000255.2,1700000255200000000,54.53280817929062,4.810542883930186,0.0,-0.24052714419650928,1.2266404089645309,0.0,1.7644257124357252
255.3,1700000255.3,1700000255300000000,54.50844890562712,4.933146282066309,0.0,-0.24665731410331543,1.2254224452813562,0.0,1.7694257124357242
255.4,1700000255.4,1700000255400000000,54.48347692201746,5.055626351802357,0.0,-0.25278131759011785,1.224173846100873,0.0,1.7744257124357248
255.5,1700000255.5,1700000255500000000,54.45789285275994,5.177980031142882,0.0,-0.25889900155714407,1.2228946426379967,0.0,1.7794257124357238
255.60000000000002,1700000255.6,1700000255600000000,54.431697337454935,5.3002042612523566,0.0,-0.26501021306261785,1.2215848668727465,0.0,1.7844257124357248
255.70000000000002,1700000255.7,1700000255700000000,54.40489103098898,5.422295986531353,0.0,-0.2711147993265676,1.2202445515494487,0.0,1.7894257124357256
255.8,1700000255.8,1700000255800000000,54.37747460351834,5.544252154693052,0.0,-0.2772126077346526,1.218873730175917,0.0,1.7944257124357246
255.9,1700000255.9,1700000255900000000,54.34944874045226,5.666069716839692,0.0,-0.2833034858419846,1.217472437022613,0.0,1.7994257124357254
256.0,1700000256.0,1700000256000000000,54.320814142435886,5.787745627538474,0.0,-0.2893872813769237,1.2160407071217942,0.0,1.8044257124357244
256.1,1700000256.1,1700000256100000000,54.29157152533264,5.909276844898056,0.0,-0.2954638422449028,1.2145785762666321,0.0,1.8094257124357251
256.2,1700000256.2,1700000256200000000,54.261721620206465,6.030660330644247,0.0,-0.3015330165322123,1.2130860810103232,0.0,1.8144257124357241
256.3,1700000256.3,1700000256300000000,54.2312651733034,6.151893050196311,0.0,-0.3075946525098156,1.2115632586651701,0.0,1.819425712435725
256.40000000000003,1700000256.4,1700000256400000000,54.20020294603305,6.272971972742532,0.0,-0.3136485986371266,1.2100101473016525,0.0,1.8244257124357257
256.5,1700000256.5,1700000256500000000,54.168535714949485,6.393894071316107,0.0,-0.31969470356580537,1.2084267857474742,0.0,1.8294257124357247
256.6,1700000256.6,1700000256600000000,54.136264271731804,6.514656322870958,0.0,-0.32573281614354793,1.2068132135865903,0.0,1.8344257124357255
256.7,1700000256.7,1700000256700000000,54.103389423164444,6.6352557083570005,0.0,-0.33176278541785004,1.2051694711582224,0.0,1.8394257124357245
256.8,1700000256.8,1700000256800000000,54.06991199111688,6.755689212795961,0.0,-0.33778446063979806,1.203495599555844,0.0,1.8444257124357253
256.90000000000003,1700000256.9,1700000256900000000,54.03583281252318,6.8759538253564605,0.0,-0.34379769126782306,1.2017916406261588,0.0,1.849425712435726
257.0,1700000257.0,1700000257000000000,54.00115273936103,6.996046539429406,0.0,-0.3498023269714703,1.2000576369680518,0.0,1.854425712435725
257.1,1700000257.1,1700000257100000000,53.96587263863046,7.115964352703284,0.0,-0.3557982176351642,1.198293631931523,0.0,1.8594257124357259
257.2,1700000257.2,1700000257200000000,53.929993392332165,7.235704267238884,0.0,-0.3617852133619442,1.1964996696166081,0.0,1.864425712435723
257.3,1700000257.3,1700000257300000000,53.89351589744537,7.355263289544789,0.0,-0.36776316447723945,1.1946757948722686,0.0,1.8694257124357256
257.40000000000003,1700000257.4,1700000257400000000,53.856441065905614,7.474638430651499,0.0,-0.37373192153257495,1.1928220532952807,0.0,1.8744257124357264
257.5,1700000257.5,1700000257500000000,53.81876982458175,7.593826706186663,0.0,-0.37969133530933313,1.1909384912290875,0.0,1.8794257124357236
257.6,1700000257.6,1700000257600000000,53.7805031152528,7.712825136449809,0.0,-0.38564125682249045,1.18902515576264,0.0,1.8844257124357262
257.7,1700000257.7,1700000257700000000,53.74164189458457,7.831630746486128,0.0,-0.3915815373243064,1.1870820947292284,0.0,1.8894257124357234
257.8,1700000257.8,1700000257800000000,53.702187134105486,7.950240566161766,0.0,-0.3975120283080883,1.1851093567052744,0.0,1.8944257124357242
257.90000000000003,1700000257.9,1700000257900000000,53.66213982018253,8.068651630237367,0.0,-0.40343258151186834,1.1831069910091268,0.0,1.8994257124357268
258.0,1700000258.0,1700000258000000000,53.62150095399652,8.186860978442326,0.0,-0.40934304892211626,1.1810750476998257,0.0,1.904425712435724
258.1,1700000258.1,1700000258100000000,53.58027155151691,8.304865655549309,0.0,-0.4152432827774654,1.1790135775758452,0.0,1.9094257124357248
258.2,1700000258.2,1700000258200000000,53.53845264347666,8.422662711447405,0.0,-0.4211331355723702,1.176922632173833,0.0,1.9144257124357238
258.3,1700000258.3,1700000258300000000,53.496045275346276,8.540249201216435,0.0,-0.4270124600608217,1.1748022637673137,0.0,1.9194257124357244
258.40000000000003,1700000258.4,1700000258400000000,53.45305050730776,8.65762218520024,0.0,-0.43288110926001205,1.1726525253653879,0.0,1.9244257124357254
258.5,1700000258.5,1700000258500000000,53.409469414228084,8.774778729080293,0.0,-0.43873893645401457,1.1704734707114042,0.0,1.9294257124357244
258.6,1700000258.6,1700000258600000000,53.36530308563228,8.891715903949176,0.0,-0.44458579519745883,1.1682651542816138,0.0,1.9344257124357251
258.7,1700000258.7,1700000258700000000,53.32055262567629,9.008430786383531,0.0,-0.45042153931917656,1.1660276312838145,0.0,1.9394257124357241
258.8,1700000258.8,1700000258800000000,53.27521915311926,9.124920458517456,0.0,-0.4562460229258728,1.1637609576559629,0.0,1.944425712435725
258.90000000000003,1700000258.9,1700000258900000000,53.22930380129564,9.241182008115175,0.0,-0.4620591004057587,1.1614651900647823,0.0,1.9494257124357257
259.0,1700000259.0,1700000259000000000,53.18280771808688,9.35721252864396,0.0,-0.467860626432198,1.1591403859043439,0.0,1.9544257124357247
259.1,1700000259.1,1700000259100000000,53.13573206589258,9.473009119346925,0.0,-0.47365045596734623,1.1567866032946288,0.0,1.9594257124357255
259.2,1700000259.2,1700000259200000000,53.08807802160163,9.588568885315249,0.0,-0.4794284442657625,1.1544039010800815,0.0,1.9644257124357245
259.3,1700000259.3,1700000259300000000,53.03984677656263,9.703888937560887,0.0,-0.48519444687804436,1.1519923388281315,0.0,1.9694257124357253
259.40000000000003,1700000259.4,1700000259400000000,52.991039536554204,9.818966393088497,0.0,-0.4909483196544248,1.1495519768277103,0.0,1.974425712435726
259.5,1700000259.5,1700000259500000000,52.941657521754834,9.93379837496764,0.0,-0.49668991874838203,1.1470828760877418,0.0,1.979425712435725
259.6,1700000259.6,1700000259600000000,52.891701966712276,10.048382012404836,0.0,-0.5024191006202419,1.144585098335614,0.0,1.9844257124357259
259.7,1700000259.7,1700000259700000000,52.84117412031287,10.162714440814996,0.0,-0.5081357220407499,1.1420587060156433,0.0,1.9894257124357233
259.8,1700000259.8,1700000259800000000,52.79007524575004,10.276792801893562,0.0,-0.5138396400946781,1.139503762287502,0.0,1.9944257124357256
259.90000000000003,1700000259.9,1700000259900000000,52.738406620493066,10.39061424368729,0.0,-0.5195307121843645,1.1369203310246532,0.0,1.9994257124357264
260.0,1700000260.0,1700000260000000000,52.68616953625491,10.504175920666023,0.0,-0.5252087960333012,1.1343084768127452,0.0,2.0044257124357236
260.1,1700000260.1,1700000260100000000,52.63336529895986,10.617474993793952,0.0,-0.5308737496896976,1.1316682649479928,0.0,2.009425712435726
260.2,1700000260.2,1700000260200000000,52.57999522871121,10.730508630599909,0.0,-0.5365254315299954,1.1289997614355605,0.0,2.0144257124357234
260.3,1700000260.3,1700000260300000000,52.526060659757846,10.84327400524906,0.0,-0.5421637002624531,1.1263030329878922,0.0,2.019425712435724
260.40000000000003,1700000260.4,1700000260400000000,52.4715629404612,10.955768298612874,0.0,-0.5477884149306437,1.12357814702306,0.0,2.0244257124357268
260.5,1700000260.5,1700000260500000000,52.4165034332615,11.067988698339716,0.0,-0.5533994349169858,1.1208251716630746,0.0,2.029425712435724
260.6,1700000260.6,1700000260600000000,52.36088351464345,11.179932398925637,0.0,-0.5589966199462818,1.1180441757321722,0.0,2.034425712435725
260.7,1700000260.7,1700000260700000000,52.30470457510218,11.29159660178383,0.0,-0.5645798300891915,1.1152352287551088,0.0,2.039425712435724
260.8,1700000260.8,1700000260800000000,52.247968019108214,11.402978515315123,0.0,-0.5701489257657562,1.1123984009554104,0.0,2.0444257124357246
260.90000000000003,1700000260.9,1700000260900000000,52.190675265072514,11.51407535497744,0.0,-0.575703767748872,1.1095337632536257,0.0,2.0494257124357254
261.0,1700000261.0,1700000261000000000,52.132827745310976,11.62488434335553,0.0,-0.5812442171677765,1.106641387265549,0.0,2.0544257124357244
261.1,1700000261.1,1700000261100000000,52.07442690600854,11.73540271023054,0.0,-0.586770135511527,1.1037213453004269,0.0,2.059425712435725
261.2,1700000261.2,1700000261200000000,52.015474207183175,11.845627692648973,0.0,-0.5922813846324486,1.1007737103591588,0.0,2.064425712435724
261.3,1700000261.3,1700000261300000000,51.95597112264925,11.95555653499209,0.0,-0.5977778267496044,1.0977985561324628,0.0,2.069425712435725
261.40000000000003,1700000261.4,1700000261400000000,51.895919139980805,12.065186489044514,0.0,-0.6032593244522256,1.0947959569990402,0.0,2.0744257124357257
261.5,1700000261.5,1700000261500000000,51.83531976047429,12.174514814063068,0.0,-0.6087257407031534,1.0917659880237143,0.0,2.0794257124357247
261.6,1700000261.6,1700000261600000000,51.774174499111,12.283538776845399,0.0,-0.61417693884227,1.0887087249555496,0.0,2.0844257124357255
261.7,1700000261.7,1700000261700000000,51.71248488451931,12.392255651798036,0.0,-0.6196127825899018,1.0856242442259656,0.0,2.0894257124357245
261.8,1700000261.8,1700000261800000000,51.65025245893636,12.500662721004849,0.0,-0.6250331360502425,1.0825126229468178,0.0,2.0944257124357253
261.90000000000003,1700000261.9,1700000261900000000,51.58747877816954,12.60875727429471,0.0,-0.6304378637147355,1.0793739389084769,0.0,2.099425712435726
262.0,1700000262.0,1700000262000000000,51.52416541155765,12.716536609309381,0.0,-0.6358268304654691,1.0762082705778822,0.0,2.104425712435725
262.1,1700000262.1,1700000262100000000,51.460313941931474,12.823998031571177,0.0,-0.6411999015785588,1.0730156970965739,0.0,2.109425712435726
262.2,1700000262.2,1700000262200000000,51.395925965574534,12.931138854550023,0.0,-0.6465569427275011,1.069796298278727,0.0,2.114425712435723
262.3,1700000262.3,1700000262300000000,51.331003092182755,13.037956399731115,0.0,-0.6518978199865557,1.066550154609138,0.0,2.1194257124357256
262.40000000000003,1700000262.4,1700000262400000000,51.26554694482469,13.144447996681238,0.0,-0.6572223998340619,1.0632773472412342,0.0,2.1244257124357264
262.5,1700000262.5,1700000262500000000,51.19955915990062,13.250610983115973,0.0,-0.6625305491557987,1.059977957995031,0.0,2.1294257124357236
262.6,1700000262.6,1700000262600000000,51.13304138710163,13.356442704966378,0.0,-0.6678221352483189,1.0566520693550816,0.0,2.134425712435726
262.7,1700000262.7,1700000262700000000,51.065995289368715,13.461940516444695,0.0,-0.6730970258222347,1.0532997644684357,0.0,2.1394257124357234
262.8,1700000262.8,1700000262800000000,50.9984225428507,13.567101780111315,0.0,-0.6783550890055657,1.0499211271425348,0.0,2.144425712435724
262.90000000000003,1700000262.9,1700000262900000000,50.93032483686275,13.67192386694009,0.0,-0.6835961933470046,1.0465162418431377,0.0,2.1494257124357268
263.0,1700000263.0,1700000263000000000,50.86170387384408,13.776404156384162,0.0,-0.688820207819208,1.043085193692204,0.0,2.154425712435724
263.1,1700000263.1,1700000263100000000,50.79256136931507,13.880540036441916,0.0,-0.6940270018220958,1.039628068465753,0.0,2.159425712435725
263.2,1700000263.2,1700000263200000000,50.72289905183478,13.984328903721668,0.0,-0.6992164451860834,1.036144952591739,0.0,2.164425712435724
263.3,1700000263.3,1700000263300000000,50.65271866295749,14.087768163507212,0.0,-0.7043884081753605,1.0326359331478745,0.0,2.1694257124357246
263.40000000000003,1700000263.4,1700000263400000000,50.58202195718929,14.190855229822406,0.0,-0.7095427614911203,1.0291010978594644,0.0,2.1744257124357254
263.5,1700000263.5,1700000263500000000,50.510810701944166,14.293587525495925,0.0,-0.7146793762747962,1.0255405350972082,0.0,2.1794257124357244
263.6,1700000263.6,1700000263600000000,50.43908667749974,14.3959624822258,0.0,-0.71979812411129,1.0219543338749868,0.0,2.184425712435725
263.7,1700000263.7,1700000263700000000,50.36685167695293,14.497977540643369,0.0,-0.7248988770321685,1.0183425838476465,0.0,2.189425712435724
263.8,1700000263.8,1700000263800000000,50.29410750617495,14.599630150377566,0.0,-0.7299815075188782,1.0147053753087474,0.0,2.194425712435725
263.90000000000003,1700000263.9,1700000263900000000,50.2208559837663,14.700917770118396,0.0,-0.7350458885059198,1.0110427991883149,0.0,2.1994257124357257
264.0,1700000264.0,1700000264000000000,50.147098941011244,14.80183786768061,0.0,-0.7400918933840306,1.0073549470505623,0.0,2.2044257124357247
264.1,1700000264.1,1700000264100000000,50.072838221831965,14.902387920067097,0.0,-0.7451193960033549,1.0036419110915982,0.0,2.2094257124357255
264.2,1700000264.2,1700000264200000000,49.99807568274262,15.002565413531713,0.0,-0.7501282706765856,0.9999037841371314,0.0,2.2144257124357245
264.3,1700000264.3,1700000264300000000,49.922813192802764,15.102367843642408,0.0,-0.7551183921821204,0.9961406596401381,0.0,2.2194257124357253
264.40000000000003,1700000264.4,1700000264400000000,49.847052633570726,15.201792715343593,0.0,-0.7600896357671796,0.992352631678536,0.0,2.224425712435726
264.5,1700000264.5,1700000264500000000,49.770795899056566,15.300837543018616,0.0,-0.7650418771509309,0.9885397949528284,0.0,2.229425712435725
264.6,1700000264.6,1700000264600000000,49.69404489567464,15.39949985055202,0.0,-0.769974992527601,0.9847022447837319,0.0,2.234425712435726
264.7,1700000264.7,1700000264700000000,49.6168015421961,15.497777171391148,0.0,-0.7748888585695574,0.9808400771098051,0.0,2.239425712435723
264.8,1700000264.8,1700000264800000000,49.53906776970064,15.59566704860827,0.0,-0.7797833524304134,0.9769533884850319,0.0,2.2444257124357256
264.90000000000003,1700000264.9,1700000264900000000,49.46084552152861,15.693167034961414,0.0,-0.7846583517480707,0.9730422760764308,0.0,2.2494257124357264
265.0,1700000265.0,1700000265000000000,49.3821367532322,15.790274692955967,0.0,-0.7895137346477983,0.9691068376616099,0.0,2.2544257124357236
265.1,1700000265.1,1700000265100000000,49.30294343252635,15.886987594905708,0.0,-0.7943493797452854,0.9651471716263176,0.0,2.259425712435726
265.2,1700000265.2,1700000265200000000,49.22326753924013,15.983303322992922,0.0,-0.7991651661496462,0.9611633769620066,0.0,2.2644257124357234
265.3,1700000265.3,1700000265300000000,49.143111065266595,16.07921946932959,0.0,-0.8039609734664797,0.9571555532633296,0.0,2.269425712435724
265.40000000000003,1700000265.4,1700000265400000000,49.06247601451342,16.17473363601702,0.0,-0.8087366818008511,0.9531238007256713,0.0,2.2744257124357268
265.5,1700000265.5,1700000265500000000,48.98136440285282,16.269843435205882,0.0,-0.813492171760294,0.9490682201426409,0.0,2.279425712435724
265.6,1700000265.6,1700000265600000000,48.8997782580707,16.364546489156314,0.0,-0.8182273244578158,0.9449889129035347,0.0,2.284425712435725
265.7,1700000265.7,1700000265700000000,48.81771961981651,16.45884043029681,0.0,-0.8229420215148404,0.9408859809908254,0.0,2.289425712435724
265.8,1700000265.8,1700000265800000000,48.73519053955189,16.552722901283808,0.0,-0.8276361450641903,0.9367595269775943,0.0,2.2944257124357246
265.90000000000003,1700000265.9,1700000265900000000,48.65219308049957,16.64619155506039,0.0,-0.8323095777530196,0.9326096540249785,0.0,2.2994257124357254
266.0,1700000266.0,1700000266000000000,48.56872931759173,16.73924405491506,0.0,-0.836962202745753,0.9284364658795868,0.0,2.3044257124357244
266.1,1700000266.1,1700000266100000000,48.484801337418055,16.831878074540217,0.0,-0.8415939037270109,0.9242400668709028,0.0,2.309425712435725
266.2,1700000266.2,1700000266200000000,48.40041123817372,16.92409129809014,0.0,-0.846204564904507,0.9200205619086856,0.0,2.314425712435724
266.3,1700000266.3,1700000266300000000,48.31556112960675,17.015881420239108,0.0,-0.8507940710119554,0.9157780564803373,0.0,2.319425712435725
266.40000000000003,1700000266.4,1700000266400000000,48.23025313296547,17.10724614623881,0.0,-0.8553623073119405,0.9115126566482735,0.0,2.3244257124357257
266.5,1700000266.5,1700000266500000000,48.14448938094539,17.198183191975826,0.0,-0.8599091595987913,0.9072244690472696,0.0,2.3294257124357247
266.6,1700000266.6,1700000266600000000,48.05827201763579,17.288690284028814,0.0,-0.8644345142014408,0.9029136008817894,0.0,2.3344257124357255
266.7,1700000266.7,1700000266700000000,47.971603198466305,17.37876515972512,0.0,-0.868938257986256,0.8985801599233152,0.0,2.3394257124357245
266.8,1700000266.8,1700000266800000000,47.88448509015285,17.46840556719761,0.0,-0.8734202783598805,0.8942242545076424,0.0,2.3444257124357253
266.90000000000003,1700000266.9,1700000266900000000,47.79691987064362,17.55760926544073,0.0,-0.8778804632720365,0.8898459935321811,0.0,2.349425712435726
267.0,1700000267.0,1700000267000000000,47.70890972906459,17.646374024366644,0.0,-0.8823187012183321,0.8854454864532292,0.0,2.354425712435725
267.1,1700000267.1,1700000267100000000,47.62045686566462,17.734697624861056,0.0,-0.8867348812430529,0.8810228432832312,0.0,2.359425712435726
267.2,1700000267.2,1700000267200000000,47.53156349176082,17.822577858838468,0.0,-0.8911288929419234,0.8765781745880409,0.0,2.364425712435723
267.3,1700000267.3,1700000267300000000,47.442231829682726,17.910012529297763,0.0,-0.895500626464888,0.8721115914841362,0.0,2.3694257124357256
267.40000000000003,1700000267.4,1700000267400000000,47.35246411271737,17.996999450376602,0.0,-0.8998499725188301,0.8676232056358685,0.0,2.3744257124357264
267.5,1700000267.5,1700000267500000000,47.26226258505304,18.083536447406466,0.0,-0.9041768223703234,0.8631131292526517,0.0,2.3794257124357236
267.6,1700000267.6,1700000267600000000,47.171629501723054,18.169621356967085,0.0,-0.9084810678483544,0.8585814750861527,0.0,2.384425712435726
267.7,1700000267.7,1700000267700000000,47.08056712854998,18.255252026940024,0.0,-0.9127626013470013,0.8540283564274989,0.0,2.3894257124357234
267.8,1700000267.8,1700000267800000000,46.98907774208824,18.340426316563146,0.0,-0.9170213158281573,0.8494538871044119,0.0,2.394425712435724
267.90000000000003,1700000267.9,1700000267900000000,46.89716362956776,18.42514209648361,0.0,-0.9212571048241804,0.844858181478388,0.0,2.3994257124357268
268.0,1700000268.0,1700000268000000000,46.8048270888367,18.509397248811215,0.0,-0.9254698624405608,0.8402413544418351,0.0,2.404425712435724
268.1,1700000268.1,1700000268100000000,46.712070428303605,18.59318966717169,0.0,-0.9296594833585845,0.8356035214151804,0.0,2.409425712435725
268.2,1700000268.2,1700000268200000000,46.61889596688026,18.67651725675885,0.0,-0.9338258628379426,0.8309447983440128,0.0,2.414425712435724
268.3,1700000268.3,1700000268300000000,46.52530603392327,18.759377934387356,0.0,-0.9379688967193678,0.8262653016961634,0.0,2.4194257124357246
268.40000000000003,1700000268.4,1700000268400000000,46.43130296917612,18.84176962854455,0.0,-0.9420884814272277,0.8215651484588061,0.0,2.4244257124357254
268.5,1700000268.5,1700000268500000000,46.33688912271058,18.923690279442347,0.0,-0.9461845139721172,0.816844456135529,0.0,2.4294257124357244
268.6,1700000268.6,1700000268600000000,46.242066854867815,19.00513783906879,0.0,-0.9502568919534395,0.8121033427433908,0.0,2.434425712435725
268.7,1700000268.7,1700000268700000000,46.14683853619965,19.086110271239082,0.0,-0.954305513561954,0.8073419268099825,0.0,2.439425712435724
268.8,1700000268.8,1700000268800000000,46.05120654740902,19.166605551646686,0.0,-0.9583302775823344,0.8025603273704514,0.0,2.444425712435725
268.90000000000003,1700000268.9,1700000268900000000,45.95517327929072,19.24662166791376,0.0,-0.962331083395688,0.797758663964536,0.0,2.4494257124357257
269.0,1700000269.0,1700000269000000000,45.85874113267146,19.326156619641534,0.0,-0.9663078309820767,0.7929370566335731,0.0,2.4544257124357247
269.1,1700000269.1,1700000269100000000,45.76191251834983,19.405208418460415,0.0,-0.9702604209230208,0.7880956259174914,0.0,2.4594257124357255
269.2,1700000269.2,1700000269200000000,45.6646898570362,19.483775088079494,0.0,-0.9741887544039747,0.78323449285181,0.0,2.4644257124357245
269.3,1700000269.3,1700000269300000000,45.56707557929198,19.561854664336177,0.0,-0.9780927332168089,0.7783537789645991,0.0,2.4694257124357253
269.40000000000003,1700000269.4,1700000269400000000,45.46907212546907,19.639445195245102,0.0,-0.981972259762255,0.7734536062734534,0.0,2.474425712435726
269.5,1700000269.5,1700000269500000000,45.370681945648734,19.716544741047002,0.0,-0.9858272370523501,0.7685340972824366,0.0,2.479425712435725
269.6,1700000269.6,1700000269600000000,45.27190749958027,19.793151374257302,0.0,-0.9896575687128651,0.7635953749790136,0.0,2.484425712435726
269.7,1700000269.7,1700000269700000000,45.172751256619804,19.86926317971409,0.0,-0.9934631589857045,0.7586375628309904,0.0,2.489425712435723
269.8,1700000269.8,1700000269800000000,45.07321569566807,19.944878254626317,0.0,-0.997243912731316,0.7536607847834033,0.0,2.4944257124357256
269.90000000000003,1700000269.9,1700000269900000000,44.97330330510903,20.019994708620953,0.0,-1.0009997354310476,0.7486651652554516,0.0,2.4994257124357264
270.0,1700000270.0,1700000270000000000,44.8730165827473,20.094610663790526,0.0,-1.0047305331895262,0.743650829137365,0.0,2.5044257124357236
270.1,1700000270.1,1700000270100000000,44.772358035745526,20.168724254740173,0.0,-1.0084362127370086,0.7386179017872764,0.0,2.509425712435726
270.2,1700000270.2,1700000270200000000,44.671330180562364,20.242333628633826,0.0,-1.0121166814316913,0.7335665090281183,0.0,2.5144257124357234
270.3,1700000270.3,1700000270300000000,44.56993554288874,20.315436945241107,0.0,-1.0157718472620552,0.7284967771444372,0.0,2.519425712435724
270.40000000000003,1700000270.4,1700000270400000000,44.46817665758537,20.388032376982874,0.0,-1.0194016188491437,0.7234088328792683,0.0,2.5244257124357268
270.5,1700000270.5,1700000270500000000,44.36605606861921,20.460118108977017,0.0,-1.0230059054488507,0.7183028034309603,0.0,2.529425712435724
270.6,1700000270.6,1700000270600000000,44.26357632899949,20.531692339084113,0.0,-1.0265846169542057,0.7131788164499746,0.0,2.534425712435725
270.7,1700000270.7,1700000270700000000,44.16074000071448,20.602753277952072,0.0,-1.0301376638976036,0.708037000035724,0.0,2.539425712435724
270.8,1700000270.8,1700000270800000000,44.05754965466696,20.67329914906116,0.0,-1.033664957453058,0.7028774827333478,0.0,2.5444257124357246
270.90000000000003,1700000270.9,1700000270900000000,43.954007870610226,20.74332818876826,0.0,-1.037166409438413,0.6977003935305114,0.0,2.5494257124357254
271.0,1700000271.0,1700000271000000000,43.85011723708354,20.812838646350993,0.0,-1.0406419323175495,0.692505861854177,0.0,2.5544257124357244
271.1,1700000271.1,1700000271100000000,43.745880351347246,20.881828784051596,0.0,-1.0440914392025797,0.6872940175673624,0.0,2.559425712435725
271.2,1700000271.2,1700000271200000000,43.641299819318135,20.950296877120163,0.0,-1.0475148438560082,0.682064990965907,0.0,2.564425712435724
271.3,1700000271.3,1700000271300000000,43.53637825550399,21.01824121385799,0.0,-1.0509120606928994,0.6768189127751998,0.0,2.569425712435725
271.40000000000003,1700000271.4,1700000271400000000,43.431118282938485,21.08566009566017,0.0,-1.0542830047830085,0.6715559141469241,0.0,2.5744257124357257
271.5,1700000271.5,1700000271500000000,43.32552253311547,21.152551837058144,0.0,-1.0576275918529072,0.6662761266557735,0.0,2.5794257124357247
271.6,1700000271.6,1700000271600000000,43.219593645923126,21.21891476576191,0.0,-1.0609457382880954,0.6609796822961566,0.0,2.5844257124357255
271.7,1700000271.7,1700000271700000000,43.1133342695782,21.284747222701657,0.0,-1.0642373611350828,0.65566671347891,0.0,2.5894257124357245
271.8,1700000271.8,1700000271800000000,43.006747060559476,21.350047562069445,0.0,-1.0675023781034723,0.6503373530279738,0.0,2.5944257124357253
271.90000000000003,1700000271.9,1700000271900000000,42.89983468354168,21.414814151360158,0.0,-1.0707407075680078,0.6449917341770838,0.0,2.599425712435726
272.0,1700000272.0,1700000272000000000,42.792599811328685,21.47904537141242,0.0,-1.073952268570621,0.6396299905664343,0.0,2.604425712435725
272.1,1700000272.1,1700000272100000000,42.68504512478666,21.542739616449115,0.0,-1.0771369808224558,0.6342522562393329,0.0,2.609425712435726
272.2,1700000272.2,1700000272200000000,42.57717331277727,21.605895294117374,0.0,-1.0802947647058687,0.6288586656388634,0.0,2.614425712435723
272.3,1700000272.3,1700000272300000000,42.46898707209,21.668510825528653,0.0,-1.0834255412764326,0.6234493536045,0.0,2.6194257124357256
272.40000000000003,1700000272.4,1700000272400000000,42.3604891073754,21.73058464529784,0.0,-1.0865292322648918,0.6180244553687699,0.0,2.6244257124357264
272.5,1700000272.5,1700000272500000000,42.25168213107696,21.792115201582646,0.0,-1.0896057600791322,0.6125841065538481,0.0,2.6294257124357236
272.6,1700000272.6,1700000272600000000,42.14256886336324,21.853100956122486,0.0,-1.0926550478061243,0.6071284431681621,0.0,2.634425712435726
272.7,1700000272.7,1700000272700000000,42.03315203206048,21.91354038427654,0.0,-1.095677019213827,0.6016576016030238,0.0,2.6394257124357234
272.8,1700000272.8,1700000272800000000,41.92343437258356,21.97343197506236,0.0,-1.098671598753118,0.5961717186291781,0.0,2.644425712435724
272.90000000000003,1700000272.9,1700000272900000000,41.8134186278683,22.03277423119327,0.0,-1.1016387115596635,0.5906709313934151,0.0,2.6494257124357268
273.0,1700000273.0,1700000273000000000,41.70310754830275,22.09156566911588,0.0,-1.104578283455794,0.5851553774151372,0.0,2.654425712435724
273.1,1700000273.1,1700000273100000000,41.59250389165794,22.149804819047404,0.0,-1.1074902409523701,0.579625194582897,0.0,2.659425712435725
273.2,1700000273.2,1700000273200000000,41.48161042301966,22.207490225012062,0.0,-1.1103745112506032,0.5740805211509827,0.0,2.664425712435724
273.3,1700000273.3,1700000273300000000,41.370429914718756,22.26462044487776,0.0,-1.1132310222438881,0.5685214957359379,0.0,2.6694257124357246
273.40000000000003,1700000273.4,1700000273400000000,41.2589651462622,22.32119405039195,0.0,-1.1160597025195975,0.5629482573131102,0.0,2.6744257124357254
273.5,1700000273.5,1700000273500000000,41.14721890426343,22.377209627217418,0.0,-1.118860481360871,0.5573609452131717,0.0,2.6794257124357244
273.6,1700000273.6,1700000273600000000,41.035193982372604,22.43266577496771,0.0,-1.1216332887483853,0.5517596991186301,0.0,2.684425712435725
273.7,1700000273.7,1700000273700000000,40.922893181207,22.48756110724197,0.0,-1.1243780553620983,0.54614465906035,0.0,2.689425712435724
273.8,1700000273.8,1700000273800000000,40.810319308280725,22.541894251659794,0.0,-1.1270947125829898,0.5405159654140365,0.0,2.694425712435725
273.90000000000003,1700000273.9,1700000273900000000,40.69747517793479,22.595663849895384,0.0,-1.1297831924947692,0.5348737588967394,0.0,2.6994257124357257
274.0,1700000274.0,1700000274000000000,40.584363611266596,22.648868557711566,0.0,-1.1324434278855784,0.5292181805633298,0.0,2.7044257124357247
274.1,1700000274.1,1700000274100000000,40.47098743605935,22.70150704499345,0.0,-1.1350753522496724,0.5235493718029677,0.0,2.7094257124357255
274.2,1700000274.2,1700000274200000000,40.35734948671161,22.75357799578156,0.0,-1.1376788997890779,0.5178674743355806,0.0,2.7144257124357245
274.3,1700000274.3,1700000274300000000,40.24345260416611,22.805080108304875,0.0,-1.1402540054152437,0.5121726302083054,0.0,2.7194257124357253
274.40000000000003,1700000274.4,1700000274400000000,40.12929963583901,22.856012095013245,0.0,-1.1428006047506623,0.5064649817919505,0.0,2.724425712435726
274.5,1700000274.5,1700000274500000000,40.01489343554863,22.90637268260964,0.0,-1.145318634130482,0.5007446717774313,0.0,2.729425712435725
274.6,1700000274.6,1700000274600000000,39.90023686344392,22.956160612082023,0.0,-1.147808030604101,0.4950118431721961,0.0,2.734425712435726
274.7,1700000274.7,1700000274700000000,39.78533278593335,23.005374638734704,0.0,-1.1502687319367353,0.4892666392966674,0.0,2.739425712435723
274.8,1700000274.8,1700000274800000000,39.67018407561266,23.054013532219663,0.0,-1.152700676610983,0.4835092037806329,0.0,2.7444257124357256
274.90000000000003,1700000274.9,1700000274900000000,39.55479361119377,23.10207607656703,0.0,-1.1551038038283514,0.4777396805596885,0.0,2.7494257124357264
275.0,1700000275.0,1700000275000000000,39.43916427743233,23.14956107021568,0.0,-1.157478053510784,0.4719582138716166,0.0,2.7544257124357236
275.1,1700000275.1,1700000275100000000,39.32329896505546,23.19646732604333,0.0,-1.1598233663021664,0.46616494825277294,0.0,2.759425712435726
275.2,1700000275.2,1700000275200000000,39.20720057069017,23.24279367139593,0.0,-1.1621396835697964,0.4603600285345084,0.0,2.7644257124357234
275.3,1700000275.3,1700000275300000000,39.09087199679007,23.288538948117335,0.0,-1.1644269474058668,0.45454359983950354,0.0,2.769425712435724
275.40000000000003,1700000275.4,1700000275400000000,38.97431615156349,23.333702012578,0.0,-1.1666851006289,0.4487158075781747,0.0,2.7744257124357268
275.5,1700000275.5,1700000275500000000,38.85753594890066,23.378281735703595,0.0,-1.1689140867851797,0.4428767974450332,0.0,2.779425712435724
275.6,1700000275.6,1700000275600000000,38.740534308300354,23.42227700300345,0.0,-1.1711138501501726,0.4370267154150179,0.0,2.784425712435725
275.7,1700000275.7,1700000275700000000,38.623314154797626,23.465686714598124,0.0,-1.1732843357299063,0.43116570773988117,0.0,2.789425712435724
275.8,1700000275.8,1700000275800000000,38.505878418890106,23.50850978524712,0.0,-1.175425489262356,0.42529392094450535,0.0,2.7944257124357246
275.90000000000003,1700000275.9,1700000275900000000,38.38823003646513,23.55074514437588,0.0,-1.177537257218794,0.4194115018232566,0.0,2.7994257124357254
276.0,1700000276.0,1700000276000000000,38.27037194872617,23.59239173610262,0.0,-1.179619586805131,0.4135185974363087,0.0,2.8044257124357244
276.1,1700000276.1,1700000276100000000,38.15230710211921,23.63344851926474,0.0,-1.181672425963237,0.40761535510596025,0.0,2.809425712435725
276.2,1700000276.2,1700000276200000000,38.034038448259324,23.673914467444774,0.0,-1.1836957233722387,0.40170192241296615,0.0,2.814425712435724
276.3,1700000276.3,1700000276300000000,37.91556894385663,23.71378856899615,0.0,-1.1856894284498074,0.39577844719283156,0.0,2.819425712435725
276.40000000000003,1700000276.4,1700000276400000000,37.796901550642616,23.75306982706839,0.0,-1.1876534913534196,0.3898450775321306,0.0,2.8244257124357257
276.5,1700000276.5,1700000276500000000,37.678039235295955,23.79175725963208,0.0,-1.1895878629816041,0.3839019617647979,0.0,2.8294257124357247
276.6,1700000276.6,1700000276600000000,37.558984969368275,23.829849899503447,0.0,-1.1914924949751724,0.3779492484684138,0.0,2.8344257124357255
276.7,1700000276.7,1700000276700000000,37.4397417292101,23.867346794368448,0.0,-1.1933673397184226,0.37198708646050505,0.0,2.8394257124357245
276.8,1700000276.8,1700000276800000000,37.32031249589614,23.904247006806695,0.0,-1.1952123503403347,0.36601562479480687,0.0,2.8444257124357253
276.90000000000003,1700000276.9,1700000276900000000,37.20070025515104,23.940549614314783,0.0,-1.197027480715739,0.3600350127575522,0.0,2.849425712435726
277.0,1700000277.0,1700000277000000000,37.08090799727465,23.976253709329402,0.0,-1.1988126854664702,0.35404539986373246,0.0,2.854425712435725
277.1,1700000277.1,1700000277100000000,36.96093871706708,24.011358399250064,0.0,-1.2005679199625032,0.34804693585335383,0.0,2.859425712435726
277.2,1700000277.2,1700000277200000000,36.840795413754215,24.04586280646131,0.0,-1.2022931403230654,0.34203977068771063,0.0,2.864425712435723
277.3,1700000277.3,1700000277300000000,36.720481090912166,24.079766068354818,0.0,-1.203988303417741,0.3360240545456083,0.0,2.8694257124357256
277.40000000000003,1700000277.4,1700000277400000000,36.599998756392914,24.113067337350756,0.0,-1.205653366867538,0.32999993781964576,0.0,2.8744257124357264
277.5,1700000277.5,1700000277500000000,36.47935142224859,24.145765780919128,0.0,-1.2072882890459564,0.3239675711124295,0.0,2.8794257124357236
277.6,1700000277.6,1700000277600000000,36.358542104656046,24.1778605816006,0.0,-1.2088930290800302,0.31792710523280227,0.0,2.884425712435726
277.7,1700000277.7,1700000277700000000,36.23757382384219,24.209350937026766,0.0,-1.2104675468513384,0.31187869119210937,0.0,2.8894257124357234
277.8,1700000277.8,1700000277800000000,36.11644960400752,24.24023605994043,0.0,-1.2120118029970215,0.30582248020037606,0.0,2.894425712435724
277.90000000000003,1700000277.9,1700000277900000000,35.99517247325127,24.270515178215113,0.0,-1.2135257589107558,0.2997586236625638,0.0,2.8994257124357268
278.0,1700000278.0,1700000278000000000,35.873745463495574,24.3001875348744,0.0,-1.21500937674372,0.29368727317477883,0.0,2.904425712435724
278.1,1700000278.1,1700000278100000000,35.75217161040913,24.32925238811097,0.0,-1.2164626194055486,0.2876085805204564,0.0,2.909425712435725
278.2,1700000278.2,1700000278200000000,35.63045395333206,24.357709011304973,0.0,-1.2178854505652486,0.28152269766660276,0.0,2.914425712435724
278.3,1700000278.3,1700000278300000000,35.508595535199355,24.385556693042332,0.0,-1.2192778346521167,0.2754297767599679,0.0,2.9194257124357246
278.40000000000003,1700000278.4,1700000278400000000,35.38659940246519,24.412794737132447,0.0,-1.2206397368566224,0.26932997012325927,0.0,2.9244257124357254
278.5,1700000278.5,1700000278500000000,35.26446860502655,24.439422462625622,0.0,-1.221971123131281,0.26322343025132733,0.0,2.9294257124357244
278.6,1700000278.6,1700000278600000000,35.14220619614693,24.465439203830126,0.0,-1.2232719601915063,0.2571103098073465,0.0,2.934425712435725
278.7,1700000278.7,1700000278700000000,35.019815232380274,24.490844310328765,0.0,-1.2245422155164383,0.25099076161901385,0.0,2.939425712435724
278.8,1700000278.8,1700000278800000000,34.89729877349422,24.51563714699522,0.0,-1.2257818573497612,0.24486493867471093,0.0,2.944425712435725
278.90000000000003,1700000278.9,1700000278900000000,34.77465988239389,24.539817094009855,0.0,-1.2269908547004929,0.2387329941196945,0.0,2.9494257124357257
279.0,1700000279.0,1700000279000000000,34.65190162504523,24.563383546875247,0.0,-1.2281691773437624,0.23259508125226133,0.0,2.9544257124357247
279.1,1700000279.1,1700000279100000000,34.52902707039818,24.586335916431317,0.0,-1.2293167958215658,0.22645135351990892,0.0,2.9594257124357255
279.2,1700000279.2,1700000279200000000,34.406039290310304,24.608673628870005,0.0,-1.2304336814435002,0.22030196451551506,0.0,2.9644257124357245
279.3,1700000279.3,1700000279300000000,34.2829413594696,24.630396125749677,0.0,-1.231519806287484,0.21414706797348015,0.0,2.9694257124357253
279.40000000000003,1700000279.4,1700000279400000000,34.15973635531799,24.65150286400904,0.0,-1.232575143200452,0.20798681776589942,0.0,2.974425712435726
279.5,1700000279.5,1700000279500000000,34.03642735797419,24.671993315980725,0.0,-1.2335996657990362,0.20182136789870936,0.0,2.979425712435725
279.6,1700000279.6,1700000279600000000,33.91301745015662,24.691866969404515,0.0,-1.2345933484702258,0.19565087250783114,0.0,2.984425712435726
279.7,1700000279.7,1700000279700000000,33.7895097171067,24.71112332744009,0.0,-1.2355561663720047,0.18947548585533477,0.0,2.989425712435723
279.8,1700000279.8,1700000279800000000,33.665907246511075,24.72976190867954,0.0,-1.236488095433977,0.18329536232555393,0.0,2.9944257124357256
279.90000000000003,1700000279.9,1700000279900000000,33.542213128425274,24.74778224715927,0.0,-1.2373891123579637,0.17711065642126378,0.0,2.9994257124357264
280.0,1700000280.0,1700000280000000000,33.41843045519584,24.76518389237176,0.0,-1.238259194618588,0.170921522759792,0.0,3.0044257124357236
280.1,1700000280.1,1700000280100000000,33.294562321382934,24.781966409276805,0.0,-1.2390983204638402,0.16472811606914678,0.0,3.009425712435726
280.2,1700000280.2,1700000280200000000,33.17061182368372,24.79812937831233,0.0,-1.2399064689156165,0.158530591184186,0.0,3.0144257124357234
280.3,1700000280.3,1700000280300000000,33.04658206085396,24.81367239540497,0.0,-1.2406836197702487,0.15232910304269803,0.0,3.019425712435724
280.40000000000003,1700000280.4,1700000280400000000,32.922476133631314,24.828595071980118,0.0,-1.2414297535990058,0.14612380668156558,0.0,3.0244257124357268
280.5,1700000280.5,1700000280500000000,32.79829714465767,24.8428970349716,0.0,-1.24214485174858,0.13991485723288333,0.0,3.029425712435724
280.6,1700000280.6,1700000280600000000,32.67404819840106,24.856577926831118,0.0,-1.242828896341556,0.13370240992005306,0.0,3.034425712435725
280.7,1700000280.7,1700000280700000000,32.54973240107881,24.869637405537077,0.0,-1.2434818702768538,0.12748662005394065,0.0,3.039425712435724
280.8,1700000280.8,1700000280800000000,32.425352860579295,24.88207514460319,0.0,-1.2441037572301594,0.12126764302896459,0.0,3.0444257124357246
280.90000000000003,1700000280.9,1700000280900000000,32.30091268638458,24.89389083308663,0.0,-1.2446945416543316,0.11504563431922885,0.0,3.0494257124357254
281.0,1700000281.0,1700000281000000000,32.176414989492585,24.905084175595793,0.0,-1.2452542087797895,0.1088207494746293,0.0,3.0544257124357244
281.1,1700000281.1,1700000281100000000,32.051862882339165,24.91565489229771,0.0,-1.2457827446148855,0.10259314411695838,0.0,3.059425712435725
281.2,1700000281.2,1700000281200000000,31.927259478720604,24.925602718925006,0.0,-1.2462801359462503,0.09636297393603019,0.0,3.064425712435724
281.3,1700000281.3,1700000281300000000,31.802607893715404,24.934927406782535,0.0,-1.2467463703391268,0.09013039468577025,0.0,3.069425712435725
281.40000000000003,1700000281.4,1700000281400000000,31.67791124360675,24.943628722753594,0.0,-1.2471814361376796,0.08389556218033747,0.0,3.0744257124357257
281.5,1700000281.5,1700000281500000000,31.553172645804437,24.951706449305725,0.0,-1.2475853224652862,0.07765863229022194,0.0,3.0794257124357247
281.6,1700000281.6,1700000281600000000,31.428395218766834,24.95916038449619,0.0,-1.2479580192248094,0.07141976093834165,0.0,3.0844257124357255
281.7,1700000281.7,1700000281700000000,31.3035820819232,24.965990341976998,0.0,-1.24829951709885,0.0651791040961599,0.0,3.0894257124357245
281.8,1700000281.8,1700000281800000000,31.178736355595365,24.972196150999572,0.0,-1.2486098075499785,0.05893681777976828,0.0,3.0944257124357253
281.90000000000003,1700000281.9,1700000281900000000,31.053861160920036,24.977777656419,0.0,-1.2488888828209501,0.05269305804600179,0.0,3.099425712435726
282.0,1700000282.0,1700000282000000000,30.928959619770616,24.982734718697944,0.0,-1.2491367359348973,0.046447980988530785,0.0,3.104425712435725
282.1,1700000282.1,1700000282100000000,30.804034854679042,24.987067213910105,0.0,-1.2493533606955052,0.04020174273395202,0.0,3.109425712435726
282.2,1700000282.2,1700000282200000000,30.679089988758065,24.990775033743322,0.0,-1.249538751687166,0.03395449943790318,0.0,3.114425712435723
282.3,1700000282.3,1700000282300000000,30.554128145622602,24.993858085502303,0.0,-1.249692904275115,0.027706407281130194,0.0,3.1194257124357256
282.40000000000003,1700000282.4,1700000282400000000,30.429152449312408,24.996316292110908,0.0,-1.2498158146055454,0.021457622465620444,0.0,3.1244257124357264
282.5,1700000282.5,1700000282500000000,30.304166024213423,24.998149592114096,0.0,-1.2499074796057048,0.015208301210671077,0.0,3.1294257124357236
282.6,1700000282.6,1700000282600000000,30.179171994979537,24.999357939679474,0.0,-1.2499678969839736,0.00895859974897688,0.0,3.134425712435726
282.7,1700000282.7,1700000282700000000,30.054173486455245,24.9999413045984,0.0,-1.2499970652299202,0.002708674322762213,0.0,3.1394257124357234
282.8,1700000282.8,1700000282800000000,29.929173623596522,24.999899672286798,0.0,-1.24999498361434,-0.003541318820173887,0.0,-3.1387595947438625
282.90000000000003,1700000282.9,1700000282900000000,29.804175531393476,24.999233043785463,0.0,-1.2499616521892731,-0.009791223430326148,0.0,-3.13375959474386
283.0,1700000283.0,1700000283000000000,29.67918233479208,24.997941435760076,0.0,-1.2498970717880038,-0.016040883260395947,0.0,-3.1287595947438627
283.1,1700000283.1,1700000283100000000,29.554197158615516,24.99602488050077,0.0,-1.2498012440250386,-0.02229014206922414,0.0,-3.123759594743862
283.2,1700000283.2,1700000283200000000,29.429223127486814,24.993483425921326,0.0,-1.2496741712960664,-0.028538843625659328,0.0,-3.118759594743863
283.3,1700000283.3,1700000283300000000,29.30426336575015,24.990317135557977,0.0,-1.2495158567778988,-0.034786831712492486,0.0,-3.113759594743862
283.40000000000003,1700000283.4,1700000283400000000,29.179320997393106,24.986526088567818,0.0,-1.2493263044283909,-0.041033950130344644,0.0,-3.1087595947438613
283.5,1700000283.5,1700000283500000000,29.05439914596843,24.982110379726823,0.0,-1.2491055189863411,-0.04728004270157851,0.0,-3.1037595947438623
283.6,1700000283.6,1700000283600000000,28.929500934515808,24.977070119427488,0.0,-1.2488535059713743,-0.05352495327420956,0.0,-3.0987595947438615
283.7,1700000283.7,1700000283700000000,28.804629485484114,24.971405433676054,0.0,-1.2485702716838027,-0.05976852572579429,0.0,-3.0937595947438625
283.8,1700000283.8,1700000283800000000,28.67978792065298,24.96511646408937,0.0,-1.2482558232044685,-0.06601060396735103,0.0,-3.0887595947438613
283.90000000000003,1700000283.9,1700000283900000000,28.554979361055068,24.95820336789135,0.0,-1.2479101683945677,-0.07225103194724664,0.0,-3.083759594743861
284.0,1700000284.0,1700000284000000000,28.43020692689791,24.95066631790904,0.0,-1.247533315895452,-0.07848965365510442,0.0,-3.078759594743862
284.1,1700000284.1,1700000284100000000,28.30547373748578,24.942505502568295,0.0,-1.2471252751284148,-0.08472631312571104,0.0,-3.073759594743861
284.2,1700000284.2,1700000284200000000,28.180782911141996,24.933721125889072,0.0,-1.2466860562944535,-0.09096085444290013,0.0,-3.0687595947438617
284.3,1700000284.3,1700000284300000000,28.05613756513064,24.92431340748033,0.0,-1.2462156703740166,-0.09719312174346789,0.0,-3.0637595947438614
284.40000000000003,1700000284.4,1700000284400000000,27.931540815578916,24.91428258253454,0.0,-1.245714129126727,-0.10342295922105421,0.0,-3.0587595947438606
284.5,1700000284.5,1700000284500000000,27.806995777399113,24.90362890182181,0.0,-1.2451814450910905,-0.10965021113004439,0.0,-3.0537595947438616
284.6,1700000284.6,1700000284600000000,27.68250556421061,24.892352631683597,0.0,-1.2446176315841797,-0.11587472178946949,0.0,-3.048759594743861
284.7,1700000284.7,1700000284700000000,27.55807328826239,24.88045405402607,0.0,-1.2440227027013036,-0.12209633558688057,0.0,-3.0437595947438636
284.8,1700000284.8,1700000284800000000,27.433702060354644,24.867933466313037,0.0,-1.2433966733156518,-0.12831489698226778,0.0,-3.0387595947438606
284.90000000000003,1700000284.9,1700000284900000000,27.309394989761774,24.854791181558554,0.0,-1.2427395590779278,-0.13453025051191128,0.0,-3.0337595947438603
285.0,1700000285.0,1700000285000000000,27.185155184154112,24.841027528319064,0.0,-1.2420513764159533,-0.14074224079229436,0.0,-3.028759594743863
285.1,1700000285.1,1700000285100000000,27.06098574952011,24.82664285068515,0.0,-1.2413321425342576,-0.14695071252399455,0.0,-3.0237595947438605
285.2,1700000285.2,1700000285200000000,26.936889790089424,24.81163750827304,0.0,-1.240581875413652,-0.1531555104955287,0.0,-3.0187595947438632
285.3,1700000285.3,1700000285300000000,26.812870408254366,24.796011876215484,0.0,-1.2398005938107741,-0.15935647958728175,0.0,-3.013759594743862
285.40000000000003,1700000285.4,1700000285400000000,26.688930704493057,24.779766345152474,0.0,-1.2389883172576237,-0.16555346477534708,0.0,-3.00875959474386
285.5,1700000285.5,1700000285500000000,26.56507377729182,24.762901321221463,0.0,-1.2381450660610733,-0.171746311135409,0.0,-3.0037595947438627
285.6,1700000285.6,1700000285600000000,26.44130272306716,24.745417226047145,0.0,-1.2372708613023573,-0.1779348638466421,0.0,-2.998759594743862
285.7,1700000285.7,1700000285700000000,26.317620636089117,24.727314496731005,0.0,-1.2363657248365503,-0.1841189681955442,0.0,-2.993759594743863
285.8,1700000285.8,1700000285800000000,26.194030608403338,24.70859358584032,0.0,-1.2354296792920159,-0.19029846957983318,0.0,-2.988759594743862
285.90000000000003,1700000285.9,1700000285900000000,26.07053572975412,24.68925496139689,0.0,-1.2344627480698447,-0.19647321351229402,0.0,-2.9837595947438613
286.0,1700000286.0,1700000286000000000,25.947139087507043,24.669299106865335,0.0,-1.2334649553432666,-0.20264304562464783,0.0,-2.978759594743862
286.1,1700000286.1,1700000286100000000,25.82384376657165,24.648726521140958,0.0,-1.232436326057048,-0.20880781167141754,0.0,-2.9737595947438615
286.2,1700000286.2,1700000286200000000,25.700652849324626,24.627537718537344,0.0,-1.2313768859268672,-0.21496735753376864,0.0,-2.9687595947438625
286.3,1700000286.3,1700000286300000000,25.577569415532402,24.605733228773445,0.0,-1.2302866614386723,-0.22112152922337983,0.0,-2.9637595947438617
286.40000000000003,1700000286.4,1700000286400000000,25.45459654227446,24.58331359696037,0.0,-1.2291656798480186,-0.22727017288627716,0.0,-2.958759594743861
286.5,1700000286.5,1700000286500000000,25.33173730386626,24.560279383587762,0.0,-1.228013969179388,-0.23341313480668707,0.0,-2.953759594743862
286.6,1700000286.6,1700000286600000000,25.20899477178228,24.536631164509735,0.0,-1.226831558225487,-0.239550261410886,0.0,-2.948759594743861
286.7,1700000286.7,1700000286700000000,25.08637201457952,24.512369530930556,0.0,-1.225618476546528,-0.245681399271024,0.0,-2.943759594743862
286.8,1700000286.8,1700000286800000000,24.963872097820435,24.48749508938978,0.0,-1.2243747544694887,-0.25180639510897834,0.0,-2.938759594743861
286.90000000000003,1700000286.9,1700000286900000000,24.841498083996605,24.462008461747153,0.0,-1.2231004230873577,-0.2579250958001698,0.0,-2.9337595947438606
287.0,1700000287.0,1700000287000000000,24.719253032452045,24.435910285167058,0.0,-1.2217955142583528,-0.26403734837739773,0.0,-2.928759594743861
287.1,1700000287.1,1700000287100000000,24.597139999306595,24.40920121210252,0.0,-1.2204600606051261,-0.2701430000346703,0.0,-2.923759594743861
287.2,1700000287.2,1700000287200000000,24.475162037379846,24.38188191027902,0.0,-1.2190940955139509,-0.27624189813100763,0.0,-2.918759594743863
287.3,1700000287.3,1700000287300000000,24.353322196114284,24.353953062677615,0.0,-1.2176976531338808,-0.28233389019428573,0.0,-2.9137595947438606
287.40000000000003,1700000287.4,1700000287400000000,24.231623521499767,24.32541536751809,0.0,-1.2162707683759044,-0.2884188239250117,0.0,-2.90875959474386
287.5,1700000287.5,1700000287500000000,24.11006905599686,24.296269538241344,0.0,-1.214813476912067,-0.294496547200157,0.0,-2.9037595947438626
287.6,1700000287.6,1700000287600000000,23.988661838460658,24.266516303491542,0.0,-1.2133258151745772,-0.3005669080769672,0.0,-2.8987595947438605
287.7,1700000287.7,1700000287700000000,23.86740490406553,24.236156407098065,0.0,-1.2118078203549032,-0.30662975479672344,0.0,-2.8937595947438632
287.8,1700000287.8,1700000287800000000,23.746301284228313,24.205190608056686,0.0,-1.2102595304028343,-0.31268493578858436,0.0,-2.8887595947438625
287.90000000000003,1700000287.9,1700000287900000000,23.625354006533232,24.17361968051078,0.0,-1.208680984025539,-0.3187322996733384,0.0,-2.88375959474386
288.0,1700000288.0,1700000288000000000,23.504566094656106,24.141444413731936,0.0,-1.2070722206865967,-0.3247716952671948,0.0,-2.8787595947438622
288.1,1700000288.1,1700000288100000000,23.38394056828822,24.108665612100094,0.0,-1.2054332806050048,-0.33080297158558897,0.0,-2.873759594743862
288.2,1700000288.2,1700000288200000000,23.263480443061585,24.075284095083617,0.0,-1.203764204754181,-0.3368259778469207,0.0,-2.868759594743863
288.3,1700000288.3,1700000288300000000,23.14318873047297,24.041300697218677,0.0,-1.2020650348609339,-0.3428405634763514,0.0,-2.863759594743862
288.40000000000003,1700000288.4,1700000288400000000,23.023068437808973,24.00671626808845,0.0,-1.2003358134044226,-0.34884657810955133,0.0,-2.8587595947438613
288.5,1700000288.5,1700000288500000000,22.90312256807069,23.971531672301886,0.0,-1.1985765836150943,-0.3548438715964656,0.0,-2.8537595947438623
288.6,1700000288.6,1700000288600000000,22.78335411989853,23.935747789472014,0.0,-1.1967873894736007,-0.3608322940050735,0.0,-2.8487595947438615
288.7,1700000288.7,1700000288700000000,22.66376608749755,23.899365514194074,0.0,-1.1949682757097038,-0.36681169562512245,0.0,-2.8437595947438625
288.8,1700000288.8,1700000288800000000,22.544361460562246,23.862385756023023,0.0,-1.1931192878011512,-0.3727819269718877,0.0,-2.8387595947438613
288.90000000000003,1700000288.9,1700000288900000000,22.425143224202113,23.824809439450902,0.0,-1.1912404719725451,-0.37874283878989434,0.0,-2.833759594743861
289.0,1700000289.0,1700000289000000000,22.306114358866893,23.786637503883686,0.0,-1.1893318751941842,-0.38469428205665523,0.0,-2.828759594743862
289.1,1700000289.1,1700000289100000000,22.18727784027194,23.74787090361774,0.0,-1.187393545180887,-0.390636107986403,0.0,-2.823759594743861
289.2,1700000289.2,1700000289200000000,22.068636639324104,23.708510607816088,0.0,-1.1854255303908043,-0.3965681680337947,0.0,-2.8187595947438617
289.3,1700000289.3,1700000289300000000,21.950193722047157,23.668557600484043,0.0,-1.1834278800242022,-0.40249031389764217,0.0,-2.8137595947438614
289.40000000000003,1700000289.4,1700000289400000000,21.831952049507898,23.628012880444725,0.0,-1.1814006440222362,-0.40840239752460517,0.0,-2.8087595947438606
289.5,1700000289.5,1700000289500000000,21.71391457774202,23.586877461314028,0.0,-1.1793438730657015,-0.414304271112899,0.0,-2.803759594743861
289.6,1700000289.6,1700000289600000000,21.59608425768009,23.54515237147527,0.0,-1.1772576185737635,-0.42019578711599537,0.0,-2.7987595947438604
289.7,1700000289.7,1700000289700000000,21.478464035074104,23.50283865405357,0.0,-1.1751419327026784,-0.42607679824629485,0.0,-2.7937595947438636
289.8,1700000289.8,1700000289800000000,21.36105685042328,23.45993736688957,0.0,-1.1729968683444785,-0.4319471574788359,0.0,-2.788759594743861
289.90000000000003,1700000289.9,1700000289900000000,21.243865638901298,23.416449582513284,0.0,-1.1708224791256643,-0.4378067180549351,0.0,-2.7837595947438603
290.0,1700000290.0,1700000290000000000,21.126893330282375,23.372376388117075,0.0,-1.1686188194058538,-0.4436553334858812,0.0,-2.778759594743863
290.1,1700000290.1,1700000290100000000,21.01014284886793,23.327718885528427,0.0,-1.1663859442764213,-0.44949285755660345,0.0,-2.77375959474386
290.2,1700000290.2,1700000290200000000,20.893617113414166,23.28247819118267,0.0,-1.1641239095591336,-0.45531914432929155,0.0,-2.7687595947438632
290.3,1700000290.3,1700000290300000000,20.7773190370582,23.236655436094733,0.0,-1.1618327718047365,-0.4611340481470902,0.0,-2.763759594743862
290.40000000000003,1700000290.4,1700000290400000000,20.66125152724591,23.190251765831114,0.0,-1.1595125882915558,-0.4669374236377045,0.0,-2.75875959474386
290.5,1700000290.5,1700000290500000000,20.545417485659172,23.143268340481228,0.0,-1.1571634170240612,-0.47272912571704134,0.0,-2.7537595947438627
290.6,1700000290.6,1700000290600000000,20.42981980814279,23.095706334628172,0.0,-1.1547853167314086,-0.4785090095928607,0.0,-2.748759594743862
290.7,1700000290.7,1700000290700000000,20.31446138463279,23.047566937319665,0.0,-1.1523783468659834,-0.48427693076836054,0.0,-2.743759594743863
290.8,1700000290.8,1700000290800000000,20.199345099083683,22.998851352038105,0.0,-1.1499425676019053,-0.49003274504581584,0.0,-2.738759594743862
290.90000000000003,1700000290.9,1700000290900000000,20.08447382939665,22.9495607966706,0.0,-1.1474780398335298,-0.4957763085301676,0.0,-2.733759594743861
291.0,1700000291.0,1700000291000000000,19.969850447347483,22.89969650347848,0.0,-1.144984825173924,-0.5015074776326257,0.0,-2.7287595947438623
291.1,1700000291.1,1700000291100000000,19.855477818514697,22.84925971906645,0.0,-1.1424629859533226,-0.5072261090742651,0.0,-2.7237595947438615
291.2,1700000291.2,1700000291200000000,19.741358802208126,22.79825170435153,0.0,-1.1399125852175764,-0.5129320598895938,0.0,-2.7187595947438625
291.3,1700000291.3,1700000291300000000,19.627496251397154,22.746673734531385,0.0,-1.137333686726569,-0.5186251874301424,0.0,-2.7137595947438613
291.40000000000003,1700000291.4,1700000291400000000,19.513893012639663,22.694527099052596,0.0,-1.1347263549526299,-0.5243053493680169,0.0,-2.7087595947438605
291.5,1700000291.5,1700000291500000000,19.400551926010746,22.64181310157836,0.0,-1.132090655078918,-0.5299724036994626,0.0,-2.703759594743862
291.6,1700000291.6,1700000291600000000,19.287475825031585,22.588533059955825,0.0,-1.1294266529977912,-0.5356262087484208,0.0,-2.6987595947438607
291.7,1700000291.7,1700000291700000000,19.174667536598893,22.534688306183295,0.0,-1.1267344153091647,-0.5412666231700554,0.0,-2.693759594743862
291.8,1700000291.8,1700000291800000000,19.06212988091393,22.48028018637677,0.0,-1.1240140093188387,-0.5468935059543035,0.0,-2.6887595947438614
291.90000000000003,1700000291.9,1700000291900000000,18.94986567141226,22.425310060736436,0.0,-1.1212655030368217,-0.552506716429387,0.0,-2.68375959474386
292.0,1700000292.0,1700000292000000000,18.83787771469332,22.369779303512587,0.0,-1.1184889651756293,-0.5581061142653341,0.0,-2.6787595947438616
292.1,1700000292.1,1700000292100000000,18.726168810450112,22.31368930297122,0.0,-1.115684465148561,-0.5636915594774944,0.0,-2.673759594743861
292.2,1700000292.2,1700000292200000000,18.614741751399542,22.257041461359485,0.0,-1.1128520730679743,-0.5692629124300228,0.0,-2.668759594743863
292.3,1700000292.3,1700000292300000000,18.50359932321209,22.199837194870383,0.0,-1.1099918597435192,-0.5748200338393955,0.0,-2.663759594743861
292.40000000000003,1700000292.4,1700000292400000000,18.392744304442825,22.142077933607666,0.0,-1.1071038966803832,-0.5803627847778587,0.0,-2.65875959474386
292.5,1700000292.5,1700000292500000000,18.282179466461486,22.083765121549884,0.0,-1.1041882560774943,-0.5858910266769257,0.0,-2.653759594743863
292.6,1700000292.6,1700000292600000000,18.171907573383063,22.024900216514194,0.0,-1.1012450108257097,-0.5914046213308468,0.0,-2.6487595947438605
292.7,1700000292.7,1700000292700000000,18.061931381999376,21.965484690120284,0.0,-1.0982742345060141,-0.5969034309000312,0.0,-2.643759594743863
292.8,1700000292.8,1700000292800000000,17.952253641709287,21.905520027753116,0.0,-1.095276001387656,-0.6023873179145356,0.0,-2.6387595947438625
292.90000000000003,1700000292.9,1700000292900000000,17.842877094450632,21.84500772852614,0.0,-1.0922503864263071,-0.6078561452774685,0.0,-2.6337595947438595
293.0,1700000293.0,1700000293000000000,17.733804474631548,21.78394930524378,0.0,-1.089197465262189,-0.6133097762684226,0.0,-2.6287595947438622
293.1,1700000293.1,1700000293100000000,17.625038509061657,21.722346284363322,0.0,-1.0861173142181662,-0.6187480745469172,0.0,-2.6237595947438614
293.2,1700000293.2,1700000293200000000,17.51658191688455,21.66020020595715,0.0,-1.0830100102978575,-0.6241709041557725,0.0,-2.6187595947438624
293.3,1700000293.3,1700000293300000000,17.408437409509304,21.597512623673943,0.0,-1.0798756311836972,-0.6295781295245348,0.0,-2.613759594743862
293.40000000000003,1700000293.4,1700000293400000000,17.30060769054301,21.53428510470001,0.0,-1.0767142552350004,-0.6349696154728495,0.0,-2.608759594743861
293.5,1700000293.5,1700000293500000000,17.193095455723068,21.470519229720058,0.0,-1.0735259614860029,-0.6403452272138467,0.0,-2.603759594743862
293.6,1700000293.6,1700000293600000000,17.085903392849666,21.4062165928776,0.0,-1.07031082964388,-0.6457048303575168,0.0,-2.598759594743861
293.7,1700000293.7,1700000293700000000,16.979034181718873,21.341378801735246,0.0,-1.0670689400867621,-0.6510482909140564,0.0,-2.593759594743862
293.8,1700000293.8,1700000293800000000,16.872490494055324,21.276007477234355,0.0,-1.0638003738617177,-0.6563754752972338,0.0,-2.5887595947438617
293.90000000000003,1700000293.9,1700000293900000000,16.7662749934457,21.210104253654656,0.0,-1.0605052126827328,-0.661686250327715,0.0,-2.583759594743861
294.0,1700000294.0,1700000294000000000,16.66039033527202,21.143670778573334,0.0,-1.0571835389286668,-0.666980483236399,0.0,-2.578759594743862
294.1,1700000294.1,1700000294100000000,16.554839166645152,21.076708712823756,0.0,-1.0538354356411879,-0.6722580416677425,0.0,-2.573759594743861
294.2,1700000294.2,1700000294200000000,16.449624126338886,21.009219730454124,0.0,-1.0504609865227061,-0.6775187936830557,0.0,-2.568759594743862
294.3,1700000294.3,1700000294300000000,16.344747844723678,20.941205518685436,0.0,-1.0470602759342718,-0.6827626077638161,0.0,-2.5637595947438614
294.40000000000003,1700000294.4,1700000294400000000,16.240212943701138,20.872667777869466,0.0,-1.0436333888934732,-0.6879893528149432,0.0,-2.55875959474386
294.5,1700000294.5,1700000294500000000,16.136022036638387,20.803608221446193,0.0,-1.0401804110723096,-0.6931988981680806,0.0,-2.5537595947438616
294.6,1700000294.6,1700000294600000000,16.032177728302607,20.73402857590088,0.0,-1.036701428795044,-0.6983911135848697,0.0,-2.548759594743861
294.7,1700000294.7,1700000294700000000,15.928682614796198,20.663930580721114,0.0,-1.0331965290360559,-0.70356586926019,0.0,-2.5437595947438636
294.8,1700000294.8,1700000294800000000,15.82553928349143,20.593315988353,0.0,-1.0296657994176501,-0.7087230358254284,0.0,-2.538759594743861
294.90000000000003,1700000294.9,1700000294900000000,15.722750312966358,20.522186564157774,0.0,-1.0261093282078888,-0.7138624843516821,0.0,-2.5337595947438603
295.0,1700000295.0,1700000295000000000,15.620318272939933,20.450544086367355,0.0,-1.0225272043183677,-0.7189840863530034,0.0,-2.528759594743863
295.1,1700000295.1,1700000295100000000,15.518245724207627,20.378390346039833,0.0,-1.0189195173019916,-0.7240877137896186,0.0,-2.5237595947438605
295.2,1700000295.2,1700000295200000000,15.416535218578074,20.305727147015105,0.0,-1.0152863573507553,-0.7291732390710963,0.0,-2.518759594743863
295.3,1700000295.3,1700000295300000000,15.315189298808425,20.23255630586925,0.0,-1.0116278152934624,-0.7342405350595788,0.0,-2.513759594743862
295.40000000000003,1700000295.4,1700000295400000000,15.21421049854144,20.15887965186949,0.0,-1.0079439825934746,-0.739289475072928,0.0,-2.50875959474386
295.5,1700000295.5,1700000295500000000,15.113601342242005,20.084699026928458,0.0,-1.0042349513464228,-0.7443199328878998,0.0,-2.5037595947438627
295.6,1700000295.6,1700000295600000000,15.013364345133608,20.010016285557775,0.0,-1.0005008142778888,-0.7493317827433197,0.0,-2.4987595947438614
295.7,1700000295.7,1700000295700000000,14.913502013136066,19.93483329482217,0.0,-0.9967416647411085,-0.7543248993431967,0.0,-2.493759594743863
295.8,1700000295.8,1700000295800000000,14.814016842802406,19.859151934292434,0.0,-0.9929575967146218,-0.7592991578598797,0.0,-2.488759594743862
295.90000000000003,1700000295.9,1700000295900000000,14.714911321256741,19.782974095998675,0.0,-0.9891487047999338,-0.7642544339371629,0.0,-2.4837595947438613
296.0,1700000296.0,1700000296000000000,14.61618792613198,19.706301684382908,0.0,-0.9853150842191454,-0.769190603693401,0.0,-2.4787595947438623
296.1,1700000296.1,1700000296100000000,14.517849125507794,19.629136616251365,0.0,-0.9814568308125683,-0.7741075437246103,0.0,-2.473759594743861
296.2,1700000296.2,1700000296200000000,14.41989737784914,19.551480820726802,0.0,-0.97757404103634,-0.779005131107543,0.0,-2.468759594743862
296.3,1700000296.3,1700000296300000000,14.322335131944545,19.47333623919999,0.0,-0.9736668119599996,-0.7838832434027727,0.0,-2.4637595947438613
296.40000000000003,1700000296.4,1700000296400000000,14.225164826845106,19.39470482528144,0.0,-0.9697352412640721,-0.7887417586577448,0.0,-2.4587595947438605
296.5,1700000296.5,1700000296500000000,14.128388891803427,19.315588544752423,0.0,-0.9657794272376212,-0.7935805554098286,0.0,-2.453759594743862
296.6,1700000296.6,1700000296600000000,14.032009746212772,19.235989375515782,0.0,-0.9617994687757891,-0.7983995126893615,0.0,-2.448759594743861
296.7,1700000296.7,1700000296700000000,13.936029799546827,19.15590930754665,0.0,-0.9577954653773325,-0.8031985100226586,0.0,-2.4437595947438617
296.8,1700000296.8,1700000296800000000,13.840451451299199,19.07535034284251,0.0,-0.9537675171421255,-0.8079774274350402,0.0,-2.438759594743861
296.90000000000003,1700000296.9,1700000296900000000,13.745277090923643,18.9943144953733,0.0,-0.949715724768665,-0.8127361454538179,0.0,-2.43375959474386
297.0,1700000297.0,1700000297000000000,13.65050909777425,18.91280379103102,0.0,-0.945640189551551,-0.8174745451112875,0.0,-2.428759594743861
297.1,1700000297.1,1700000297100000000,13.556149841045844,18.830820267578982,0.0,-0.9415410133789491,-0.8221925079477078,0.0,-2.423759594743861
297.2,1700000297.2,1700000297200000000,13.46220167971503,18.748365974601082,0.0,-0.937418298730054,-0.8268899160142485,0.0,-2.4187595947438636
297.3,1700000297.3,1700000297300000000,13.368666962480773,18.6654429734502,0.0,-0.9332721486725102,-0.8315666518759612,0.0,-2.4137595947438606
297.40000000000003,1700000297.4,1700000297400000000,13.275548027706282,18.582053337197177,0.0,-0.9291026668598589,-0.836222598614686,0.0,-2.40875959474386
297.5,1700000297.5,1700000297500000000,13.182847203360097,18.498199150578596,0.0,-0.9249099575289298,-0.8408576398319951,0.0,-2.403759594743863
297.6,1700000297.6,1700000297600000000,13.090566806957835,18.413882509944603,0.0,-0.9206941254972302,-0.8454716596521082,0.0,-2.39875959474386
297.7,1700000297.7,1700000297700000000,12.998709145504797,18.329105523207012,0.0,-0.9164552761603506,-0.8500645427247601,0.0,-2.393759594743863
297.8,1700000297.8,1700000297800000000,12.907276515437577,18.24387030978592,0.0,-0.912193515489296,-0.8546361742281211,0.0,-2.3887595947438625
297.90000000000003,1700000297.9,1700000297900000000,12.81627120256719,18.158179000557254,0.0,-0.9079089500278626,-0.8591864398716405,0.0,-2.3837595947438595
298.0,1700000298.0,1700000298000000000,12.725695482021855,18.0720337377994,0.0,-0.90360168688997,-0.8637152258989073,0.0,-2.3787595947438627
298.1,1700000298.1,1700000298100000000,12.635551618189698,17.985436675139294,0.0,-0.8992718337569647,-0.8682224190905151,0.0,-2.373759594743862
298.2,1700000298.2,1700000298200000000,12.545841864662723,17.89838997749908,0.0,-0.894919498874954,-0.8727079067668639,0.0,-2.3687595947438624
298.3,1700000298.3,1700000298300000000,12.456568464180027,17.810895821041605,0.0,-0.8905447910520803,-0.8771715767909987,0.0,-2.3637595947438617
298.40000000000003,1700000298.4,1700000298400000000,12.36773364857201,17.722956393116256,0.0,-0.8861478196558127,-0.8816133175713994,0.0,-2.3587595947438613
298.5,1700000298.5,1700000298500000000,12.279339638704464,17.634573892204173,0.0,-0.8817286946102088,-0.8860330180647769,0.0,-2.3537595947438623
298.6,1700000298.6,1700000298600000000,12.191388644422965,17.545750527863227,0.0,-0.8772875263931613,-0.8904305677788517,0.0,-2.3487595947438615
298.7,1700000298.7,1700000298700000000,12.103882864497859,17.456488520672956,0.0,-0.8728244260336477,-0.894805856775107,0.0,-2.3437595947438625
298.8,1700000298.8,1700000298800000000,12.016824486569021,17.366790102178825,0.0,-0.8683395051089413,-0.899158775671549,0.0,-2.3387595947438617
298.90000000000003,1700000298.9,1700000298900000000,11.930215687091394,17.27665751483666,0.0,-0.863832875741833,-0.9034892156454304,0.0,-2.3337595947438605
299.0,1700000299.0,1700000299000000000,11.844058631280486,17.18609301195648,0.0,-0.859304650597824,-0.9077970684359757,0.0,-2.3287595947438615
299.1,1700000299.1,1700000299100000000,11.758355473058145,17.09509885764608,0.0,-0.854754942882304,-0.9120822263470928,0.0,-2.3237595947438607
299.2,1700000299.2,1700000299200000000,11.673108354998924,17.003677326754637,0.0,-0.8501838663377319,-0.9163445822500538,0.0,-2.318759594743862
299.3,1700000299.3,1700000299300000000,11.588319408276273,16.911830704815603,0.0,-0.8455915352407801,-0.9205840295861865,0.0,-2.313759594743861
299.40000000000003,1700000299.4,1700000299400000000,11.503990752609472,16.81956128798977,0.0,-0.8409780643994885,-0.9248004623695263,0.0,-2.30875959474386
299.5,1700000299.5,1700000299500000000,11.420124496210555,16.72687138300779,0.0,-0.8363435691503895,-0.9289937751894722,0.0,-2.303759594743861
299.6,1700000299.6,1700000299600000000,11.336722735731502,16.633763307112392,0.0,-0.8316881653556196,-0.9331638632134248,0.0,-2.298759594743861
299.7,1700000299.7,1700000299700000000,11.253787556212071,16.540239388000725,0.0,-0.8270119694000362,-0.9373106221893965,0.0,-2.293759594743863
299.8,1700000299.8,1700000299800000000,11.17132103102728,16.446301963765723,0.0,-0.8223150981882863,-0.941433948448636,0.0,-2.288759594743861
299.90000000000003,1700000299.9,1700000299900000000,11.089325221836084,16.351953382838243,0.0,-0.8175976691419122,-0.9455337389081958,0.0,-2.2837595947438603
300.0,1700000300.0,1700000300000000000,11.007802178529467,16.25719600392792,0.0,-0.812859800196396,-0.9496098910735267,0.0,-2.2787595947438626
