t_sim_sec,t_ros_sec,t_ros_ns,rov_id,x_n,y_e,z_d,vx_n,vy_e,vz_d
0.0,1700000000.0,1700000000000000000,1,0.0,0.0,5.0,0.3333333333333333,0.08333333333333333,0.08333333333333333
0.1,1700000000.1,1700000000100000000,1,0.03333333333333333,0.008333333333333333,5.008333333333334,0.3333333333333333,0.08333333333333333,0.08333333333333333
0.2,1700000000.2,1700000000200000000,1,0.06666666666666667,0.016666666666666666,5.016666666666667,0.3333333333333333,0.08333333333333333,0.08333333333333333
0.30000000000000004,1700000000.3,1700000000300000000,1,0.10000000000000002,0.025000000000000005,5.025,0.3333333333333333,0.08333333333333333,0.08333333333333333
0.4,1700000000.4,1700000000400000000,1,0.13333333333333333,0.03333333333333333,5.033333333333333,0.3333333333333333,0.08333333333333333,0.08333333333333333
0.5,1700000000.5,1700000000500000000,1,0.16666666666666666,0.041666666666666664,5.041666666666667,0.3333333333333333,0.08333333333333333,0.08333333333333333
0.6000000000000001,1700000000.6,1700000000600000000,1,0.20000000000000004,0.05000000000000001,5.05,0.3333333333333333,0.08333333333333333,0.08333333333333333
0.7000000000000001,1700000000.7,1700000000700000000,1,0.23333333333333334,0.058333333333333334,5.058333333333334,0.3333333333333333,0.08333333333333333,0.08333333333333333
0.8,1700000000.8,1700000000800000000,1,0.26666666666666666,0.06666666666666667,5.066666666666666,0.3333333333333333,0.08333333333333333,0.08333333333333333
0.9,1700000000.9,1700000000900000000,1,0.30000000000000004,0.07500000000000001,5.075,0.3333333333333333,0.08333333333333333,0.08333333333333333
1.0,1700000001.0,1700000001000000000,1,0.3333333333333333,0.08333333333333333,5.083333333333333,0.3333333333333333,0.08333333333333333,0.08333333333333333
1.1,1700000001.1,1700000001100000000,1,0.3666666666666667,0.09166666666666667,5.091666666666667,0.3333333333333333,0.08333333333333333,0.08333333333333333
1.2000000000000002,1700000001.2,1700000001200000000,1,0.4000000000000001,0.10000000000000002,5.1,0.3333333333333333,0.08333333333333333,0.08333333333333333
1.3,1700000001.3,1700000001300000000,1,0.43333333333333335,0.10833333333333334,5.108333333333333,0.3333333333333333,0.08333333333333333,0.08333333333333333
1.4000000000000001,1700000001.4,1700000001400000000,1,0.4666666666666667,0.11666666666666667,5.116666666666666,0.3333333333333333,0.08333333333333333,0.08333333333333333
1.5,1700000001.5,1700000001500000000,1,0.5,0.125,5.125,0.3333333333333333,0.08333333333333333,0.08333333333333333
1.6,1700000001.6,1700000001600000000,1,0.5333333333333333,0.13333333333333333,5.133333333333334,0.3333333333333333,0.08333333333333333,0.08333333333333333
1.7000000000000002,1700000001.7,1700000001700000000,1,0.5666666666666667,0.14166666666666666,5.141666666666667,0.3333333333333333,0.08333333333333333,0.08333333333333333
1.8,1700000001.8,1700000001800000000,1,0.6000000000000001,0.15000000000000002,5.15,0.3333333333333333,0.08333333333333333,0.08333333333333333
1.9000000000000001,1700000001.9,1700000001900000000,1,0.6333333333333334,0.15833333333333335,5.158333333333333,0.3333333333333333,0.08333333333333333,0.08333333333333333
2.0,1700000002.0,1700000002000000000,1,0.6666666666666666,0.16666666666666666,5.166666666666667,0.3333333333333333,0.08333333333333333,0.08333333333333333
2.1,1700000002.1,1700000002100000000,1,0.7000000000000001,0.17500000000000002,5.175,0.3333333333333333,0.08333333333333333,0.08333333333333333
2.2,1700000002.2,1700000002200000000,1,0.7333333333333334,0.18333333333333335,5.183333333333334,0.3333333333333333,0.08333333333333333,0.08333333333333333
2.3000000000000003,1700000002.3,1700000002300000000,1,0.7666666666666667,0.19166666666666668,5.191666666666666,0.3333333333333333,0.08333333333333333,0.08333333333333333
2.4000000000000004,1700000002.4,1700000002400000000,1,0.8000000000000002,0.20000000000000004,5.2,0.3333333333333333,0.08333333333333333,0.08333333333333333
2.5,1700000002.5,1700000002500000000,1,0.8333333333333333,0.20833333333333331,5.208333333333333,0.3333333333333333,0.08333333333333333,0.08333333333333333
2.6,1700000002.6,1700000002600000000,1,0.8666666666666667,0.21666666666666667,5.216666666666667,0.3333333333333333,0.08333333333333333,0.08333333333333333
2.7,1700000002.7,1700000002700000000,1,0.9000000000000001,0.22500000000000003,5.225,0.3333333333333333,0.08333333333333333,0.08333333333333333
2.8000000000000003,1700000002.8,1700000002800000000,1,0.9333333333333333,0.23333333333333334,5.233333333333333,0.3333333333333333,0.08333333333333333,0.08333333333333333
2.9000000000000004,1700000002.9,1700000002900000000,1,0.9666666666666668,0.2416666666666667,5.241666666666667,0.3333333333333333,0.08333333333333333,0.08333333333333333
3.0,1700000003.0,1700000003000000000,1,1.0,0.25,5.25,0.3333333333333333,0.08333333333333333,0.08333333333333333
3.1,1700000003.1,1700000003100000000,1,1.0333333333333332,0.2583333333333333,5.258333333333333,0.3333333333333333,0.08333333333333333,0.08333333333333333
3.2,1700000003.2,1700000003200000000,1,1.0666666666666667,0.26666666666666666,5.266666666666667,0.3333333333333333,0.08333333333333333,0.08333333333333333
3.3000000000000003,1700000003.3,1700000003300000000,1,1.1,0.275,5.275,0.3333333333333333,0.08333333333333333,0.08333333333333333
3.4000000000000004,1700000003.4,1700000003400000000,1,1.1333333333333333,0.2833333333333333,5.283333333333333,0.3333333333333333,0.08333333333333333,0.08333333333333333
3.5,1700000003.5,1700000003500000000,1,1.1666666666666667,0.2916666666666667,5.291666666666667,0.3333333333333333,0.08333333333333333,0.08333333333333333
3.6,1700000003.6,1700000003600000000,1,1.2000000000000002,0.30000000000000004,5.3,0.3333333333333333,0.08333333333333333,0.08333333333333333
3.7,1700000003.7,1700000003700000000,1,1.2333333333333334,0.30833333333333335,5.308333333333334,0.3333333333333333,0.08333333333333333,0.08333333333333333
3.8000000000000003,1700000003.8,1700000003800000000,1,1.2666666666666668,0.3166666666666667,5.316666666666666,0.3333333333333333,0.08333333333333333,0.08333333333333333
3.9000000000000004,1700000003.9,1700000003900000000,1,1.3,0.325,5.325,0.3333333333333333,0.08333333333333333,0.08333333333333333
4.0,1700000004.0,1700000004000000000,1,1.3333333333333333,0.3333333333333333,5.333333333333333,0.3333333333333333,0.08333333333333333,0.08333333333333333
4.1000000000000005,1700000004.1,1700000004100000000,1,1.366666666666667,0.34166666666666673,5.341666666666667,0.3333333333333333,0.08333333333333333,0.08333333333333333
4.2,1700000004.2,1700000004200000000,1,1.4000000000000001,0.35000000000000003,5.35,0.3333333333333333,0.08333333333333333,0.08333333333333333
4.3,1700000004.3,1700000004300000000,1,1.4333333333333333,0.35833333333333334,5.358333333333333,0.3333333333333333,0.08333333333333333,0.08333333333333333
4.4,1700000004.4,1700000004400000000,1,1.4666666666666668,0.3666666666666667,5.366666666666667,0.3333333333333333,0.08333333333333333,0.08333333333333333
4.5,1700000004.5,1700000004500000000,1,1.5,0.375,5.375,0.3333333333333333,0.08333333333333333,0.08333333333333333
4.6000000000000005,1700000004.6,1700000004600000000,1,1.5333333333333334,0.38333333333333336,5.383333333333334,0.3333333333333333,0.08333333333333333,0.08333333333333333
4.7,1700000004.7,1700000004700000000,1,1.5666666666666669,0.3916666666666667,5.391666666666667,0.3333333333333333,0.08333333333333333,0.08333333333333333
4.800000000000001,1700000004.8,1700000004800000000,1,1.6000000000000003,0.4000000000000001,5.4,0.3333333333333333,0.08333333333333333,0.08333333333333333
4.9,1700000004.9,1700000004900000000,1,1.6333333333333335,0.4083333333333334,5.408333333333333,0.3333333333333333,0.08333333333333333,0.08333333333333333
5.0,1700000005.0,1700000005000000000,1,1.6666666666666665,0.41666666666666663,5.416666666666667,0.3333333333333333,0.08333333333333333,0.08333333333333333
5.1000000000000005,1700000005.1,1700000005100000000,1,1.7000000000000002,0.42500000000000004,5.425,0.3333333333333333,0.08333333333333333,0.08333333333333333
5.2,1700000005.2,1700000005200000000,1,1.7333333333333334,0.43333333333333335,5.433333333333334,0.3333333333333333,0.08333333333333333,0.08333333333333333
5.300000000000001,1700000005.3,1700000005300000000,1,1.766666666666667,0.44166666666666676,5.441666666666666,0.3333333333333333,0.08333333333333333,0.08333333333333333
5.4,1700000005.4,1700000005400000000,1,1.8000000000000003,0.45000000000000007,5.45,0.3333333333333333,0.08333333333333333,0.08333333333333333
5.5,1700000005.5,1700000005500000000,1,1.8333333333333333,0.4583333333333333,5.458333333333333,0.3333333333333333,0.08333333333333333,0.08333333333333333
5.6000000000000005,1700000005.6,1700000005600000000,1,1.8666666666666667,0.4666666666666667,5.466666666666667,0.3333333333333333,0.08333333333333333,0.08333333333333333
5.7,1700000005.7,1700000005700000000,1,1.9,0.475,5.475,0.3333333333333333,0.08333333333333333,0.08333333333333333
5.800000000000001,1700000005.8,1700000005800000000,1,1.9333333333333336,0.4833333333333334,5.483333333333333,0.3333333333333333,0.08333333333333333,0.08333333333333333
5.9,1700000005.9,1700000005900000000,1,1.9666666666666668,0.4916666666666667,5.491666666666667,0.3333333333333333,0.08333333333333333,0.08333333333333333
6.0,1700000006.0,1700000006000000000,1,2.0,0.5,5.5,0.3333333333333333,0.08333333333333333,0.08333333333333333
6.1000000000000005,1700000006.1,1700000006100000000,1,2.033333333333333,0.5083333333333333,5.508333333333333,0.3333333333333333,0.08333333333333333,0.08333333333333333
6.2,1700000006.2,1700000006200000000,1,2.0666666666666664,0.5166666666666666,5.516666666666667,0.3333333333333333,0.08333333333333333,0.08333333333333333
6.300000000000001,1700000006.3,1700000006300000000,1,2.1,0.525,5.525,0.3333333333333333,0.08333333333333333,0.08333333333333333
6.4,1700000006.4,1700000006400000000,1,2.1333333333333333,0.5333333333333333,5.533333333333333,0.3333333333333333,0.08333333333333333,0.08333333333333333
6.5,1700000006.5,1700000006500000000,1,2.166666666666667,0.5416666666666667,5.541666666666667,0.3333333333333333,0.08333333333333333,0.08333333333333333
6.6000000000000005,1700000006.6,1700000006600000000,1,2.2,0.55,5.55,0.3333333333333333,0.08333333333333333,0.08333333333333333
6.7,1700000006.7,1700000006700000000,1,2.2333333333333334,0.5583333333333333,5.558333333333334,0.3333333333333333,0.08333333333333333,0.08333333333333333
6.800000000000001,1700000006.8,1700000006800000000,1,2.2666666666666666,0.5666666666666667,5.566666666666666,0.3333333333333333,0.08333333333333333,0.08333333333333333
6.9,1700000006.9,1700000006900000000,1,2.3000000000000003,0.5750000000000001,5.575,0.3333333333333333,0.08333333333333333,0.08333333333333333
7.0,1700000007.0,1700000007000000000,1,2.3333333333333335,0.5833333333333334,5.583333333333333,0.3333333333333333,0.08333333333333333,0.08333333333333333
7.1000000000000005,1700000007.1,1700000007100000000,1,2.366666666666667,0.5916666666666668,5.591666666666667,0.3333333333333333,0.08333333333333333,0.08333333333333333
7.2,1700000007.2,1700000007200000000,1,2.4000000000000004,0.6000000000000001,5.6,0.3333333333333333,0.08333333333333333,0.08333333333333333
7.300000000000001,1700000007.3,1700000007300000000,1,2.4333333333333336,0.6083333333333334,5.608333333333333,0.3333333333333333,0.08333333333333333,0.08333333333333333
7.4,1700000007.4,1700000007400000000,1,2.466666666666667,0.6166666666666667,5.616666666666667,0.3333333333333333,0.08333333333333333,0.08333333333333333
7.5,1700000007.5,1700000007500000000,1,2.5,0.625,5.625,0.3333333333333333,0.08333333333333333,0.08333333333333333
7.6000000000000005,1700000007.6,1700000007600000000,1,2.5333333333333337,0.6333333333333334,5.633333333333334,0.3333333333333333,0.08333333333333333,0.08333333333333333
7.7,1700000007.7,1700000007700000000,1,2.5666666666666664,0.6416666666666666,5.641666666666667,0.3333333333333333,0.08333333333333333,0.08333333333333333
7.800000000000001,1700000007.8,1700000007800000000,1,2.6,0.65,5.65,0.3333333333333333,0.08333333333333333,0.08333333333333333
7.9,1700000007.9,1700000007900000000,1,2.6333333333333337,0.6583333333333334,5.658333333333333,0.3333333333333333,0.08333333333333333,0.08333333333333333
8.0,1700000008.0,1700000008000000000,1,2.6666666666666665,0.6666666666666666,5.666666666666667,0.3333333333333333,0.08333333333333333,0.08333333333333333
8.1,1700000008.1,1700000008100000000,1,2.6999999999999997,0.6749999999999999,5.675,0.3333333333333333,0.08333333333333333,0.08333333333333333
8.200000000000001,1700000008.2,1700000008200000000,1,2.733333333333334,0.6833333333333335,5.683333333333334,0.3333333333333333,0.08333333333333333,0.08333333333333333
8.3,1700000008.3,1700000008300000000,1,2.7666666666666666,0.6916666666666667,5.691666666666666,0.3333333333333333,0.08333333333333333,0.08333333333333333
8.4,1700000008.4,1700000008400000000,1,2.8000000000000003,0.7000000000000001,5.7,0.3333333333333333,0.08333333333333333,0.08333333333333333
8.5,1700000008.5,1700000008500000000,1,2.833333333333333,0.7083333333333333,5.708333333333333,0.3333333333333333,0.08333333333333333,0.08333333333333333
8.6,1700000008.6,1700000008600000000,1,2.8666666666666667,0.7166666666666667,5.716666666666667,0.3333333333333333,0.08333333333333333,0.08333333333333333
8.700000000000001,1700000008.7,1700000008700000000,1,2.9000000000000004,0.7250000000000001,5.725,0.3333333333333333,0.08333333333333333,0.08333333333333333
8.8,1700000008.8,1700000008800000000,1,2.9333333333333336,0.7333333333333334,5.733333333333333,0.3333333333333333,0.08333333333333333,0.08333333333333333
8.9,1700000008.9,1700000008900000000,1,2.966666666666667,0.7416666666666667,5.741666666666667,0.3333333333333333,0.08333333333333333,0.08333333333333333
9.0,1700000009.0,1700000009000000000,1,3.0,0.75,5.75,0.3333333333333333,0.08333333333333333,0.08333333333333333
9.1,1700000009.1,1700000009100000000,1,3.033333333333333,0.7583333333333333,5.758333333333333,0.3333333333333333,0.08333333333333333,0.08333333333333333
9.200000000000001,1700000009.2,1700000009200000000,1,3.066666666666667,0.7666666666666667,5.766666666666667,0.3333333333333333,0.08333333333333333,0.08333333333333333
9.3,1700000009.3,1700000009300000000,1,3.1,0.775,5.775,0.3333333333333333,0.08333333333333333,0.08333333333333333
9.4,1700000009.4,1700000009400000000,1,3.1333333333333337,0.7833333333333334,5.783333333333333,0.3333333333333333,0.08333333333333333,0.08333333333333333
9.5,1700000009.5,1700000009500000000,1,3.1666666666666665,0.7916666666666666,5.791666666666667,0.3333333333333333,0.08333333333333333,0.08333333333333333
9.600000000000001,1700000009.6,1700000009600000000,1,3.2000000000000006,0.8000000000000002,5.8,0.3333333333333333,0.08333333333333333,0.08333333333333333
9.700000000000001,1700000009.7,1700000009700000000,1,3.2333333333333334,0.8083333333333333,5.808333333333334,0.3333333333333333,0.08333333333333333,0.08333333333333333
9.8,1700000009.8,1700000009800000000,1,3.266666666666667,0.8166666666666668,5.816666666666666,0.3333333333333333,0.08333333333333333,0.08333333333333333
9.9,1700000009.9,1700000009900000000,1,3.3000000000000003,0.8250000000000001,5.825,0.3333333333333333,0.08333333333333333,0.08333333333333333
10.0,1700000010.0,1700000010000000000,1,3.333333333333333,0.8333333333333333,5.833333333333333,0.3333333333333333,0.08333333333333333,0.08333333333333333
10.100000000000001,1700000010.1,1700000010100000000,1,3.366666666666667,0.8416666666666668,5.841666666666667,0.3333333333333333,0.08333333333333333,0.08333333333333333
10.200000000000001,1700000010.2,1700000010200000000,1,3.4000000000000004,0.8500000000000001,5.85,0.3333333333333333,0.08333333333333333,0.08333333333333333
10.3,1700000010.3,1700000010300000000,1,3.4333333333333336,0.8583333333333334,5.858333333333333,0.3333333333333333,0.08333333333333333,0.08333333333333333
10.4,1700000010.4,1700000010400000000,1,3.466666666666667,0.8666666666666667,5.866666666666667,0.3333333333333333,0.08333333333333333,0.08333333333333333
10.5,1700000010.5,1700000010500000000,1,3.5,0.875,5.875,0.3333333333333333,0.08333333333333333,0.08333333333333333
10.600000000000001,1700000010.6,1700000010600000000,1,3.533333333333334,0.8833333333333335,5.883333333333334,0.3333333333333333,0.08333333333333333,0.08333333333333333
10.700000000000001,1700000010.7,1700000010700000000,1,3.566666666666667,0.8916666666666667,5.891666666666667,0.3333333333333333,0.08333333333333333,0.08333333333333333
10.8,1700000010.8,1700000010800000000,1,3.6000000000000005,0.9000000000000001,5.9,0.3333333333333333,0.08333333333333333,0.08333333333333333
10.9,1700000010.9,1700000010900000000,1,3.6333333333333333,0.9083333333333333,5.908333333333333,0.3333333333333333,0.08333333333333333,0.08333333333333333
11.0,1700000011.0,1700000011000000000,1,3.6666666666666665,0.9166666666666666,5.916666666666667,0.3333333333333333,0.08333333333333333,0.08333333333333333
11.100000000000001,1700000011.1,1700000011100000000,1,3.7000000000000006,0.9250000000000002,5.925,0.3333333333333333,0.08333333333333333,0.08333333333333333
11.200000000000001,1700000011.2,1700000011200000000,1,3.7333333333333334,0.9333333333333333,5.933333333333334,0.3333333333333333,0.08333333333333333,0.08333333333333333
11.3,1700000011.3,1700000011300000000,1,3.766666666666667,0.9416666666666668,5.941666666666666,0.3333333333333333,0.08333333333333333,0.08333333333333333
11.4,1700000011.4,1700000011400000000,1,3.8,0.95,5.95,0.3333333333333333,0.08333333333333333,0.08333333333333333
11.5,1700000011.5,1700000011500000000,1,3.8333333333333335,0.9583333333333334,5.958333333333333,0.3333333333333333,0.08333333333333333,0.08333333333333333
11.600000000000001,1700000011.6,1700000011600000000,1,3.866666666666667,0.9666666666666668,5.966666666666667,0.3333333333333333,0.08333333333333333,0.08333333333333333
11.700000000000001,1700000011.7,1700000011700000000,1,3.9000000000000004,0.9750000000000001,5.975,0.3333333333333333,0.08333333333333333,0.08333333333333333
11.8,1700000011.8,1700000011800000000,1,3.9333333333333336,0.9833333333333334,5.983333333333333,0.3333333333333333,0.08333333333333333,0.08333333333333333
11.9,1700000011.9,1700000011900000000,1,3.966666666666667,0.9916666666666667,5.991666666666667,0.3333333333333333,0.08333333333333333,0.08333333333333333
12.0,1700000012.0,1700000012000000000,1,4.0,1.0,6.0,0.3333333333333333,0.08333333333333333,0.08333333333333333
12.100000000000001,1700000012.1,1700000012100000000,1,4.033333333333334,1.0083333333333335,6.008333333333334,0.3333333333333333,0.08333333333333333,0.08333333333333333
12.200000000000001,1700000012.2,1700000012200000000,1,4.066666666666666,1.0166666666666666,6.016666666666667,0.3333333333333333,0.08333333333333333,0.08333333333333333
12.3,1700000012.3,1700000012300000000,1,4.1000000000000005,1.0250000000000001,6.025,0.3333333333333333,0.08333333333333333,0.08333333333333333
12.4,1700000012.4,1700000012400000000,1,4.133333333333333,1.0333333333333332,6.033333333333333,0.3333333333333333,0.08333333333333333,0.08333333333333333
12.5,1700000012.5,1700000012500000000,1,4.166666666666667,1.0416666666666667,6.041666666666667,0.3333333333333333,0.08333333333333333,0.08333333333333333
12.600000000000001,1700000012.6,1700000012600000000,1,4.2,1.05,6.05,0.3333333333333333,0.08333333333333333,0.08333333333333333
12.700000000000001,1700000012.7,1700000012700000000,1,4.233333333333334,1.0583333333333336,6.058333333333334,0.3333333333333333,0.08333333333333333,0.08333333333333333
12.8,1700000012.8,1700000012800000000,1,4.266666666666667,1.0666666666666667,6.066666666666666,0.3333333333333333,0.08333333333333333,0.08333333333333333
12.9,1700000012.9,1700000012900000000,1,4.3,1.075,6.075,0.3333333333333333,0.08333333333333333,0.08333333333333333
13.0,1700000013.0,1700000013000000000,1,4.333333333333334,1.0833333333333335,6.083333333333334,0.3333333333333333,0.08333333333333333,0.08333333333333333
13.100000000000001,1700000013.1,1700000013100000000,1,4.366666666666667,1.0916666666666668,6.091666666666667,0.3333333333333333,0.08333333333333333,0.08333333333333333
13.200000000000001,1700000013.2,1700000013200000000,1,4.4,1.1,6.1,0.3333333333333333,0.08333333333333333,0.08333333333333333
13.3,1700000013.3,1700000013300000000,1,4.433333333333334,1.1083333333333334,6.108333333333333,0.3333333333333333,0.08333333333333333,0.08333333333333333
13.4,1700000013.4,1700000013400000000,1,4.466666666666667,1.1166666666666667,6.116666666666667,0.3333333333333333,0.08333333333333333,0.08333333333333333
13.5,1700000013.5,1700000013500000000,1,4.5,1.125,6.125,0.3333333333333333,0.08333333333333333,0.08333333333333333
13.600000000000001,1700000013.6,1700000013600000000,1,4.533333333333333,1.1333333333333333,6.133333333333333,0.3333333333333333,0.08333333333333333,0.08333333333333333
13.700000000000001,1700000013.7,1700000013700000000,1,4.566666666666667,1.1416666666666668,6.141666666666667,0.3333333333333333,0.08333333333333333,0.08333333333333333
13.8,1700000013.8,1700000013800000000,1,4.6000000000000005,1.1500000000000001,6.15,0.3333333333333333,0.08333333333333333,0.08333333333333333
13.9,1700000013.9,1700000013900000000,1,4.633333333333333,1.1583333333333332,6.158333333333333,0.3333333333333333,0.08333333333333333,0.08333333333333333
14.0,1700000014.0,1700000014000000000,1,4.666666666666667,1.1666666666666667,6.166666666666667,0.3333333333333333,0.08333333333333333,0.08333333333333333
14.100000000000001,1700000014.1,1700000014100000000,1,4.7,1.175,6.175,0.3333333333333333,0.08333333333333333,0.08333333333333333
14.200000000000001,1700000014.2,1700000014200000000,1,4.733333333333334,1.1833333333333336,6.183333333333334,0.3333333333333333,0.08333333333333333,0.08333333333333333
14.3,1700000014.3,1700000014300000000,1,4.766666666666667,1.1916666666666667,6.191666666666666,0.3333333333333333,0.08333333333333333,0.08333333333333333
14.4,1700000014.4,1700000014400000000,1,4.800000000000001,1.2000000000000002,6.2,0.3333333333333333,0.08333333333333333,0.08333333333333333
14.5,1700000014.5,1700000014500000000,1,4.833333333333333,1.2083333333333333,6.208333333333333,0.3333333333333333,0.08333333333333333,0.08333333333333333
14.600000000000001,1700000014.6,1700000014600000000,1,4.866666666666667,1.2166666666666668,6.216666666666667,0.3333333333333333,0.08333333333333333,0.08333333333333333
14.700000000000001,1700000014.7,1700000014700000000,1,4.9,1.225,6.225,0.3333333333333333,0.08333333333333333,0.08333333333333333
14.8,1700000014.8,1700000014800000000,1,4.933333333333334,1.2333333333333334,6.233333333333333,0.3333333333333333,0.08333333333333333,0.08333333333333333
14.9,1700000014.9,1700000014900000000,1,4.966666666666667,1.2416666666666667,6.241666666666667,0.3333333333333333,0.08333333333333333,0.08333333333333333
15.0,1700000015.0,1700000015000000000,1,5.0,1.25,6.25,0.3333333333333333,0.08333333333333333,0.08333333333333333
15.100000000000001,1700000015.1,1700000015100000000,1,5.033333333333334,1.2583333333333335,6.258333333333334,0.3333333333333333,0.08333333333333333,0.08333333333333333
15.200000000000001,1700000015.2,1700000015200000000,1,5.066666666666667,1.2666666666666668,6.266666666666667,0.3333333333333333,0.08333333333333333,0.08333333333333333
15.3,1700000015.3,1700000015300000000,1,5.1,1.275,6.275,0.3333333333333333,0.08333333333333333,0.08333333333333333
15.4,1700000015.4,1700000015400000000,1,5.133333333333333,1.2833333333333332,6.283333333333333,0.3333333333333333,0.08333333333333333,0.08333333333333333
15.5,1700000015.5,1700000015500000000,1,5.166666666666667,1.2916666666666667,6.291666666666667,0.3333333333333333,0.08333333333333333,0.08333333333333333
15.600000000000001,1700000015.6,1700000015600000000,1,5.2,1.3,6.3,0.3333333333333333,0.08333333333333333,0.08333333333333333
15.700000000000001,1700000015.7,1700000015700000000,1,5.233333333333333,1.3083333333333333,6.308333333333334,0.3333333333333333,0.08333333333333333,0.08333333333333333
15.8,1700000015.8,1700000015800000000,1,5.2666666666666675,1.3166666666666669,6.316666666666666,0.3333333333333333,0.08333333333333333,0.08333333333333333
15.9,1700000015.9,1700000015900000000,1,5.300000000000001,1.3250000000000002,6.325,0.3333333333333333,0.08333333333333333,0.08333333333333333
16.0,1700000016.0,1700000016000000000,1,5.333333333333333,1.3333333333333333,6.333333333333333,0.3333333333333333,0.08333333333333333,0.08333333333333333
16.1,1700000016.1,1700000016100000000,1,5.366666666666667,1.3416666666666668,6.341666666666667,0.3333333333333333,0.08333333333333333,0.08333333333333333
16.2,1700000016.2,1700000016200000000,1,5.3999999999999995,1.3499999999999999,6.35,0.3333333333333333,0.08333333333333333,0.08333333333333333
16.3,1700000016.3,1700000016300000000,1,5.433333333333334,1.3583333333333334,6.358333333333333,0.3333333333333333,0.08333333333333333,0.08333333333333333
16.400000000000002,1700000016.4,1700000016400000000,1,5.466666666666668,1.366666666666667,6.366666666666667,0.3333333333333333,0.08333333333333333,0.08333333333333333
16.5,1700000016.5,1700000016500000000,1,5.5,1.375,6.375,0.3333333333333333,0.08333333333333333,0.08333333333333333
16.6,1700000016.6,1700000016600000000,1,5.533333333333333,1.3833333333333333,6.383333333333333,0.3333333333333333,0.08333333333333333,0.08333333333333333
16.7,1700000016.7,1700000016700000000,1,5.566666666666666,1.3916666666666666,6.391666666666667,0.3333333333333333,0.08333333333333333,0.08333333333333333
16.8,1700000016.8,1700000016800000000,1,5.6000000000000005,1.4000000000000001,6.4,0.3333333333333333,0.08333333333333333,0.08333333333333333
16.900000000000002,1700000016.9,1700000016900000000,1,5.633333333333334,1.4083333333333334,6.408333333333333,0.3333333333333333,0.08333333333333333,0.08333333333333333
17.0,1700000017.0,1700000017000000000,1,5.666666666666666,1.4166666666666665,6.416666666666666,0.3333333333333333,0.08333333333333333,0.08333333333333333
17.1,1700000017.1,1700000017100000000,1,5.700000000000001,1.4250000000000003,6.425000000000001,0.3333333333333333,0.08333333333333333,0.08333333333333333
17.2,1700000017.2,1700000017200000000,1,5.733333333333333,1.4333333333333333,6.433333333333334,0.3333333333333333,0.08333333333333333,0.08333333333333333
17.3,1700000017.3,1700000017300000000,1,5.766666666666667,1.4416666666666667,6.441666666666666,0.3333333333333333,0.08333333333333333,0.08333333333333333
17.400000000000002,1700000017.4,1700000017400000000,1,5.800000000000001,1.4500000000000002,6.45,0.3333333333333333,0.08333333333333333,0.08333333333333333
17.5,1700000017.5,1700000017500000000,1,5.833333333333334,1.4583333333333335,6.458333333333334,0.3333333333333333,0.08333333333333333,0.08333333333333333
17.6,1700000017.6,1700000017600000000,1,5.866666666666667,1.4666666666666668,6.466666666666667,0.3333333333333333,0.08333333333333333,0.08333333333333333
17.7,1700000017.7,1700000017700000000,1,5.8999999999999995,1.4749999999999999,6.475,0.3333333333333333,0.08333333333333333,0.08333333333333333
17.8,1700000017.8,1700000017800000000,1,5.933333333333334,1.4833333333333334,6.483333333333333,0.3333333333333333,0.08333333333333333,0.08333333333333333
17.900000000000002,1700000017.9,1700000017900000000,1,5.966666666666668,1.491666666666667,6.491666666666667,0.3333333333333333,0.08333333333333333,0.08333333333333333
18.0,1700000018.0,1700000018000000000,1,6.0,1.5,6.5,0.3333333333333333,0.08333333333333333,0.08333333333333333
18.1,1700000018.1,1700000018100000000,1,6.033333333333334,1.5083333333333335,6.508333333333334,0.3333333333333333,0.08333333333333333,0.08333333333333333
18.2,1700000018.2,1700000018200000000,1,6.066666666666666,1.5166666666666666,6.516666666666667,0.3333333333333333,0.08333333333333333,0.08333333333333333
18.3,1700000018.3,1700000018300000000,1,6.1,1.525,6.525,0.3333333333333333,0.08333333333333333,0.08333333333333333
18.400000000000002,1700000018.4,1700000018400000000,1,6.133333333333334,1.5333333333333334,6.533333333333333,0.3333333333333333,0.08333333333333333,0.08333333333333333
18.5,1700000018.5,1700000018500000000,1,6.166666666666667,1.5416666666666667,6.541666666666667,0.3333333333333333,0.08333333333333333,0.08333333333333333
18.6,1700000018.6,1700000018600000000,1,6.2,1.55,6.55,0.3333333333333333,0.08333333333333333,0.08333333333333333
18.7,1700000018.7,1700000018700000000,1,6.2333333333333325,1.5583333333333331,6.558333333333334,0.3333333333333333,0.08333333333333333,0.08333333333333333
18.8,1700000018.8,1700000018800000000,1,6.2666666666666675,1.5666666666666669,6.566666666666666,0.3333333333333333,0.08333333333333333,0.08333333333333333
18.900000000000002,1700000018.9,1700000018900000000,1,6.300000000000001,1.5750000000000002,6.575,0.3333333333333333,0.08333333333333333,0.08333333333333333
19.0,1700000019.0,1700000019000000000,1,6.333333333333333,1.5833333333333333,6.583333333333333,0.3333333333333333,0.08333333333333333,0.08333333333333333
19.1,1700000019.1,1700000019100000000,1,6.366666666666667,1.5916666666666668,6.591666666666667,0.3333333333333333,0.08333333333333333,0.08333333333333333
19.200000000000003,1700000019.2,1700000019200000000,1,6.400000000000001,1.6000000000000003,6.6000000000000005,0.3333333333333333,0.08333333333333333,0.08333333333333333
19.3,1700000019.3,1700000019300000000,1,6.433333333333334,1.6083333333333334,6.608333333333333,0.3333333333333333,0.08333333333333333,0.08333333333333333
19.400000000000002,1700000019.4,1700000019400000000,1,6.466666666666667,1.6166666666666667,6.616666666666667,0.3333333333333333,0.08333333333333333,0.08333333333333333
19.5,1700000019.5,1700000019500000000,1,6.5,1.625,6.625,0.3333333333333333,0.08333333333333333,0.08333333333333333
19.6,1700000019.6,1700000019600000000,1,6.533333333333334,1.6333333333333335,6.633333333333334,0.3333333333333333,0.08333333333333333,0.08333333333333333
19.700000000000003,1700000019.7,1700000019700000000,1,6.566666666666667,1.6416666666666668,6.641666666666667,0.3333333333333333,0.08333333333333333,0.08333333333333333
19.8,1700000019.8,1700000019800000000,1,6.6000000000000005,1.6500000000000001,6.65,0.3333333333333333,0.08333333333333333,0.08333333333333333
19.900000000000002,1700000019.9,1700000019900000000,1,6.633333333333335,1.6583333333333337,6.658333333333333,0.3333333333333333,0.08333333333333333,0.08333333333333333
20.0,1700000020.0,1700000020000000000,1,6.666666666666666,1.6666666666666665,6.666666666666666,0.3333333333333333,0.08333333333333333,0.08333333333333333
20.1,1700000020.1,1700000020100000000,1,6.7,1.675,6.675,0.3333333333333333,0.08333333333333333,0.08333333333333333
20.200000000000003,1700000020.2,1700000020200000000,1,6.733333333333334,1.6833333333333336,6.683333333333334,0.3333333333333333,0.08333333333333333,0.08333333333333333
20.3,1700000020.3,1700000020300000000,1,6.766666666666667,1.6916666666666667,6.691666666666666,0.3333333333333333,0.08333333333333333,0.08333333333333333
20.400000000000002,1700000020.4,1700000020400000000,1,6.800000000000001,1.7000000000000002,6.7,0.3333333333333333,0.08333333333333333,0.08333333333333333
20.5,1700000020.5,1700000020500000000,1,6.833333333333334,1.7083333333333335,6.708333333333334,0.3333333333333333,0.08333333333333333,0.08333333333333333
20.6,1700000020.6,1700000020600000000,1,6.866666666666667,1.7166666666666668,6.716666666666667,0.3333333333333333,0.08333333333333333,0.08333333333333333
20.700000000000003,1700000020.7,1700000020700000000,1,6.9,1.725,6.725,0.3333333333333333,0.08333333333333333,0.08333333333333333
20.8,1700000020.8,1700000020800000000,1,6.933333333333334,1.7333333333333334,6.733333333333333,0.3333333333333333,0.08333333333333333,0.08333333333333333
20.900000000000002,1700000020.9,1700000020900000000,1,6.966666666666668,1.741666666666667,6.741666666666667,0.3333333333333333,0.08333333333333333,0.08333333333333333
21.0,1700000021.0,1700000021000000000,1,7.0,1.75,6.75,0.3333333333333333,0.08333333333333333,0.08333333333333333
21.1,1700000021.1,1700000021100000000,1,7.033333333333333,1.7583333333333333,6.758333333333333,0.3333333333333333,0.08333333333333333,0.08333333333333333
21.200000000000003,1700000021.2,1700000021200000000,1,7.066666666666668,1.766666666666667,6.7666666666666675,0.3333333333333333,0.08333333333333333,0.08333333333333333
21.3,1700000021.3,1700000021300000000,1,7.1000000000000005,1.7750000000000001,6.775,0.3333333333333333,0.08333333333333333,0.08333333333333333
21.400000000000002,1700000021.4,1700000021400000000,1,7.133333333333334,1.7833333333333334,6.783333333333333,0.3333333333333333,0.08333333333333333,0.08333333333333333
21.5,1700000021.5,1700000021500000000,1,7.166666666666667,1.7916666666666667,6.791666666666667,0.3333333333333333,0.08333333333333333,0.08333333333333333
21.6,1700000021.6,1700000021600000000,1,7.200000000000001,1.8000000000000003,6.800000000000001,0.3333333333333333,0.08333333333333333,0.08333333333333333
21.700000000000003,1700000021.7,1700000021700000000,1,7.233333333333334,1.8083333333333336,6.808333333333334,0.3333333333333333,0.08333333333333333,0.08333333333333333
21.8,1700000021.8,1700000021800000000,1,7.266666666666667,1.8166666666666667,6.816666666666666,0.3333333333333333,0.08333333333333333,0.08333333333333333
21.900000000000002,1700000021.9,1700000021900000000,1,7.300000000000001,1.8250000000000002,6.825,0.3333333333333333,0.08333333333333333,0.08333333333333333
22.0,1700000022.0,1700000022000000000,1,7.333333333333333,1.8333333333333333,6.833333333333333,0.3333333333333333,0.08333333333333333,0.08333333333333333
22.1,1700000022.1,1700000022100000000,1,7.366666666666667,1.8416666666666668,6.841666666666667,0.3333333333333333,0.08333333333333333,0.08333333333333333
22.200000000000003,1700000022.2,1700000022200000000,1,7.400000000000001,1.8500000000000003,6.8500000000000005,0.3333333333333333,0.08333333333333333,0.08333333333333333
22.3,1700000022.3,1700000022300000000,1,7.433333333333334,1.8583333333333334,6.858333333333333,0.3333333333333333,0.08333333333333333,0.08333333333333333
22.400000000000002,1700000022.4,1700000022400000000,1,7.466666666666667,1.8666666666666667,6.866666666666667,0.3333333333333333,0.08333333333333333,0.08333333333333333
22.5,1700000022.5,1700000022500000000,1,7.5,1.875,6.875,0.3333333333333333,0.08333333333333333,0.08333333333333333
22.6,1700000022.6,1700000022600000000,1,7.533333333333334,1.8833333333333335,6.883333333333334,0.3333333333333333,0.08333333333333333,0.08333333333333333
22.700000000000003,1700000022.7,1700000022700000000,1,7.566666666666667,1.8916666666666668,6.891666666666667,0.3333333333333333,0.08333333333333333,0.08333333333333333
22.8,1700000022.8,1700000022800000000,1,7.6,1.9,6.9,0.3333333333333333,0.08333333333333333,0.08333333333333333
22.900000000000002,1700000022.9,1700000022900000000,1,7.633333333333335,1.9083333333333337,6.908333333333333,0.3333333333333333,0.08333333333333333,0.08333333333333333
23.0,1700000023.0,1700000023000000000,1,7.666666666666667,1.9166666666666667,6.916666666666667,0.3333333333333333,0.08333333333333333,0.08333333333333333
23.1,1700000023.1,1700000023100000000,1,7.7,1.925,6.925,0.3333333333333333,0.08333333333333333,0.08333333333333333
23.200000000000003,1700000023.2,1700000023200000000,1,7.733333333333334,1.9333333333333336,6.933333333333334,0.3333333333333333,0.08333333333333333,0.08333333333333333
23.3,1700000023.3,1700000023300000000,1,7.7666666666666675,1.9416666666666669,6.941666666666666,0.3333333333333333,0.08333333333333333,0.08333333333333333
23.400000000000002,1700000023.4,1700000023400000000,1,7.800000000000001,1.9500000000000002,6.95,0.3333333333333333,0.08333333333333333,0.08333333333333333
23.5,1700000023.5,1700000023500000000,1,7.833333333333333,1.9583333333333333,6.958333333333333,0.3333333333333333,0.08333333333333333,0.08333333333333333
23.6,1700000023.6,1700000023600000000,1,7.866666666666667,1.9666666666666668,6.966666666666667,0.3333333333333333,0.08333333333333333,0.08333333333333333
23.700000000000003,1700000023.7,1700000023700000000,1,7.900000000000001,1.9750000000000003,6.9750000000000005,0.3333333333333333,0.08333333333333333,0.08333333333333333
23.8,1700000023.8,1700000023800000000,1,7.933333333333334,1.9833333333333334,6.983333333333333,0.3333333333333333,0.08333333333333333,0.08333333333333333
23.900000000000002,1700000023.9,1700000023900000000,1,7.966666666666668,1.991666666666667,6.991666666666667,0.3333333333333333,0.08333333333333333,0.08333333333333333
24.0,1700000024.0,1700000024000000000,1,8.0,2.0,7.0,0.3333333333333333,0.08333333333333333,0.08333333333333333
24.1,1700000024.1,1700000024100000000,1,8.033333333333333,2.0083333333333333,7.008333333333333,0.3333333333333333,0.08333333333333333,0.08333333333333333
24.200000000000003,1700000024.2,1700000024200000000,1,8.066666666666668,2.016666666666667,7.0166666666666675,0.3333333333333333,0.08333333333333333,0.08333333333333333
24.3,1700000024.3,1700000024300000000,1,8.100000000000001,2.0250000000000004,7.025,0.3333333333333333,0.08333333333333333,0.08333333333333333
24.400000000000002,1700000024.4,1700000024400000000,1,8.133333333333333,2.033333333333333,7.033333333333333,0.3333333333333333,0.08333333333333333,0.08333333333333333
24.5,1700000024.5,1700000024500000000,1,8.166666666666666,2.0416666666666665,7.041666666666666,0.3333333333333333,0.08333333333333333,0.08333333333333333
24.6,1700000024.6,1700000024600000000,1,8.200000000000001,2.0500000000000003,7.050000000000001,0.3333333333333333,0.08333333333333333,0.08333333333333333
24.700000000000003,1700000024.7,1700000024700000000,1,8.233333333333334,2.0583333333333336,7.058333333333334,0.3333333333333333,0.08333333333333333,0.08333333333333333
24.8,1700000024.8,1700000024800000000,1,8.266666666666666,2.0666666666666664,7.066666666666666,0.3333333333333333,0.08333333333333333,0.08333333333333333
24.900000000000002,1700000024.9,1700000024900000000,1,8.3,2.075,7.075,0.3333333333333333,0.08333333333333333,0.08333333333333333
25.0,1700000025.0,1700000025000000000,1,8.333333333333334,2.0833333333333335,7.083333333333334,0.3333333333333333,0.08333333333333333,0.08333333333333333
25.1,1700000025.1,1700000025100000000,1,8.366666666666667,2.091666666666667,7.091666666666667,0.3333333333333333,0.08333333333333333,0.08333333333333333
25.200000000000003,1700000025.2,1700000025200000000,1,8.4,2.1,7.1,0.3333333333333333,0.08333333333333333,0.08333333333333333
25.3,1700000025.3,1700000025300000000,1,8.433333333333334,2.1083333333333334,7.108333333333333,0.3333333333333333,0.08333333333333333,0.08333333333333333
25.400000000000002,1700000025.4,1700000025400000000,1,8.466666666666669,2.116666666666667,7.116666666666667,0.3333333333333333,0.08333333333333333,0.08333333333333333
25.5,1700000025.5,1700000025500000000,1,8.5,2.125,7.125,0.3333333333333333,0.08333333333333333,0.08333333333333333
25.6,1700000025.6,1700000025600000000,1,8.533333333333333,2.1333333333333333,7.133333333333333,0.3333333333333333,0.08333333333333333,0.08333333333333333
25.700000000000003,1700000025.7,1700000025700000000,1,8.566666666666668,2.141666666666667,7.1416666666666675,0.3333333333333333,0.08333333333333333,0.08333333333333333
25.8,1700000025.8,1700000025800000000,1,8.6,2.15,7.15,0.3333333333333333,0.08333333333333333,0.08333333333333333
25.900000000000002,1700000025.9,1700000025900000000,1,8.633333333333335,2.1583333333333337,7.158333333333333,0.3333333333333333,0.08333333333333333,0.08333333333333333
26.0,1700000026.0,1700000026000000000,1,8.666666666666668,2.166666666666667,7.166666666666667,0.3333333333333333,0.08333333333333333,0.08333333333333333
26.1,1700000026.1,1700000026100000000,1,8.7,2.175,7.175,0.3333333333333333,0.08333333333333333,0.08333333333333333
26.200000000000003,1700000026.2,1700000026200000000,1,8.733333333333334,2.1833333333333336,7.183333333333334,0.3333333333333333,0.08333333333333333,0.08333333333333333
26.3,1700000026.3,1700000026300000000,1,8.766666666666667,2.191666666666667,7.191666666666666,0.3333333333333333,0.08333333333333333,0.08333333333333333
26.400000000000002,1700000026.4,1700000026400000000,1,8.8,2.2,7.2,0.3333333333333333,0.08333333333333333,0.08333333333333333
26.5,1700000026.5,1700000026500000000,1,8.833333333333332,2.208333333333333,7.208333333333333,0.3333333333333333,0.08333333333333333,0.08333333333333333
26.6,1700000026.6,1700000026600000000,1,8.866666666666667,2.216666666666667,7.216666666666667,0.3333333333333333,0.08333333333333333,0.08333333333333333
26.700000000000003,1700000026.7,1700000026700000000,1,8.900000000000002,2.2250000000000005,7.2250000000000005,0.3333333333333333,0.08333333333333333,0.08333333333333333
26.8,1700000026.8,1700000026800000000,1,8.933333333333334,2.2333333333333334,7.233333333333333,0.3333333333333333,0.08333333333333333,0.08333333333333333
26.900000000000002,1700000026.9,1700000026900000000,1,8.966666666666667,2.2416666666666667,7.241666666666667,0.3333333333333333,0.08333333333333333,0.08333333333333333
27.0,1700000027.0,1700000027000000000,1,9.0,2.25,7.25,0.3333333333333333,0.08333333333333333,0.08333333333333333
27.1,1700000027.1,1700000027100000000,1,9.033333333333335,2.2583333333333337,7.258333333333334,0.3333333333333333,0.08333333333333333,0.08333333333333333
27.200000000000003,1700000027.2,1700000027200000000,1,9.066666666666666,2.2666666666666666,7.266666666666667,0.3333333333333333,0.08333333333333333,0.08333333333333333
27.3,1700000027.3,1700000027300000000,1,9.1,2.275,7.275,0.3333333333333333,0.08333333333333333,0.08333333333333333
27.400000000000002,1700000027.4,1700000027400000000,1,9.133333333333335,2.2833333333333337,7.283333333333333,0.3333333333333333,0.08333333333333333,0.08333333333333333
27.5,1700000027.5,1700000027500000000,1,9.166666666666666,2.2916666666666665,7.291666666666666,0.3333333333333333,0.08333333333333333,0.08333333333333333
27.6,1700000027.6,1700000027600000000,1,9.200000000000001,2.3000000000000003,7.300000000000001,0.3333333333333333,0.08333333333333333,0.08333333333333333
27.700000000000003,1700000027.7,1700000027700000000,1,9.233333333333334,2.3083333333333336,7.308333333333334,0.3333333333333333,0.08333333333333333,0.08333333333333333
27.8,1700000027.8,1700000027800000000,1,9.266666666666666,2.3166666666666664,7.316666666666666,0.3333333333333333,0.08333333333333333,0.08333333333333333
27.900000000000002,1700000027.9,1700000027900000000,1,9.3,2.325,7.325,0.3333333333333333,0.08333333333333333,0.08333333333333333
28.0,1700000028.0,1700000028000000000,1,9.333333333333334,2.3333333333333335,7.333333333333334,0.3333333333333333,0.08333333333333333,0.08333333333333333
28.1,1700000028.1,1700000028100000000,1,9.366666666666667,2.341666666666667,7.341666666666667,0.3333333333333333,0.08333333333333333,0.08333333333333333
28.200000000000003,1700000028.2,1700000028200000000,1,9.4,2.35,7.35,0.3333333333333333,0.08333333333333333,0.08333333333333333
28.3,1700000028.3,1700000028300000000,1,9.433333333333334,2.3583333333333334,7.358333333333333,0.3333333333333333,0.08333333333333333,0.08333333333333333
28.400000000000002,1700000028.4,1700000028400000000,1,9.466666666666669,2.366666666666667,7.366666666666667,0.3333333333333333,0.08333333333333333,0.08333333333333333
28.5,1700000028.5,1700000028500000000,1,9.5,2.375,7.375,0.3333333333333333,0.08333333333333333,0.08333333333333333
28.6,1700000028.6,1700000028600000000,1,9.533333333333333,2.3833333333333333,7.383333333333333,0.3333333333333333,0.08333333333333333,0.08333333333333333
28.700000000000003,1700000028.7,1700000028700000000,1,9.566666666666668,2.391666666666667,7.3916666666666675,0.3333333333333333,0.08333333333333333,0.08333333333333333
28.8,1700000028.8,1700000028800000000,1,9.600000000000001,2.4000000000000004,7.4,0.3333333333333333,0.08333333333333333,0.08333333333333333
28.900000000000002,1700000028.9,1700000028900000000,1,9.633333333333333,2.408333333333333,7.408333333333333,0.3333333333333333,0.08333333333333333,0.08333333333333333
29.0,1700000029.0,1700000029000000000,1,9.666666666666666,2.4166666666666665,7.416666666666666,0.3333333333333333,0.08333333333333333,0.08333333333333333
29.1,1700000029.1,1700000029100000000,1,9.700000000000001,2.4250000000000003,7.425000000000001,0.3333333333333333,0.08333333333333333,0.08333333333333333
29.200000000000003,1700000029.2,1700000029200000000,1,9.733333333333334,2.4333333333333336,7.433333333333334,0.3333333333333333,0.08333333333333333,0.08333333333333333
29.3,1700000029.3,1700000029300000000,1,9.766666666666667,2.441666666666667,7.441666666666666,0.3333333333333333,0.08333333333333333,0.08333333333333333
29.400000000000002,1700000029.4,1700000029400000000,1,9.8,2.45,7.45,0.3333333333333333,0.08333333333333333,0.08333333333333333
29.5,1700000029.5,1700000029500000000,1,9.833333333333332,2.458333333333333,7.458333333333333,0.3333333333333333,0.08333333333333333,0.08333333333333333
29.6,1700000029.6,1700000029600000000,1,9.866666666666667,2.466666666666667,7.466666666666667,0.3333333333333333,0.08333333333333333,0.08333333333333333
29.700000000000003,1700000029.7,1700000029700000000,1,9.9,2.475,7.475,0.3333333333333333,0.08333333333333333,0.08333333333333333
29.8,1700000029.8,1700000029800000000,1,9.933333333333334,2.4833333333333334,7.483333333333333,0.3333333333333333,0.08333333333333333,0.08333333333333333
29.900000000000002,1700000029.9,1700000029900000000,1,9.966666666666667,2.4916666666666667,7.491666666666667,0.3333333333333333,0.08333333333333333,0.08333333333333333
30.0,1700000030.0,1700000030000000000,1,10.0,2.5,7.5,0.3333333333333333,0.08333333333333333,0.08333333333333333
30.1,1700000030.1,1700000030100000000,1,10.033333333333335,2.5083333333333337,7.508333333333334,0.3333333333333333,0.08333333333333333,0.08333333333333333
30.200000000000003,1700000030.2,1700000030200000000,1,10.066666666666668,2.516666666666667,7.5166666666666675,0.3333333333333333,0.08333333333333333,0.08333333333333333
30.3,1700000030.3,1700000030300000000,1,10.1,2.525,7.525,0.3333333333333333,0.08333333333333333,0.08333333333333333
30.400000000000002,1700000030.4,1700000030400000000,1,10.133333333333335,2.5333333333333337,7.533333333333333,0.3333333333333333,0.08333333333333333,0.08333333333333333
30.5,1700000030.5,1700000030500000000,1,10.166666666666666,2.5416666666666665,7.541666666666666,0.3333333333333333,0.08333333333333333,0.08333333333333333
30.6,1700000030.6,1700000030600000000,1,10.2,2.55,7.55,0.3333333333333333,0.08333333333333333,0.08333333333333333
30.700000000000003,1700000030.7,1700000030700000000,1,10.233333333333334,2.5583333333333336,7.558333333333334,0.3333333333333333,0.08333333333333333,0.08333333333333333
30.8,1700000030.8,1700000030800000000,1,10.266666666666666,2.5666666666666664,7.566666666666666,0.3333333333333333,0.08333333333333333,0.08333333333333333
30.900000000000002,1700000030.9,1700000030900000000,1,10.3,2.575,7.575,0.3333333333333333,0.08333333333333333,0.08333333333333333
31.0,1700000031.0,1700000031000000000,1,10.333333333333334,2.5833333333333335,7.583333333333334,0.3333333333333333,0.08333333333333333,0.08333333333333333
31.1,1700000031.1,1700000031100000000,1,10.366666666666667,2.591666666666667,7.591666666666667,0.3333333333333333,0.08333333333333333,0.08333333333333333
31.200000000000003,1700000031.2,1700000031200000000,1,10.4,2.6,7.6,0.3333333333333333,0.08333333333333333,0.08333333333333333
31.3,1700000031.3,1700000031300000000,1,10.433333333333334,2.6083333333333334,7.608333333333333,0.3333333333333333,0.08333333333333333,0.08333333333333333
31.400000000000002,1700000031.4,1700000031400000000,1,10.466666666666667,2.6166666666666667,7.616666666666667,0.3333333333333333,0.08333333333333333,0.08333333333333333
31.5,1700000031.5,1700000031500000000,1,10.5,2.625,7.625,0.3333333333333333,0.08333333333333333,0.08333333333333333
31.6,1700000031.6,1700000031600000000,1,10.533333333333335,2.6333333333333337,7.633333333333334,0.3333333333333333,0.08333333333333333,0.08333333333333333
31.700000000000003,1700000031.7,1700000031700000000,1,10.566666666666668,2.641666666666667,7.6416666666666675,0.3333333333333333,0.08333333333333333,0.08333333333333333
31.8,1700000031.8,1700000031800000000,1,10.600000000000001,2.6500000000000004,7.65,0.3333333333333333,0.08333333333333333,0.08333333333333333
31.900000000000002,1700000031.9,1700000031900000000,1,10.633333333333335,2.6583333333333337,7.658333333333333,0.3333333333333333,0.08333333333333333,0.08333333333333333
32.0,1700000032.0,1700000032000000000,1,10.666666666666666,2.6666666666666665,7.666666666666666,0.3333333333333333,0.08333333333333333,0.08333333333333333
32.1,1700000032.1,1700000032100000000,1,10.700000000000001,2.6750000000000003,7.675000000000001,0.3333333333333333,0.08333333333333333,0.08333333333333333
32.2,1700000032.2,1700000032200000000,1,10.733333333333334,2.6833333333333336,7.683333333333334,0.3333333333333333,0.08333333333333333,0.08333333333333333
32.300000000000004,1700000032.3,1700000032300000000,1,10.76666666666667,2.6916666666666673,7.691666666666667,0.3333333333333333,0.08333333333333333,0.08333333333333333
32.4,1700000032.4,1700000032400000000,1,10.799999999999999,2.6999999999999997,7.699999999999999,0.3333333333333333,0.08333333333333333,0.08333333333333333
32.5,1700000032.5,1700000032500000000,1,10.833333333333332,2.708333333333333,7.708333333333333,0.3333333333333333,0.08333333333333333,0.08333333333333333
32.6,1700000032.6,1700000032600000000,1,10.866666666666667,2.716666666666667,7.716666666666667,0.3333333333333333,0.08333333333333333,0.08333333333333333
32.7,1700000032.7,1700000032700000000,1,10.9,2.725,7.725,0.3333333333333333,0.08333333333333333,0.08333333333333333
32.800000000000004,1700000032.8,1700000032800000000,1,10.933333333333335,2.733333333333334,7.733333333333334,0.3333333333333333,0.08333333333333333,0.08333333333333333
32.9,1700000032.9,1700000032900000000,1,10.966666666666667,2.7416666666666667,7.741666666666667,0.3333333333333333,0.08333333333333333,0.08333333333333333
33.0,1700000033.0,1700000033000000000,1,11.0,2.75,7.75,0.3333333333333333,0.08333333333333333,0.08333333333333333
33.1,1700000033.1,1700000033100000000,1,11.033333333333333,2.7583333333333333,7.758333333333333,0.3333333333333333,0.08333333333333333,0.08333333333333333
33.2,1700000033.2,1700000033200000000,1,11.066666666666666,2.7666666666666666,7.766666666666667,0.3333333333333333,0.08333333333333333,0.08333333333333333
33.300000000000004,1700000033.3,1700000033300000000,1,11.100000000000001,2.7750000000000004,7.775,0.3333333333333333,0.08333333333333333,0.08333333333333333
33.4,1700000033.4,1700000033400000000,1,11.133333333333333,2.783333333333333,7.783333333333333,0.3333333333333333,0.08333333333333333,0.08333333333333333
33.5,1700000033.5,1700000033500000000,1,11.166666666666668,2.791666666666667,7.791666666666667,0.3333333333333333,0.08333333333333333,0.08333333333333333
33.6,1700000033.6,1700000033600000000,1,11.200000000000001,2.8000000000000003,7.800000000000001,0.3333333333333333,0.08333333333333333,0.08333333333333333
33.7,1700000033.7,1700000033700000000,1,11.233333333333334,2.8083333333333336,7.808333333333334,0.3333333333333333,0.08333333333333333,0.08333333333333333
33.800000000000004,1700000033.8,1700000033800000000,1,11.266666666666667,2.816666666666667,7.816666666666666,0.3333333333333333,0.08333333333333333,0.08333333333333333
33.9,1700000033.9,1700000033900000000,1,11.299999999999999,2.8249999999999997,7.824999999999999,0.3333333333333333,0.08333333333333333,0.08333333333333333
34.0,1700000034.0,1700000034000000000,1,11.333333333333332,2.833333333333333,7.833333333333333,0.3333333333333333,0.08333333333333333,0.08333333333333333
34.1,1700000034.1,1700000034100000000,1,11.366666666666667,2.841666666666667,7.841666666666667,0.3333333333333333,0.08333333333333333,0.08333333333333333
34.2,1700000034.2,1700000034200000000,1,11.400000000000002,2.8500000000000005,7.8500000000000005,0.3333333333333333,0.08333333333333333,0.08333333333333333
34.300000000000004,1700000034.3,1700000034300000000,1,11.433333333333335,2.858333333333334,7.858333333333334,0.3333333333333333,0.08333333333333333,0.08333333333333333
34.4,1700000034.4,1700000034400000000,1,11.466666666666667,2.8666666666666667,7.866666666666667,0.3333333333333333,0.08333333333333333,0.08333333333333333
34.5,1700000034.5,1700000034500000000,1,11.5,2.875,7.875,0.3333333333333333,0.08333333333333333,0.08333333333333333
34.6,1700000034.6,1700000034600000000,1,11.533333333333333,2.8833333333333333,7.883333333333333,0.3333333333333333,0.08333333333333333,0.08333333333333333
34.7,1700000034.7,1700000034700000000,1,11.566666666666666,2.8916666666666666,7.891666666666667,0.3333333333333333,0.08333333333333333,0.08333333333333333
34.800000000000004,1700000034.8,1700000034800000000,1,11.600000000000001,2.9000000000000004,7.9,0.3333333333333333,0.08333333333333333,0.08333333333333333
34.9,1700000034.9,1700000034900000000,1,11.633333333333333,2.908333333333333,7.908333333333333,0.3333333333333333,0.08333333333333333,0.08333333333333333
35.0,1700000035.0,1700000035000000000,1,11.666666666666668,2.916666666666667,7.916666666666667,0.3333333333333333,0.08333333333333333,0.08333333333333333
35.1,1700000035.1,1700000035100000000,1,11.700000000000001,2.9250000000000003,7.925000000000001,0.3333333333333333,0.08333333333333333,0.08333333333333333
35.2,1700000035.2,1700000035200000000,1,11.733333333333334,2.9333333333333336,7.933333333333334,0.3333333333333333,0.08333333333333333,0.08333333333333333
35.300000000000004,1700000035.3,1700000035300000000,1,11.766666666666667,2.941666666666667,7.941666666666666,0.3333333333333333,0.08333333333333333,0.08333333333333333
35.4,1700000035.4,1700000035400000000,1,11.799999999999999,2.9499999999999997,7.949999999999999,0.3333333333333333,0.08333333333333333,0.08333333333333333
35.5,1700000035.5,1700000035500000000,1,11.833333333333334,2.9583333333333335,7.958333333333334,0.3333333333333333,0.08333333333333333,0.08333333333333333
35.6,1700000035.6,1700000035600000000,1,11.866666666666667,2.966666666666667,7.966666666666667,0.3333333333333333,0.08333333333333333,0.08333333333333333
35.7,1700000035.7,1700000035700000000,1,11.900000000000002,2.9750000000000005,7.9750000000000005,0.3333333333333333,0.08333333333333333,0.08333333333333333
35.800000000000004,1700000035.8,1700000035800000000,1,11.933333333333335,2.983333333333334,7.983333333333334,0.3333333333333333,0.08333333333333333,0.08333333333333333
35.9,1700000035.9,1700000035900000000,1,11.966666666666665,2.9916666666666663,7.991666666666666,0.3333333333333333,0.08333333333333333,0.08333333333333333
36.0,1700000036.0,1700000036000000000,1,12.0,3.0,8.0,0.3333333333333333,0.08333333333333333,0.08333333333333333
36.1,1700000036.1,1700000036100000000,1,12.033333333333333,3.0083333333333333,8.008333333333333,0.3333333333333333,0.08333333333333333,0.08333333333333333
36.2,1700000036.2,1700000036200000000,1,12.066666666666668,3.016666666666667,8.016666666666667,0.3333333333333333,0.08333333333333333,0.08333333333333333
36.300000000000004,1700000036.3,1700000036300000000,1,12.100000000000001,3.0250000000000004,8.025,0.3333333333333333,0.08333333333333333,0.08333333333333333
36.4,1700000036.4,1700000036400000000,1,12.133333333333333,3.033333333333333,8.033333333333333,0.3333333333333333,0.08333333333333333,0.08333333333333333
36.5,1700000036.5,1700000036500000000,1,12.166666666666666,3.0416666666666665,8.041666666666666,0.3333333333333333,0.08333333333333333,0.08333333333333333
36.6,1700000036.6,1700000036600000000,1,12.2,3.05,8.05,0.3333333333333333,0.08333333333333333,0.08333333333333333
36.7,1700000036.7,1700000036700000000,1,12.233333333333334,3.0583333333333336,8.058333333333334,0.3333333333333333,0.08333333333333333,0.08333333333333333
36.800000000000004,1700000036.8,1700000036800000000,1,12.266666666666667,3.066666666666667,8.066666666666666,0.3333333333333333,0.08333333333333333,0.08333333333333333
36.9,1700000036.9,1700000036900000000,1,12.3,3.075,8.075,0.3333333333333333,0.08333333333333333,0.08333333333333333
37.0,1700000037.0,1700000037000000000,1,12.333333333333334,3.0833333333333335,8.083333333333334,0.3333333333333333,0.08333333333333333,0.08333333333333333
37.1,1700000037.1,1700000037100000000,1,12.366666666666667,3.091666666666667,8.091666666666667,0.3333333333333333,0.08333333333333333,0.08333333333333333
37.2,1700000037.2,1700000037200000000,1,12.4,3.1,8.1,0.3333333333333333,0.08333333333333333,0.08333333333333333
37.300000000000004,1700000037.3,1700000037300000000,1,12.433333333333334,3.1083333333333334,8.108333333333334,0.3333333333333333,0.08333333333333333,0.08333333333333333
37.4,1700000037.4,1700000037400000000,1,12.466666666666665,3.1166666666666663,8.116666666666667,0.3333333333333333,0.08333333333333333,0.08333333333333333
37.5,1700000037.5,1700000037500000000,1,12.5,3.125,8.125,0.3333333333333333,0.08333333333333333,0.08333333333333333
37.6,1700000037.6,1700000037600000000,1,12.533333333333335,3.1333333333333337,8.133333333333333,0.3333333333333333,0.08333333333333333,0.08333333333333333
37.7,1700000037.7,1700000037700000000,1,12.566666666666668,3.141666666666667,8.141666666666667,0.3333333333333333,0.08333333333333333,0.08333333333333333
37.800000000000004,1700000037.8,1700000037800000000,1,12.600000000000001,3.1500000000000004,8.15,0.3333333333333333,0.08333333333333333,0.08333333333333333
37.9,1700000037.9,1700000037900000000,1,12.633333333333333,3.158333333333333,8.158333333333333,0.3333333333333333,0.08333333333333333,0.08333333333333333
38.0,1700000038.0,1700000038000000000,1,12.666666666666666,3.1666666666666665,8.166666666666666,0.3333333333333333,0.08333333333333333,0.08333333333333333
38.1,1700000038.1,1700000038100000000,1,12.7,3.175,8.175,0.3333333333333333,0.08333333333333333,0.08333333333333333
38.2,1700000038.2,1700000038200000000,1,12.733333333333334,3.1833333333333336,8.183333333333334,0.3333333333333333,0.08333333333333333,0.08333333333333333
38.300000000000004,1700000038.3,1700000038300000000,1,12.76666666666667,3.1916666666666673,8.191666666666666,0.3333333333333333,0.08333333333333333,0.08333333333333333
38.400000000000006,1700000038.4,1700000038400000000,1,12.800000000000002,3.2000000000000006,8.200000000000001,0.3333333333333333,0.08333333333333333,0.08333333333333333
38.5,1700000038.5,1700000038500000000,1,12.833333333333334,3.2083333333333335,8.208333333333334,0.3333333333333333,0.08333333333333333,0.08333333333333333
38.6,1700000038.6,1700000038600000000,1,12.866666666666667,3.216666666666667,8.216666666666667,0.3333333333333333,0.08333333333333333,0.08333333333333333
38.7,1700000038.7,1700000038700000000,1,12.9,3.225,8.225,0.3333333333333333,0.08333333333333333,0.08333333333333333
38.800000000000004,1700000038.8,1700000038800000000,1,12.933333333333334,3.2333333333333334,8.233333333333334,0.3333333333333333,0.08333333333333333,0.08333333333333333
38.900000000000006,1700000038.9,1700000038900000000,1,12.966666666666669,3.241666666666667,8.241666666666667,0.3333333333333333,0.08333333333333333,0.08333333333333333
39.0,1700000039.0,1700000039000000000,1,13.0,3.25,8.25,0.3333333333333333,0.08333333333333333,0.08333333333333333
39.1,1700000039.1,1700000039100000000,1,13.033333333333335,3.2583333333333337,8.258333333333333,0.3333333333333333,0.08333333333333333,0.08333333333333333
39.2,1700000039.2,1700000039200000000,1,13.066666666666668,3.266666666666667,8.266666666666667,0.3333333333333333,0.08333333333333333,0.08333333333333333
39.300000000000004,1700000039.3,1700000039300000000,1,13.100000000000001,3.2750000000000004,8.275,0.3333333333333333,0.08333333333333333,0.08333333333333333
39.400000000000006,1700000039.4,1700000039400000000,1,13.133333333333335,3.2833333333333337,8.283333333333333,0.3333333333333333,0.08333333333333333,0.08333333333333333
39.5,1700000039.5,1700000039500000000,1,13.166666666666666,3.2916666666666665,8.291666666666666,0.3333333333333333,0.08333333333333333,0.08333333333333333
39.6,1700000039.6,1700000039600000000,1,13.200000000000001,3.3000000000000003,8.3,0.3333333333333333,0.08333333333333333,0.08333333333333333
39.7,1700000039.7,1700000039700000000,1,13.233333333333334,3.3083333333333336,8.308333333333334,0.3333333333333333,0.08333333333333333,0.08333333333333333
39.800000000000004,1700000039.8,1700000039800000000,1,13.26666666666667,3.3166666666666673,8.316666666666666,0.3333333333333333,0.08333333333333333,0.08333333333333333
39.900000000000006,1700000039.9,1700000039900000000,1,13.300000000000002,3.3250000000000006,8.325000000000001,0.3333333333333333,0.08333333333333333,0.08333333333333333
40.0,1700000040.0,1700000040000000000,1,13.333333333333332,3.333333333333333,8.333333333333332,0.3333333333333333,0.08333333333333333,0.08333333333333333
40.1,1700000040.1,1700000040100000000,1,13.366666666666667,3.341666666666667,8.341666666666667,0.3333333333333333,0.08333333333333333,0.08333333333333333
40.2,1700000040.2,1700000040200000000,1,13.4,3.35,8.35,0.3333333333333333,0.08333333333333333,0.08333333333333333
40.300000000000004,1700000040.3,1700000040300000000,1,13.433333333333335,3.358333333333334,8.358333333333334,0.3333333333333333,0.08333333333333333,0.08333333333333333
40.400000000000006,1700000040.4,1700000040400000000,1,13.466666666666669,3.366666666666667,8.366666666666667,0.3333333333333333,0.08333333333333333,0.08333333333333333
40.5,1700000040.5,1700000040500000000,1,13.5,3.375,8.375,0.3333333333333333,0.08333333333333333,0.08333333333333333
40.6,1700000040.6,1700000040600000000,1,13.533333333333333,3.3833333333333333,8.383333333333333,0.3333333333333333,0.08333333333333333,0.08333333333333333
40.7,1700000040.7,1700000040700000000,1,13.566666666666666,3.3916666666666666,8.391666666666666,0.3333333333333333,0.08333333333333333,0.08333333333333333
40.800000000000004,1700000040.8,1700000040800000000,1,13.600000000000001,3.4000000000000004,8.4,0.3333333333333333,0.08333333333333333,0.08333333333333333
40.900000000000006,1700000040.9,1700000040900000000,1,13.633333333333335,3.4083333333333337,8.408333333333333,0.3333333333333333,0.08333333333333333,0.08333333333333333
41.0,1700000041.0,1700000041000000000,1,13.666666666666668,3.416666666666667,8.416666666666668,0.3333333333333333,0.08333333333333333,0.08333333333333333
41.1,1700000041.1,1700000041100000000,1,13.700000000000001,3.4250000000000003,8.425,0.3333333333333333,0.08333333333333333,0.08333333333333333
41.2,1700000041.2,1700000041200000000,1,13.733333333333334,3.4333333333333336,8.433333333333334,0.3333333333333333,0.08333333333333333,0.08333333333333333
41.300000000000004,1700000041.3,1700000041300000000,1,13.766666666666667,3.441666666666667,8.441666666666666,0.3333333333333333,0.08333333333333333,0.08333333333333333
41.400000000000006,1700000041.4,1700000041400000000,1,13.8,3.45,8.45,0.3333333333333333,0.08333333333333333,0.08333333333333333
41.5,1700000041.5,1700000041500000000,1,13.833333333333332,3.458333333333333,8.458333333333332,0.3333333333333333,0.08333333333333333,0.08333333333333333
41.6,1700000041.6,1700000041600000000,1,13.866666666666667,3.466666666666667,8.466666666666667,0.3333333333333333,0.08333333333333333,0.08333333333333333
41.7,1700000041.7,1700000041700000000,1,13.900000000000002,3.4750000000000005,8.475000000000001,0.3333333333333333,0.08333333333333333,0.08333333333333333
41.800000000000004,1700000041.8,1700000041800000000,1,13.933333333333335,3.483333333333334,8.483333333333334,0.3333333333333333,0.08333333333333333,0.08333333333333333
41.900000000000006,1700000041.9,1700000041900000000,1,13.966666666666669,3.491666666666667,8.491666666666667,0.3333333333333333,0.08333333333333333,0.08333333333333333
42.0,1700000042.0,1700000042000000000,1,14.0,3.5,8.5,0.3333333333333333,0.08333333333333333,0.08333333333333333
42.1,1700000042.1,1700000042100000000,1,14.033333333333333,3.5083333333333333,8.508333333333333,0.3333333333333333,0.08333333333333333,0.08333333333333333
42.2,1700000042.2,1700000042200000000,1,14.066666666666666,3.5166666666666666,8.516666666666666,0.3333333333333333,0.08333333333333333,0.08333333333333333
42.300000000000004,1700000042.3,1700000042300000000,1,14.100000000000001,3.5250000000000004,8.525,0.3333333333333333,0.08333333333333333,0.08333333333333333
42.400000000000006,1700000042.4,1700000042400000000,1,14.133333333333336,3.533333333333334,8.533333333333335,0.3333333333333333,0.08333333333333333,0.08333333333333333
42.5,1700000042.5,1700000042500000000,1,14.166666666666668,3.541666666666667,8.541666666666668,0.3333333333333333,0.08333333333333333,0.08333333333333333
42.6,1700000042.6,1700000042600000000,1,14.200000000000001,3.5500000000000003,8.55,0.3333333333333333,0.08333333333333333,0.08333333333333333
42.7,1700000042.7,1700000042700000000,1,14.233333333333334,3.5583333333333336,8.558333333333334,0.3333333333333333,0.08333333333333333,0.08333333333333333
42.800000000000004,1700000042.8,1700000042800000000,1,14.266666666666667,3.566666666666667,8.566666666666666,0.3333333333333333,0.08333333333333333,0.08333333333333333
42.900000000000006,1700000042.9,1700000042900000000,1,14.3,3.575,8.575,0.3333333333333333,0.08333333333333333,0.08333333333333333
43.0,1700000043.0,1700000043000000000,1,14.333333333333334,3.5833333333333335,8.583333333333334,0.3333333333333333,0.08333333333333333,0.08333333333333333
43.1,1700000043.1,1700000043100000000,1,14.366666666666667,3.591666666666667,8.591666666666667,0.3333333333333333,0.08333333333333333,0.08333333333333333
43.2,1700000043.2,1700000043200000000,1,14.400000000000002,3.6000000000000005,8.600000000000001,0.3333333333333333,0.08333333333333333,0.08333333333333333
43.300000000000004,1700000043.3,1700000043300000000,1,14.433333333333335,3.608333333333334,8.608333333333334,0.3333333333333333,0.08333333333333333,0.08333333333333333
43.400000000000006,1700000043.4,1700000043400000000,1,14.466666666666669,3.616666666666667,8.616666666666667,0.3333333333333333,0.08333333333333333,0.08333333333333333
43.5,1700000043.5,1700000043500000000,1,14.5,3.625,8.625,0.3333333333333333,0.08333333333333333,0.08333333333333333
43.6,1700000043.6,1700000043600000000,1,14.533333333333333,3.6333333333333333,8.633333333333333,0.3333333333333333,0.08333333333333333,0.08333333333333333
43.7,1700000043.7,1700000043700000000,1,14.566666666666668,3.641666666666667,8.641666666666667,0.3333333333333333,0.08333333333333333,0.08333333333333333
43.800000000000004,1700000043.8,1700000043800000000,1,14.600000000000001,3.6500000000000004,8.65,0.3333333333333333,0.08333333333333333,0.08333333333333333
43.900000000000006,1700000043.9,1700000043900000000,1,14.633333333333336,3.658333333333334,8.658333333333335,0.3333333333333333,0.08333333333333333,0.08333333333333333
44.0,1700000044.0,1700000044000000000,1,14.666666666666666,3.6666666666666665,8.666666666666666,0.3333333333333333,0.08333333333333333,0.08333333333333333
44.1,1700000044.1,1700000044100000000,1,14.7,3.675,8.675,0.3333333333333333,0.08333333333333333,0.08333333333333333
44.2,1700000044.2,1700000044200000000,1,14.733333333333334,3.6833333333333336,8.683333333333334,0.3333333333333333,0.08333333333333333,0.08333333333333333
44.300000000000004,1700000044.3,1700000044300000000,1,14.766666666666667,3.691666666666667,8.691666666666666,0.3333333333333333,0.08333333333333333,0.08333333333333333
44.400000000000006,1700000044.4,1700000044400000000,1,14.800000000000002,3.7000000000000006,8.700000000000001,0.3333333333333333,0.08333333333333333,0.08333333333333333
44.5,1700000044.5,1700000044500000000,1,14.833333333333334,3.7083333333333335,8.708333333333334,0.3333333333333333,0.08333333333333333,0.08333333333333333
44.6,1700000044.6,1700000044600000000,1,14.866666666666667,3.716666666666667,8.716666666666667,0.3333333333333333,0.08333333333333333,0.08333333333333333
44.7,1700000044.7,1700000044700000000,1,14.9,3.725,8.725,0.3333333333333333,0.08333333333333333,0.08333333333333333
44.800000000000004,1700000044.8,1700000044800000000,1,14.933333333333334,3.7333333333333334,8.733333333333334,0.3333333333333333,0.08333333333333333,0.08333333333333333
44.900000000000006,1700000044.9,1700000044900000000,1,14.966666666666669,3.741666666666667,8.741666666666667,0.3333333333333333,0.08333333333333333,0.08333333333333333
45.0,1700000045.0,1700000045000000000,1,15.0,3.75,8.75,0.3333333333333333,0.08333333333333333,0.08333333333333333
45.1,1700000045.1,1700000045100000000,1,15.033333333333335,3.7583333333333337,8.758333333333333,0.3333333333333333,0.08333333333333333,0.08333333333333333
45.2,1700000045.2,1700000045200000000,1,15.066666666666668,3.766666666666667,8.766666666666667,0.3333333333333333,0.08333333333333333,0.08333333333333333
45.300000000000004,1700000045.3,1700000045300000000,1,15.100000000000001,3.7750000000000004,8.775,0.3333333333333333,0.08333333333333333,0.08333333333333333
45.400000000000006,1700000045.4,1700000045400000000,1,15.133333333333335,3.7833333333333337,8.783333333333333,0.3333333333333333,0.08333333333333333,0.08333333333333333
45.5,1700000045.5,1700000045500000000,1,15.166666666666666,3.7916666666666665,8.791666666666666,0.3333333333333333,0.08333333333333333,0.08333333333333333
45.6,1700000045.6,1700000045600000000,1,15.2,3.8,8.8,0.3333333333333333,0.08333333333333333,0.08333333333333333
45.7,1700000045.7,1700000045700000000,1,15.233333333333334,3.8083333333333336,8.808333333333334,0.3333333333333333,0.08333333333333333,0.08333333333333333
45.800000000000004,1700000045.8,1700000045800000000,1,15.26666666666667,3.8166666666666673,8.816666666666666,0.3333333333333333,0.08333333333333333,0.08333333333333333
45.900000000000006,1700000045.9,1700000045900000000,1,15.300000000000002,3.8250000000000006,8.825000000000001,0.3333333333333333,0.08333333333333333,0.08333333333333333
46.0,1700000046.0,1700000046000000000,1,15.333333333333334,3.8333333333333335,8.833333333333334,0.3333333333333333,0.08333333333333333,0.08333333333333333
46.1,1700000046.1,1700000046100000000,1,15.366666666666667,3.841666666666667,8.841666666666667,0.3333333333333333,0.08333333333333333,0.08333333333333333
46.2,1700000046.2,1700000046200000000,1,15.4,3.85,8.85,0.3333333333333333,0.08333333333333333,0.08333333333333333
46.300000000000004,1700000046.3,1700000046300000000,1,15.433333333333334,3.8583333333333334,8.858333333333334,0.3333333333333333,0.08333333333333333,0.08333333333333333
46.400000000000006,1700000046.4,1700000046400000000,1,15.466666666666669,3.866666666666667,8.866666666666667,0.3333333333333333,0.08333333333333333,0.08333333333333333
46.5,1700000046.5,1700000046500000000,1,15.5,3.875,8.875,0.3333333333333333,0.08333333333333333,0.08333333333333333
46.6,1700000046.6,1700000046600000000,1,15.533333333333335,3.8833333333333337,8.883333333333333,0.3333333333333333,0.08333333333333333,0.08333333333333333
46.7,1700000046.7,1700000046700000000,1,15.566666666666668,3.891666666666667,8.891666666666667,0.3333333333333333,0.08333333333333333,0.08333333333333333
46.800000000000004,1700000046.8,1700000046800000000,1,15.600000000000001,3.9000000000000004,8.9,0.3333333333333333,0.08333333333333333,0.08333333333333333
46.900000000000006,1700000046.9,1700000046900000000,1,15.633333333333335,3.9083333333333337,8.908333333333333,0.3333333333333333,0.08333333333333333,0.08333333333333333
47.0,1700000047.0,1700000047000000000,1,15.666666666666666,3.9166666666666665,8.916666666666666,0.3333333333333333,0.08333333333333333,0.08333333333333333
47.1,1700000047.1,1700000047100000000,1,15.700000000000001,3.9250000000000003,8.925,0.3333333333333333,0.08333333333333333,0.08333333333333333
47.2,1700000047.2,1700000047200000000,1,15.733333333333334,3.9333333333333336,8.933333333333334,0.3333333333333333,0.08333333333333333,0.08333333333333333
47.300000000000004,1700000047.3,1700000047300000000,1,15.76666666666667,3.9416666666666673,8.941666666666666,0.3333333333333333,0.08333333333333333,0.08333333333333333
47.400000000000006,1700000047.4,1700000047400000000,1,15.800000000000002,3.9500000000000006,8.950000000000001,0.3333333333333333,0.08333333333333333,0.08333333333333333
47.5,1700000047.5,1700000047500000000,1,15.833333333333332,3.958333333333333,8.958333333333332,0.3333333333333333,0.08333333333333333,0.08333333333333333
47.6,1700000047.6,1700000047600000000,1,15.866666666666667,3.966666666666667,8.966666666666667,0.3333333333333333,0.08333333333333333,0.08333333333333333
47.7,1700000047.7,1700000047700000000,1,15.9,3.975,8.975,0.3333333333333333,0.08333333333333333,0.08333333333333333
47.800000000000004,1700000047.8,1700000047800000000,1,15.933333333333335,3.983333333333334,8.983333333333334,0.3333333333333333,0.08333333333333333,0.08333333333333333
47.900000000000006,1700000047.9,1700000047900000000,1,15.966666666666669,3.991666666666667,8.991666666666667,0.3333333333333333,0.08333333333333333,0.08333333333333333
48.0,1700000048.0,1700000048000000000,1,16.0,4.0,9.0,0.3333333333333333,0.08333333333333333,0.08333333333333333
48.1,1700000048.1,1700000048100000000,1,16.03333333333333,4.008333333333333,9.008333333333333,0.3333333333333333,0.08333333333333333,0.08333333333333333
48.2,1700000048.2,1700000048200000000,1,16.066666666666666,4.016666666666667,9.016666666666666,0.3333333333333333,0.08333333333333333,0.08333333333333333
48.300000000000004,1700000048.3,1700000048300000000,1,16.1,4.025,9.025,0.3333333333333333,0.08333333333333333,0.08333333333333333
48.400000000000006,1700000048.4,1700000048400000000,1,16.133333333333336,4.033333333333334,9.033333333333335,0.3333333333333333,0.08333333333333333,0.08333333333333333
48.5,1700000048.5,1700000048500000000,1,16.166666666666668,4.041666666666667,9.041666666666668,0.3333333333333333,0.08333333333333333,0.08333333333333333
48.6,1700000048.6,1700000048600000000,1,16.200000000000003,4.050000000000001,9.05,0.3333333333333333,0.08333333333333333,0.08333333333333333
48.7,1700000048.7,1700000048700000000,1,16.233333333333334,4.058333333333334,9.058333333333334,0.3333333333333333,0.08333333333333333,0.08333333333333333
48.800000000000004,1700000048.8,1700000048800000000,1,16.266666666666666,4.066666666666666,9.066666666666666,0.3333333333333333,0.08333333333333333,0.08333333333333333
48.900000000000006,1700000048.9,1700000048900000000,1,16.3,4.075,9.075,0.3333333333333333,0.08333333333333333,0.08333333333333333
49.0,1700000049.0,1700000049000000000,1,16.333333333333332,4.083333333333333,9.083333333333332,0.3333333333333333,0.08333333333333333,0.08333333333333333
49.1,1700000049.1,1700000049100000000,1,16.366666666666667,4.091666666666667,9.091666666666667,0.3333333333333333,0.08333333333333333,0.08333333333333333
49.2,1700000049.2,1700000049200000000,1,16.400000000000002,4.1000000000000005,9.100000000000001,0.3333333333333333,0.08333333333333333,0.08333333333333333
49.300000000000004,1700000049.3,1700000049300000000,1,16.433333333333337,4.108333333333334,9.108333333333334,0.3333333333333333,0.08333333333333333,0.08333333333333333
49.400000000000006,1700000049.4,1700000049400000000,1,16.46666666666667,4.116666666666667,9.116666666666667,0.3333333333333333,0.08333333333333333,0.08333333333333333
49.5,1700000049.5,1700000049500000000,1,16.5,4.125,9.125,0.3333333333333333,0.08333333333333333,0.08333333333333333
49.6,1700000049.6,1700000049600000000,1,16.53333333333333,4.133333333333333,9.133333333333333,0.3333333333333333,0.08333333333333333,0.08333333333333333
49.7,1700000049.7,1700000049700000000,1,16.566666666666666,4.141666666666667,9.141666666666666,0.3333333333333333,0.08333333333333333,0.08333333333333333
49.800000000000004,1700000049.8,1700000049800000000,1,16.6,4.15,9.15,0.3333333333333333,0.08333333333333333,0.08333333333333333
49.900000000000006,1700000049.9,1700000049900000000,1,16.633333333333336,4.158333333333334,9.158333333333335,0.3333333333333333,0.08333333333333333,0.08333333333333333
50.0,1700000050.0,1700000050000000000,1,16.666666666666668,4.166666666666667,9.166666666666668,0.3333333333333333,0.08333333333333333,0.08333333333333333
50.1,1700000050.1,1700000050100000000,1,16.700000000000003,4.175000000000001,9.175,0.3333333333333333,0.08333333333333333,0.08333333333333333
50.2,1700000050.2,1700000050200000000,1,16.733333333333334,4.183333333333334,9.183333333333334,0.3333333333333333,0.08333333333333333,0.08333333333333333
50.300000000000004,1700000050.3,1700000050300000000,1,16.766666666666666,4.191666666666666,9.191666666666666,0.3333333333333333,0.08333333333333333,0.08333333333333333
50.400000000000006,1700000050.4,1700000050400000000,1,16.8,4.2,9.2,0.3333333333333333,0.08333333333333333,0.08333333333333333
50.5,1700000050.5,1700000050500000000,1,16.833333333333332,4.208333333333333,9.208333333333332,0.3333333333333333,0.08333333333333333,0.08333333333333333
50.6,1700000050.6,1700000050600000000,1,16.866666666666667,4.216666666666667,9.216666666666667,0.3333333333333333,0.08333333333333333,0.08333333333333333
50.7,1700000050.7,1700000050700000000,1,16.900000000000002,4.2250000000000005,9.225000000000001,0.3333333333333333,0.08333333333333333,0.08333333333333333
50.800000000000004,1700000050.8,1700000050800000000,1,16.933333333333337,4.233333333333334,9.233333333333334,0.3333333333333333,0.08333333333333333,0.08333333333333333
50.900000000000006,1700000050.9,1700000050900000000,1,16.96666666666667,4.241666666666667,9.241666666666667,0.3333333333333333,0.08333333333333333,0.08333333333333333
51.0,1700000051.0,1700000051000000000,1,17.0,4.25,9.25,0.3333333333333333,0.08333333333333333,0.08333333333333333
51.1,1700000051.1,1700000051100000000,1,17.033333333333335,4.258333333333334,9.258333333333333,0.3333333333333333,0.08333333333333333,0.08333333333333333
51.2,1700000051.2,1700000051200000000,1,17.066666666666666,4.266666666666667,9.266666666666666,0.3333333333333333,0.08333333333333333,0.08333333333333333
51.300000000000004,1700000051.3,1700000051300000000,1,17.1,4.275,9.275,0.3333333333333333,0.08333333333333333,0.08333333333333333
51.400000000000006,1700000051.4,1700000051400000000,1,17.133333333333336,4.283333333333334,9.283333333333335,0.3333333333333333,0.08333333333333333,0.08333333333333333
51.5,1700000051.5,1700000051500000000,1,17.166666666666664,4.291666666666666,9.291666666666666,0.3333333333333333,0.08333333333333333,0.08333333333333333
51.6,1700000051.6,1700000051600000000,1,17.2,4.3,9.3,0.3333333333333333,0.08333333333333333,0.08333333333333333
51.7,1700000051.7,1700000051700000000,1,17.233333333333334,4.308333333333334,9.308333333333334,0.3333333333333333,0.08333333333333333,0.08333333333333333
51.800000000000004,1700000051.8,1700000051800000000,1,17.26666666666667,4.316666666666667,9.316666666666666,0.3333333333333333,0.08333333333333333,0.08333333333333333
51.900000000000006,1700000051.9,1700000051900000000,1,17.3,4.325,9.325,0.3333333333333333,0.08333333333333333,0.08333333333333333
52.0,1700000052.0,1700000052000000000,1,17.333333333333336,4.333333333333334,9.333333333333334,0.3333333333333333,0.08333333333333333,0.08333333333333333
52.1,1700000052.1,1700000052100000000,1,17.366666666666667,4.341666666666667,9.341666666666667,0.3333333333333333,0.08333333333333333,0.08333333333333333
52.2,1700000052.2,1700000052200000000,1,17.4,4.35,9.35,0.3333333333333333,0.08333333333333333,0.08333333333333333
52.300000000000004,1700000052.3,1700000052300000000,1,17.433333333333334,4.358333333333333,9.358333333333334,0.3333333333333333,0.08333333333333333,0.08333333333333333
52.400000000000006,1700000052.4,1700000052400000000,1,17.46666666666667,4.366666666666667,9.366666666666667,0.3333333333333333,0.08333333333333333,0.08333333333333333
52.5,1700000052.5,1700000052500000000,1,17.5,4.375,9.375,0.3333333333333333,0.08333333333333333,0.08333333333333333
52.6,1700000052.6,1700000052600000000,1,17.533333333333335,4.383333333333334,9.383333333333333,0.3333333333333333,0.08333333333333333,0.08333333333333333
52.7,1700000052.7,1700000052700000000,1,17.56666666666667,4.3916666666666675,9.391666666666667,0.3333333333333333,0.08333333333333333,0.08333333333333333
52.800000000000004,1700000052.8,1700000052800000000,1,17.6,4.4,9.4,0.3333333333333333,0.08333333333333333,0.08333333333333333
52.900000000000006,1700000052.9,1700000052900000000,1,17.633333333333333,4.408333333333333,9.408333333333333,0.3333333333333333,0.08333333333333333,0.08333333333333333
53.0,1700000053.0,1700000053000000000,1,17.666666666666664,4.416666666666666,9.416666666666666,0.3333333333333333,0.08333333333333333,0.08333333333333333
53.1,1700000053.1,1700000053100000000,1,17.7,4.425,9.425,0.3333333333333333,0.08333333333333333,0.08333333333333333
53.2,1700000053.2,1700000053200000000,1,17.733333333333334,4.433333333333334,9.433333333333334,0.3333333333333333,0.08333333333333333,0.08333333333333333
53.300000000000004,1700000053.3,1700000053300000000,1,17.76666666666667,4.441666666666667,9.441666666666666,0.3333333333333333,0.08333333333333333,0.08333333333333333
53.400000000000006,1700000053.4,1700000053400000000,1,17.800000000000004,4.450000000000001,9.450000000000001,0.3333333333333333,0.08333333333333333,0.08333333333333333
53.5,1700000053.5,1700000053500000000,1,17.833333333333336,4.458333333333334,9.458333333333334,0.3333333333333333,0.08333333333333333,0.08333333333333333
53.6,1700000053.6,1700000053600000000,1,17.866666666666667,4.466666666666667,9.466666666666667,0.3333333333333333,0.08333333333333333,0.08333333333333333
53.7,1700000053.7,1700000053700000000,1,17.9,4.475,9.475,0.3333333333333333,0.08333333333333333,0.08333333333333333
53.800000000000004,1700000053.8,1700000053800000000,1,17.933333333333334,4.483333333333333,9.483333333333334,0.3333333333333333,0.08333333333333333,0.08333333333333333
53.900000000000006,1700000053.9,1700000053900000000,1,17.96666666666667,4.491666666666667,9.491666666666667,0.3333333333333333,0.08333333333333333,0.08333333333333333
54.0,1700000054.0,1700000054000000000,1,18.0,4.5,9.5,0.3333333333333333,0.08333333333333333,0.08333333333333333
54.1,1700000054.1,1700000054100000000,1,18.033333333333335,4.508333333333334,9.508333333333333,0.3333333333333333,0.08333333333333333,0.08333333333333333
54.2,1700000054.2,1700000054200000000,1,18.06666666666667,4.5166666666666675,9.516666666666667,0.3333333333333333,0.08333333333333333,0.08333333333333333
54.300000000000004,1700000054.3,1700000054300000000,1,18.1,4.525,9.525,0.3333333333333333,0.08333333333333333,0.08333333333333333
54.400000000000006,1700000054.4,1700000054400000000,1,18.133333333333333,4.533333333333333,9.533333333333333,0.3333333333333333,0.08333333333333333,0.08333333333333333
54.5,1700000054.5,1700000054500000000,1,18.166666666666668,4.541666666666667,9.541666666666668,0.3333333333333333,0.08333333333333333,0.08333333333333333
54.6,1700000054.6,1700000054600000000,1,18.2,4.55,9.55,0.3333333333333333,0.08333333333333333,0.08333333333333333
54.7,1700000054.7,1700000054700000000,1,18.233333333333334,4.558333333333334,9.558333333333334,0.3333333333333333,0.08333333333333333,0.08333333333333333
54.800000000000004,1700000054.8,1700000054800000000,1,18.26666666666667,4.566666666666667,9.566666666666666,0.3333333333333333,0.08333333333333333,0.08333333333333333
54.900000000000006,1700000054.9,1700000054900000000,1,18.300000000000004,4.575000000000001,9.575000000000001,0.3333333333333333,0.08333333333333333,0.08333333333333333
55.0,1700000055.0,1700000055000000000,1,18.333333333333332,4.583333333333333,9.583333333333332,0.3333333333333333,0.08333333333333333,0.08333333333333333
55.1,1700000055.1,1700000055100000000,1,18.366666666666667,4.591666666666667,9.591666666666667,0.3333333333333333,0.08333333333333333,0.08333333333333333
55.2,1700000055.2,1700000055200000000,1,18.400000000000002,4.6000000000000005,9.600000000000001,0.3333333333333333,0.08333333333333333,0.08333333333333333
55.300000000000004,1700000055.3,1700000055300000000,1,18.433333333333334,4.608333333333333,9.608333333333334,0.3333333333333333,0.08333333333333333,0.08333333333333333
55.400000000000006,1700000055.4,1700000055400000000,1,18.46666666666667,4.616666666666667,9.616666666666667,0.3333333333333333,0.08333333333333333,0.08333333333333333
55.5,1700000055.5,1700000055500000000,1,18.5,4.625,9.625,0.3333333333333333,0.08333333333333333,0.08333333333333333
55.6,1700000055.6,1700000055600000000,1,18.53333333333333,4.633333333333333,9.633333333333333,0.3333333333333333,0.08333333333333333,0.08333333333333333
55.7,1700000055.7,1700000055700000000,1,18.566666666666666,4.641666666666667,9.641666666666666,0.3333333333333333,0.08333333333333333,0.08333333333333333
55.800000000000004,1700000055.8,1700000055800000000,1,18.6,4.65,9.65,0.3333333333333333,0.08333333333333333,0.08333333333333333
55.900000000000006,1700000055.9,1700000055900000000,1,18.633333333333336,4.658333333333334,9.658333333333335,0.3333333333333333,0.08333333333333333,0.08333333333333333
56.0,1700000056.0,1700000056000000000,1,18.666666666666668,4.666666666666667,9.666666666666668,0.3333333333333333,0.08333333333333333,0.08333333333333333
56.1,1700000056.1,1700000056100000000,1,18.700000000000003,4.675000000000001,9.675,0.3333333333333333,0.08333333333333333,0.08333333333333333
56.2,1700000056.2,1700000056200000000,1,18.733333333333334,4.683333333333334,9.683333333333334,0.3333333333333333,0.08333333333333333,0.08333333333333333
56.300000000000004,1700000056.3,1700000056300000000,1,18.766666666666666,4.691666666666666,9.691666666666666,0.3333333333333333,0.08333333333333333,0.08333333333333333
56.400000000000006,1700000056.4,1700000056400000000,1,18.8,4.7,9.7,0.3333333333333333,0.08333333333333333,0.08333333333333333
56.5,1700000056.5,1700000056500000000,1,18.833333333333332,4.708333333333333,9.708333333333332,0.3333333333333333,0.08333333333333333,0.08333333333333333
56.6,1700000056.6,1700000056600000000,1,18.866666666666667,4.716666666666667,9.716666666666667,0.3333333333333333,0.08333333333333333,0.08333333333333333
56.7,1700000056.7,1700000056700000000,1,18.900000000000002,4.7250000000000005,9.725000000000001,0.3333333333333333,0.08333333333333333,0.08333333333333333
56.800000000000004,1700000056.8,1700000056800000000,1,18.933333333333337,4.733333333333334,9.733333333333334,0.3333333333333333,0.08333333333333333,0.08333333333333333
56.900000000000006,1700000056.9,1700000056900000000,1,18.96666666666667,4.741666666666667,9.741666666666667,0.3333333333333333,0.08333333333333333,0.08333333333333333
57.0,1700000057.0,1700000057000000000,1,19.0,4.75,9.75,0.3333333333333333,0.08333333333333333,0.08333333333333333
57.1,1700000057.1,1700000057100000000,1,19.03333333333333,4.758333333333333,9.758333333333333,0.3333333333333333,0.08333333333333333,0.08333333333333333
57.2,1700000057.2,1700000057200000000,1,19.066666666666666,4.766666666666667,9.766666666666666,0.3333333333333333,0.08333333333333333,0.08333333333333333
57.300000000000004,1700000057.3,1700000057300000000,1,19.1,4.775,9.775,0.3333333333333333,0.08333333333333333,0.08333333333333333
57.400000000000006,1700000057.4,1700000057400000000,1,19.133333333333336,4.783333333333334,9.783333333333335,0.3333333333333333,0.08333333333333333,0.08333333333333333
57.5,1700000057.5,1700000057500000000,1,19.166666666666668,4.791666666666667,9.791666666666668,0.3333333333333333,0.08333333333333333,0.08333333333333333
57.6,1700000057.6,1700000057600000000,1,19.200000000000003,4.800000000000001,9.8,0.3333333333333333,0.08333333333333333,0.08333333333333333
57.7,1700000057.7,1700000057700000000,1,19.233333333333334,4.808333333333334,9.808333333333334,0.3333333333333333,0.08333333333333333,0.08333333333333333
57.800000000000004,1700000057.8,1700000057800000000,1,19.266666666666666,4.816666666666666,9.816666666666666,0.3333333333333333,0.08333333333333333,0.08333333333333333
57.900000000000006,1700000057.9,1700000057900000000,1,19.3,4.825,9.825,0.3333333333333333,0.08333333333333333,0.08333333333333333
58.0,1700000058.0,1700000058000000000,1,19.333333333333332,4.833333333333333,9.833333333333332,0.3333333333333333,0.08333333333333333,0.08333333333333333
58.1,1700000058.1,1700000058100000000,1,19.366666666666667,4.841666666666667,9.841666666666667,0.3333333333333333,0.08333333333333333,0.08333333333333333
58.2,1700000058.2,1700000058200000000,1,19.400000000000002,4.8500000000000005,9.850000000000001,0.3333333333333333,0.08333333333333333,0.08333333333333333
58.300000000000004,1700000058.3,1700000058300000000,1,19.433333333333337,4.858333333333334,9.858333333333334,0.3333333333333333,0.08333333333333333,0.08333333333333333
58.400000000000006,1700000058.4,1700000058400000000,1,19.46666666666667,4.866666666666667,9.866666666666667,0.3333333333333333,0.08333333333333333,0.08333333333333333
58.5,1700000058.5,1700000058500000000,1,19.5,4.875,9.875,0.3333333333333333,0.08333333333333333,0.08333333333333333
58.6,1700000058.6,1700000058600000000,1,19.533333333333335,4.883333333333334,9.883333333333333,0.3333333333333333,0.08333333333333333,0.08333333333333333
58.7,1700000058.7,1700000058700000000,1,19.566666666666666,4.891666666666667,9.891666666666666,0.3333333333333333,0.08333333333333333,0.08333333333333333
58.800000000000004,1700000058.8,1700000058800000000,1,19.6,4.9,9.9,0.3333333333333333,0.08333333333333333,0.08333333333333333
58.900000000000006,1700000058.9,1700000058900000000,1,19.633333333333336,4.908333333333334,9.908333333333335,0.3333333333333333,0.08333333333333333,0.08333333333333333
59.0,1700000059.0,1700000059000000000,1,19.666666666666664,4.916666666666666,9.916666666666666,0.3333333333333333,0.08333333333333333,0.08333333333333333
59.1,1700000059.1,1700000059100000000,1,19.7,4.925,9.925,0.3333333333333333,0.08333333333333333,0.08333333333333333
59.2,1700000059.2,1700000059200000000,1,19.733333333333334,4.933333333333334,9.933333333333334,0.3333333333333333,0.08333333333333333,0.08333333333333333
59.300000000000004,1700000059.3,1700000059300000000,1,19.76666666666667,4.941666666666667,9.941666666666666,0.3333333333333333,0.08333333333333333,0.08333333333333333
59.400000000000006,1700000059.4,1700000059400000000,1,19.8,4.95,9.95,0.3333333333333333,0.08333333333333333,0.08333333333333333
59.5,1700000059.5,1700000059500000000,1,19.833333333333336,4.958333333333334,9.958333333333334,0.3333333333333333,0.08333333333333333,0.08333333333333333
59.6,1700000059.6,1700000059600000000,1,19.866666666666667,4.966666666666667,9.966666666666667,0.3333333333333333,0.08333333333333333,0.08333333333333333
59.7,1700000059.7,1700000059700000000,1,19.9,4.975,9.975,0.3333333333333333,0.08333333333333333,0.08333333333333333
59.800000000000004,1700000059.8,1700000059800000000,1,19.933333333333334,4.983333333333333,9.983333333333334,0.3333333333333333,0.08333333333333333,0.08333333333333333
59.900000000000006,1700000059.9,1700000059900000000,1,19.96666666666667,4.991666666666667,9.991666666666667,0.3333333333333333,0.08333333333333333,0.08333333333333333
60.0,1700000060.0,1700000060000000000,1,20.0,5.0,10.0,0.3333333333333333,-0.08333333333333333,0.08333333333333333
60.1,1700000060.1,1700000060100000000,1,20.033333333333335,4.991666666666666,10.008333333333333,0.3333333333333333,-0.08333333333333333,0.08333333333333333
60.2,1700000060.2,1700000060200000000,1,20.066666666666666,4.983333333333333,10.016666666666667,0.3333333333333333,-0.08333333333333333,0.08333333333333333
60.300000000000004,1700000060.3,1700000060300000000,1,20.1,4.975,10.025,0.3333333333333333,-0.08333333333333333,0.08333333333333333
60.400000000000006,1700000060.4,1700000060400000000,1,20.133333333333336,4.966666666666666,10.033333333333333,0.3333333333333333,-0.08333333333333333,0.08333333333333333
60.5,1700000060.5,1700000060500000000,1,20.166666666666668,4.958333333333333,10.041666666666666,0.3333333333333333,-0.08333333333333333,0.08333333333333333
60.6,1700000060.6,1700000060600000000,1,20.2,4.95,10.05,0.3333333333333333,-0.08333333333333333,0.08333333333333333
60.7,1700000060.7,1700000060700000000,1,20.233333333333334,4.941666666666666,10.058333333333334,0.3333333333333333,-0.08333333333333333,0.08333333333333333
60.800000000000004,1700000060.8,1700000060800000000,1,20.26666666666667,4.933333333333333,10.066666666666666,0.3333333333333333,-0.08333333333333333,0.08333333333333333
60.900000000000006,1700000060.9,1700000060900000000,1,20.3,4.925,10.075000000000001,0.3333333333333333,-0.08333333333333333,0.08333333333333333
61.0,1700000061.0,1700000061000000000,1,20.333333333333332,4.916666666666667,10.083333333333334,0.3333333333333333,-0.08333333333333333,0.08333333333333333
61.1,1700000061.1,1700000061100000000,1,20.366666666666667,4.908333333333333,10.091666666666667,0.3333333333333333,-0.08333333333333333,0.08333333333333333
61.2,1700000061.2,1700000061200000000,1,20.400000000000002,4.8999999999999995,10.1,0.3333333333333333,-0.08333333333333333,0.08333333333333333
61.300000000000004,1700000061.3,1700000061300000000,1,20.433333333333334,4.891666666666667,10.108333333333334,0.3333333333333333,-0.08333333333333333,0.08333333333333333
61.400000000000006,1700000061.4,1700000061400000000,1,20.46666666666667,4.883333333333333,10.116666666666667,0.3333333333333333,-0.08333333333333333,0.08333333333333333
61.5,1700000061.5,1700000061500000000,1,20.5,4.875,10.125,0.3333333333333333,-0.08333333333333333,0.08333333333333333
61.6,1700000061.6,1700000061600000000,1,20.533333333333335,4.866666666666666,10.133333333333333,0.3333333333333333,-0.08333333333333333,0.08333333333333333
61.7,1700000061.7,1700000061700000000,1,20.566666666666666,4.858333333333333,10.141666666666667,0.3333333333333333,-0.08333333333333333,0.08333333333333333
61.800000000000004,1700000061.8,1700000061800000000,1,20.6,4.85,10.15,0.3333333333333333,-0.08333333333333333,0.08333333333333333
61.900000000000006,1700000061.9,1700000061900000000,1,20.633333333333336,4.841666666666666,10.158333333333333,0.3333333333333333,-0.08333333333333333,0.08333333333333333
62.0,1700000062.0,1700000062000000000,1,20.666666666666668,4.833333333333333,10.166666666666666,0.3333333333333333,-0.08333333333333333,0.08333333333333333
62.1,1700000062.1,1700000062100000000,1,20.7,4.825,10.175,0.3333333333333333,-0.08333333333333333,0.08333333333333333
62.2,1700000062.2,1700000062200000000,1,20.733333333333334,4.816666666666666,10.183333333333334,0.3333333333333333,-0.08333333333333333,0.08333333333333333
62.300000000000004,1700000062.3,1700000062300000000,1,20.76666666666667,4.808333333333333,10.191666666666666,0.3333333333333333,-0.08333333333333333,0.08333333333333333
62.400000000000006,1700000062.4,1700000062400000000,1,20.8,4.8,10.200000000000001,0.3333333333333333,-0.08333333333333333,0.08333333333333333
62.5,1700000062.5,1700000062500000000,1,20.833333333333332,4.791666666666667,10.208333333333334,0.3333333333333333,-0.08333333333333333,0.08333333333333333
62.6,1700000062.6,1700000062600000000,1,20.866666666666667,4.783333333333333,10.216666666666667,0.3333333333333333,-0.08333333333333333,0.08333333333333333
62.7,1700000062.7,1700000062700000000,1,20.900000000000002,4.7749999999999995,10.225,0.3333333333333333,-0.08333333333333333,0.08333333333333333
62.800000000000004,1700000062.8,1700000062800000000,1,20.933333333333334,4.766666666666667,10.233333333333334,0.3333333333333333,-0.08333333333333333,0.08333333333333333
62.900000000000006,1700000062.9,1700000062900000000,1,20.96666666666667,4.758333333333333,10.241666666666667,0.3333333333333333,-0.08333333333333333,0.08333333333333333
63.0,1700000063.0,1700000063000000000,1,21.0,4.75,10.25,0.3333333333333333,-0.08333333333333333,0.08333333333333333
63.1,1700000063.1,1700000063100000000,1,21.033333333333335,4.741666666666666,10.258333333333333,0.3333333333333333,-0.08333333333333333,0.08333333333333333
63.2,1700000063.2,1700000063200000000,1,21.066666666666666,4.733333333333333,10.266666666666667,0.3333333333333333,-0.08333333333333333,0.08333333333333333
63.300000000000004,1700000063.3,1700000063300000000,1,21.1,4.725,10.275,0.3333333333333333,-0.08333333333333333,0.08333333333333333
63.400000000000006,1700000063.4,1700000063400000000,1,21.133333333333336,4.716666666666666,10.283333333333333,0.3333333333333333,-0.08333333333333333,0.08333333333333333
63.5,1700000063.5,1700000063500000000,1,21.166666666666668,4.708333333333333,10.291666666666666,0.3333333333333333,-0.08333333333333333,0.08333333333333333
63.6,1700000063.6,1700000063600000000,1,21.2,4.7,10.3,0.3333333333333333,-0.08333333333333333,0.08333333333333333
63.7,1700000063.7,1700000063700000000,1,21.233333333333334,4.691666666666666,10.308333333333334,0.3333333333333333,-0.08333333333333333,0.08333333333333333
63.800000000000004,1700000063.8,1700000063800000000,1,21.26666666666667,4.683333333333333,10.316666666666666,0.3333333333333333,-0.08333333333333333,0.08333333333333333
63.900000000000006,1700000063.9,1700000063900000000,1,21.3,4.675,10.325000000000001,0.3333333333333333,-0.08333333333333333,0.08333333333333333
64.0,1700000064.0,1700000064000000000,1,21.333333333333332,4.666666666666667,10.333333333333334,0.3333333333333333,-0.08333333333333333,0.08333333333333333
64.10000000000001,1700000064.1,1700000064100000000,1,21.36666666666667,4.658333333333332,10.341666666666667,0.3333333333333333,-0.08333333333333333,0.08333333333333333
64.2,1700000064.2,1700000064200000000,1,21.400000000000002,4.6499999999999995,10.35,0.3333333333333333,-0.08333333333333333,0.08333333333333333
64.3,1700000064.3,1700000064300000000,1,21.433333333333334,4.641666666666667,10.358333333333333,0.3333333333333333,-0.08333333333333333,0.08333333333333333
64.4,1700000064.4,1700000064400000000,1,21.46666666666667,4.633333333333333,10.366666666666667,0.3333333333333333,-0.08333333333333333,0.08333333333333333
64.5,1700000064.5,1700000064500000000,1,21.5,4.625,10.375,0.3333333333333333,-0.08333333333333333,0.08333333333333333
64.60000000000001,1700000064.6,1700000064600000000,1,21.533333333333335,4.616666666666666,10.383333333333335,0.3333333333333333,-0.08333333333333333,0.08333333333333333
64.7,1700000064.7,1700000064700000000,1,21.566666666666666,4.608333333333333,10.391666666666667,0.3333333333333333,-0.08333333333333333,0.08333333333333333
64.8,1700000064.8,1700000064800000000,1,21.599999999999998,4.6000000000000005,10.4,0.3333333333333333,-0.08333333333333333,0.08333333333333333
64.9,1700000064.9,1700000064900000000,1,21.633333333333336,4.591666666666666,10.408333333333333,0.3333333333333333,-0.08333333333333333,0.08333333333333333
65.0,1700000065.0,1700000065000000000,1,21.666666666666668,4.583333333333333,10.416666666666666,0.3333333333333333,-0.08333333333333333,0.08333333333333333
65.10000000000001,1700000065.1,1700000065100000000,1,21.700000000000003,4.574999999999999,10.425,0.3333333333333333,-0.08333333333333333,0.08333333333333333
65.2,1700000065.2,1700000065200000000,1,21.733333333333334,4.566666666666666,10.433333333333334,0.3333333333333333,-0.08333333333333333,0.08333333333333333
65.3,1700000065.3,1700000065300000000,1,21.766666666666666,4.558333333333334,10.441666666666666,0.3333333333333333,-0.08333333333333333,0.08333333333333333
65.4,1700000065.4,1700000065400000000,1,21.8,4.55,10.450000000000001,0.3333333333333333,-0.08333333333333333,0.08333333333333333
65.5,1700000065.5,1700000065500000000,1,21.833333333333332,4.541666666666667,10.458333333333334,0.3333333333333333,-0.08333333333333333,0.08333333333333333
65.60000000000001,1700000065.6,1700000065600000000,1,21.86666666666667,4.533333333333332,10.466666666666667,0.3333333333333333,-0.08333333333333333,0.08333333333333333
65.7,1700000065.7,1700000065700000000,1,21.900000000000002,4.5249999999999995,10.475,0.3333333333333333,-0.08333333333333333,0.08333333333333333
65.8,1700000065.8,1700000065800000000,1,21.933333333333334,4.516666666666667,10.483333333333333,0.3333333333333333,-0.08333333333333333,0.08333333333333333
65.9,1700000065.9,1700000065900000000,1,21.96666666666667,4.508333333333333,10.491666666666667,0.3333333333333333,-0.08333333333333333,0.08333333333333333
66.0,1700000066.0,1700000066000000000,1,22.0,4.5,10.5,0.3333333333333333,-0.08333333333333333,0.08333333333333333
66.10000000000001,1700000066.1,1700000066100000000,1,22.033333333333335,4.491666666666666,10.508333333333335,0.3333333333333333,-0.08333333333333333,0.08333333333333333
66.2,1700000066.2,1700000066200000000,1,22.066666666666666,4.483333333333333,10.516666666666667,0.3333333333333333,-0.08333333333333333,0.08333333333333333
66.3,1700000066.3,1700000066300000000,1,22.099999999999998,4.4750000000000005,10.525,0.3333333333333333,-0.08333333333333333,0.08333333333333333
66.4,1700000066.4,1700000066400000000,1,22.133333333333336,4.466666666666666,10.533333333333333,0.3333333333333333,-0.08333333333333333,0.08333333333333333
66.5,1700000066.5,1700000066500000000,1,22.166666666666668,4.458333333333333,10.541666666666666,0.3333333333333333,-0.08333333333333333,0.08333333333333333
66.60000000000001,1700000066.6,1700000066600000000,1,22.200000000000003,4.449999999999999,10.55,0.3333333333333333,-0.08333333333333333,0.08333333333333333
66.7,1700000066.7,1700000066700000000,1,22.233333333333334,4.441666666666666,10.558333333333334,0.3333333333333333,-0.08333333333333333,0.08333333333333333
66.8,1700000066.8,1700000066800000000,1,22.266666666666666,4.433333333333334,10.566666666666666,0.3333333333333333,-0.08333333333333333,0.08333333333333333
66.9,1700000066.9,1700000066900000000,1,22.3,4.425,10.575000000000001,0.3333333333333333,-0.08333333333333333,0.08333333333333333
67.0,1700000067.0,1700000067000000000,1,22.333333333333332,4.416666666666667,10.583333333333334,0.3333333333333333,-0.08333333333333333,0.08333333333333333
67.10000000000001,1700000067.1,1700000067100000000,1,22.36666666666667,4.408333333333332,10.591666666666667,0.3333333333333333,-0.08333333333333333,0.08333333333333333
67.2,1700000067.2,1700000067200000000,1,22.400000000000002,4.3999999999999995,10.6,0.3333333333333333,-0.08333333333333333,0.08333333333333333
67.3,1700000067.3,1700000067300000000,1,22.433333333333334,4.391666666666667,10.608333333333333,0.3333333333333333,-0.08333333333333333,0.08333333333333333
67.4,1700000067.4,1700000067400000000,1,22.46666666666667,4.383333333333333,10.616666666666667,0.3333333333333333,-0.08333333333333333,0.08333333333333333
67.5,1700000067.5,1700000067500000000,1,22.5,4.375,10.625,0.3333333333333333,-0.08333333333333333,0.08333333333333333
67.60000000000001,1700000067.6,1700000067600000000,1,22.533333333333335,4.366666666666666,10.633333333333335,0.3333333333333333,-0.08333333333333333,0.08333333333333333
67.7,1700000067.7,1700000067700000000,1,22.566666666666666,4.358333333333333,10.641666666666667,0.3333333333333333,-0.08333333333333333,0.08333333333333333
67.8,1700000067.8,1700000067800000000,1,22.599999999999998,4.3500000000000005,10.65,0.3333333333333333,-0.08333333333333333,0.08333333333333333
67.9,1700000067.9,1700000067900000000,1,22.633333333333336,4.341666666666666,10.658333333333333,0.3333333333333333,-0.08333333333333333,0.08333333333333333
68.0,1700000068.0,1700000068000000000,1,22.666666666666668,4.333333333333333,10.666666666666666,0.3333333333333333,-0.08333333333333333,0.08333333333333333
68.10000000000001,1700000068.1,1700000068100000000,1,22.700000000000003,4.324999999999999,10.675,0.3333333333333333,-0.08333333333333333,0.08333333333333333
68.2,1700000068.2,1700000068200000000,1,22.733333333333334,4.316666666666666,10.683333333333334,0.3333333333333333,-0.08333333333333333,0.08333333333333333
68.3,1700000068.3,1700000068300000000,1,22.766666666666666,4.308333333333334,10.691666666666666,0.3333333333333333,-0.08333333333333333,0.08333333333333333
68.4,1700000068.4,1700000068400000000,1,22.8,4.3,10.700000000000001,0.3333333333333333,-0.08333333333333333,0.08333333333333333
68.5,1700000068.5,1700000068500000000,1,22.833333333333332,4.291666666666667,10.708333333333334,0.3333333333333333,-0.08333333333333333,0.08333333333333333
68.60000000000001,1700000068.6,1700000068600000000,1,22.86666666666667,4.283333333333332,10.716666666666667,0.3333333333333333,-0.08333333333333333,0.08333333333333333
68.7,1700000068.7,1700000068700000000,1,22.900000000000002,4.2749999999999995,10.725,0.3333333333333333,-0.08333333333333333,0.08333333333333333
68.8,1700000068.8,1700000068800000000,1,22.933333333333334,4.266666666666667,10.733333333333333,0.3333333333333333,-0.08333333333333333,0.08333333333333333
68.9,1700000068.9,1700000068900000000,1,22.96666666666667,4.258333333333333,10.741666666666667,0.3333333333333333,-0.08333333333333333,0.08333333333333333
69.0,1700000069.0,1700000069000000000,1,23.0,4.25,10.75,0.3333333333333333,-0.08333333333333333,0.08333333333333333
69.10000000000001,1700000069.1,1700000069100000000,1,23.033333333333335,4.241666666666666,10.758333333333335,0.3333333333333333,-0.08333333333333333,0.08333333333333333
69.2,1700000069.2,1700000069200000000,1,23.066666666666666,4.233333333333333,10.766666666666667,0.3333333333333333,-0.08333333333333333,0.08333333333333333
69.3,1700000069.3,1700000069300000000,1,23.099999999999998,4.2250000000000005,10.775,0.3333333333333333,-0.08333333333333333,0.08333333333333333
69.4,1700000069.4,1700000069400000000,1,23.133333333333336,4.216666666666666,10.783333333333333,0.3333333333333333,-0.08333333333333333,0.08333333333333333
69.5,1700000069.5,1700000069500000000,1,23.166666666666668,4.208333333333333,10.791666666666666,0.3333333333333333,-0.08333333333333333,0.08333333333333333
69.60000000000001,1700000069.6,1700000069600000000,1,23.200000000000003,4.199999999999999,10.8,0.3333333333333333,-0.08333333333333333,0.08333333333333333
69.7,1700000069.7,1700000069700000000,1,23.233333333333334,4.191666666666666,10.808333333333334,0.3333333333333333,-0.08333333333333333,0.08333333333333333
69.8,1700000069.8,1700000069800000000,1,23.266666666666666,4.183333333333334,10.816666666666666,0.3333333333333333,-0.08333333333333333,0.08333333333333333
69.9,1700000069.9,1700000069900000000,1,23.3,4.175,10.825000000000001,0.3333333333333333,-0.08333333333333333,0.08333333333333333
70.0,1700000070.0,1700000070000000000,1,23.333333333333332,4.166666666666667,10.833333333333334,0.3333333333333333,-0.08333333333333333,0.08333333333333333
70.10000000000001,1700000070.1,1700000070100000000,1,23.36666666666667,4.158333333333332,10.841666666666667,0.3333333333333333,-0.08333333333333333,0.08333333333333333
70.2,1700000070.2,1700000070200000000,1,23.400000000000002,4.1499999999999995,10.85,0.3333333333333333,-0.08333333333333333,0.08333333333333333
70.3,1700000070.3,1700000070300000000,1,23.433333333333334,4.141666666666667,10.858333333333333,0.3333333333333333,-0.08333333333333333,0.08333333333333333
70.4,1700000070.4,1700000070400000000,1,23.46666666666667,4.133333333333333,10.866666666666667,0.3333333333333333,-0.08333333333333333,0.08333333333333333
70.5,1700000070.5,1700000070500000000,1,23.5,4.125,10.875,0.3333333333333333,-0.08333333333333333,0.08333333333333333
70.60000000000001,1700000070.6,1700000070600000000,1,23.533333333333335,4.116666666666666,10.883333333333335,0.3333333333333333,-0.08333333333333333,0.08333333333333333
70.7,1700000070.7,1700000070700000000,1,23.566666666666666,4.108333333333333,10.891666666666667,0.3333333333333333,-0.08333333333333333,0.08333333333333333
70.8,1700000070.8,1700000070800000000,1,23.599999999999998,4.1000000000000005,10.9,0.3333333333333333,-0.08333333333333333,0.08333333333333333
70.9,1700000070.9,1700000070900000000,1,23.633333333333336,4.091666666666666,10.908333333333333,0.3333333333333333,-0.08333333333333333,0.08333333333333333
71.0,1700000071.0,1700000071000000000,1,23.666666666666668,4.083333333333333,10.916666666666666,0.3333333333333333,-0.08333333333333333,0.08333333333333333
71.10000000000001,1700000071.1,1700000071100000000,1,23.700000000000003,4.074999999999999,10.925,0.3333333333333333,-0.08333333333333333,0.08333333333333333
71.2,1700000071.2,1700000071200000000,1,23.733333333333334,4.066666666666666,10.933333333333334,0.3333333333333333,-0.08333333333333333,0.08333333333333333
71.3,1700000071.3,1700000071300000000,1,23.766666666666666,4.058333333333334,10.941666666666666,0.3333333333333333,-0.08333333333333333,0.08333333333333333
71.4,1700000071.4,1700000071400000000,1,23.8,4.05,10.950000000000001,0.3333333333333333,-0.08333333333333333,0.08333333333333333
71.5,1700000071.5,1700000071500000000,1,23.833333333333332,4.041666666666667,10.958333333333334,0.3333333333333333,-0.08333333333333333,0.08333333333333333
71.60000000000001,1700000071.6,1700000071600000000,1,23.86666666666667,4.033333333333332,10.966666666666667,0.3333333333333333,-0.08333333333333333,0.08333333333333333
71.7,1700000071.7,1700000071700000000,1,23.900000000000002,4.0249999999999995,10.975,0.3333333333333333,-0.08333333333333333,0.08333333333333333
71.8,1700000071.8,1700000071800000000,1,23.933333333333334,4.016666666666667,10.983333333333333,0.3333333333333333,-0.08333333333333333,0.08333333333333333
71.9,1700000071.9,1700000071900000000,1,23.96666666666667,4.008333333333333,10.991666666666667,0.3333333333333333,-0.08333333333333333,0.08333333333333333
72.0,1700000072.0,1700000072000000000,1,24.0,4.0,11.0,0.3333333333333333,-0.08333333333333333,0.08333333333333333
72.10000000000001,1700000072.1,1700000072100000000,1,24.033333333333335,3.9916666666666663,11.008333333333335,0.3333333333333333,-0.08333333333333333,0.08333333333333333
72.2,1700000072.2,1700000072200000000,1,24.06666666666667,3.983333333333333,11.016666666666667,0.3333333333333333,-0.08333333333333333,0.08333333333333333
72.3,1700000072.3,1700000072300000000,1,24.1,3.975,11.025,0.3333333333333333,-0.08333333333333333,0.08333333333333333
72.4,1700000072.4,1700000072400000000,1,24.133333333333333,3.9666666666666663,11.033333333333333,0.3333333333333333,-0.08333333333333333,0.08333333333333333
72.5,1700000072.5,1700000072500000000,1,24.166666666666668,3.958333333333333,11.041666666666666,0.3333333333333333,-0.08333333333333333,0.08333333333333333
72.60000000000001,1700000072.6,1700000072600000000,1,24.200000000000003,3.9499999999999993,11.05,0.3333333333333333,-0.08333333333333333,0.08333333333333333
72.7,1700000072.7,1700000072700000000,1,24.233333333333334,3.9416666666666664,11.058333333333334,0.3333333333333333,-0.08333333333333333,0.08333333333333333
72.8,1700000072.8,1700000072800000000,1,24.266666666666666,3.9333333333333336,11.066666666666666,0.3333333333333333,-0.08333333333333333,0.08333333333333333
72.9,1700000072.9,1700000072900000000,1,24.300000000000004,3.9249999999999994,11.075000000000001,0.3333333333333333,-0.08333333333333333,0.08333333333333333
73.0,1700000073.0,1700000073000000000,1,24.333333333333336,3.9166666666666665,11.083333333333334,0.3333333333333333,-0.08333333333333333,0.08333333333333333
73.10000000000001,1700000073.1,1700000073100000000,1,24.366666666666667,3.9083333333333328,11.091666666666667,0.3333333333333333,-0.08333333333333333,0.08333333333333333
73.2,1700000073.2,1700000073200000000,1,24.400000000000002,3.8999999999999995,11.1,0.3333333333333333,-0.08333333333333333,0.08333333333333333
73.3,1700000073.3,1700000073300000000,1,24.433333333333334,3.8916666666666666,11.108333333333333,0.3333333333333333,-0.08333333333333333,0.08333333333333333
73.4,1700000073.4,1700000073400000000,1,24.46666666666667,3.883333333333333,11.116666666666667,0.3333333333333333,-0.08333333333333333,0.08333333333333333
73.5,1700000073.5,1700000073500000000,1,24.5,3.875,11.125,0.3333333333333333,-0.08333333333333333,0.08333333333333333
73.60000000000001,1700000073.6,1700000073600000000,1,24.53333333333334,3.866666666666666,11.133333333333335,0.3333333333333333,-0.08333333333333333,0.08333333333333333
73.7,1700000073.7,1700000073700000000,1,24.56666666666667,3.858333333333333,11.141666666666667,0.3333333333333333,-0.08333333333333333,0.08333333333333333
73.8,1700000073.8,1700000073800000000,1,24.599999999999998,3.8500000000000005,11.15,0.3333333333333333,-0.08333333333333333,0.08333333333333333
73.9,1700000073.9,1700000073900000000,1,24.633333333333336,3.841666666666666,11.158333333333333,0.3333333333333333,-0.08333333333333333,0.08333333333333333
74.0,1700000074.0,1700000074000000000,1,24.666666666666668,3.833333333333333,11.166666666666666,0.3333333333333333,-0.08333333333333333,0.08333333333333333
74.10000000000001,1700000074.1,1700000074100000000,1,24.700000000000003,3.8249999999999993,11.175,0.3333333333333333,-0.08333333333333333,0.08333333333333333
74.2,1700000074.2,1700000074200000000,1,24.733333333333334,3.8166666666666664,11.183333333333334,0.3333333333333333,-0.08333333333333333,0.08333333333333333
74.3,1700000074.3,1700000074300000000,1,24.766666666666666,3.8083333333333336,11.191666666666666,0.3333333333333333,-0.08333333333333333,0.08333333333333333
74.4,1700000074.4,1700000074400000000,1,24.800000000000004,3.7999999999999994,11.200000000000001,0.3333333333333333,-0.08333333333333333,0.08333333333333333
74.5,1700000074.5,1700000074500000000,1,24.833333333333332,3.791666666666667,11.208333333333334,0.3333333333333333,-0.08333333333333333,0.08333333333333333
74.60000000000001,1700000074.6,1700000074600000000,1,24.86666666666667,3.7833333333333323,11.216666666666667,0.3333333333333333,-0.08333333333333333,0.08333333333333333
74.7,1700000074.7,1700000074700000000,1,24.900000000000002,3.7749999999999995,11.225,0.3333333333333333,-0.08333333333333333,0.08333333333333333
74.8,1700000074.8,1700000074800000000,1,24.933333333333334,3.7666666666666666,11.233333333333333,0.3333333333333333,-0.08333333333333333,0.08333333333333333
74.9,1700000074.9,1700000074900000000,1,24.96666666666667,3.758333333333333,11.241666666666667,0.3333333333333333,-0.08333333333333333,0.08333333333333333
75.0,1700000075.0,1700000075000000000,1,25.0,3.75,11.25,0.3333333333333333,-0.08333333333333333,0.08333333333333333
75.10000000000001,1700000075.1,1700000075100000000,1,25.03333333333334,3.741666666666666,11.258333333333335,0.3333333333333333,-0.08333333333333333,0.08333333333333333
75.2,1700000075.2,1700000075200000000,1,25.066666666666666,3.7333333333333334,11.266666666666667,0.3333333333333333,-0.08333333333333333,0.08333333333333333
75.3,1700000075.3,1700000075300000000,1,25.099999999999998,3.7250000000000005,11.275,0.3333333333333333,-0.08333333333333333,0.08333333333333333
75.4,1700000075.4,1700000075400000000,1,25.133333333333336,3.716666666666666,11.283333333333333,0.3333333333333333,-0.08333333333333333,0.08333333333333333
75.5,1700000075.5,1700000075500000000,1,25.166666666666668,3.708333333333333,11.291666666666666,0.3333333333333333,-0.08333333333333333,0.08333333333333333
75.60000000000001,1700000075.6,1700000075600000000,1,25.200000000000003,3.6999999999999993,11.3,0.3333333333333333,-0.08333333333333333,0.08333333333333333
75.7,1700000075.7,1700000075700000000,1,25.233333333333334,3.6916666666666664,11.308333333333334,0.3333333333333333,-0.08333333333333333,0.08333333333333333
75.8,1700000075.8,1700000075800000000,1,25.266666666666666,3.6833333333333336,11.316666666666666,0.3333333333333333,-0.08333333333333333,0.08333333333333333
75.9,1700000075.9,1700000075900000000,1,25.3,3.675,11.325000000000001,0.3333333333333333,-0.08333333333333333,0.08333333333333333
76.0,1700000076.0,1700000076000000000,1,25.333333333333332,3.666666666666667,11.333333333333334,0.3333333333333333,-0.08333333333333333,0.08333333333333333
76.10000000000001,1700000076.1,1700000076100000000,1,25.36666666666667,3.6583333333333323,11.341666666666667,0.3333333333333333,-0.08333333333333333,0.08333333333333333
76.2,1700000076.2,1700000076200000000,1,25.400000000000002,3.6499999999999995,11.35,0.3333333333333333,-0.08333333333333333,0.08333333333333333
76.3,1700000076.3,1700000076300000000,1,25.43333333333333,3.641666666666667,11.358333333333333,0.3333333333333333,-0.08333333333333333,0.08333333333333333
76.4,1700000076.4,1700000076400000000,1,25.46666666666667,3.633333333333333,11.366666666666667,0.3333333333333333,-0.08333333333333333,0.08333333333333333
76.5,1700000076.5,1700000076500000000,1,25.5,3.625,11.375,0.3333333333333333,-0.08333333333333333,0.08333333333333333
76.60000000000001,1700000076.6,1700000076600000000,1,25.533333333333335,3.6166666666666663,11.383333333333335,0.3333333333333333,-0.08333333333333333,0.08333333333333333
76.7,1700000076.7,1700000076700000000,1,25.566666666666666,3.6083333333333334,11.391666666666667,0.3333333333333333,-0.08333333333333333,0.08333333333333333
76.80000000000001,1700000076.8,1700000076800000000,1,25.600000000000005,3.5999999999999988,11.4,0.3333333333333333,-0.08333333333333333,0.08333333333333333
76.9,1700000076.9,1700000076900000000,1,25.633333333333336,3.591666666666666,11.408333333333333,0.3333333333333333,-0.08333333333333333,0.08333333333333333
77.0,1700000077.0,1700000077000000000,1,25.666666666666664,3.5833333333333335,11.416666666666666,0.3333333333333333,-0.08333333333333333,0.08333333333333333
77.10000000000001,1700000077.1,1700000077100000000,1,25.700000000000003,3.5749999999999993,11.425,0.3333333333333333,-0.08333333333333333,0.08333333333333333
77.2,1700000077.2,1700000077200000000,1,25.733333333333334,3.5666666666666664,11.433333333333334,0.3333333333333333,-0.08333333333333333,0.08333333333333333
77.30000000000001,1700000077.3,1700000077300000000,1,25.76666666666667,3.5583333333333327,11.441666666666668,0.3333333333333333,-0.08333333333333333,0.08333333333333333
77.4,1700000077.4,1700000077400000000,1,25.8,3.55,11.450000000000001,0.3333333333333333,-0.08333333333333333,0.08333333333333333
77.5,1700000077.5,1700000077500000000,1,25.833333333333336,3.5416666666666665,11.458333333333334,0.3333333333333333,-0.08333333333333333,0.08333333333333333
77.60000000000001,1700000077.6,1700000077600000000,1,25.86666666666667,3.5333333333333323,11.466666666666667,0.3333333333333333,-0.08333333333333333,0.08333333333333333
77.7,1700000077.7,1700000077700000000,1,25.9,3.525,11.475,0.3333333333333333,-0.08333333333333333,0.08333333333333333
77.80000000000001,1700000077.8,1700000077800000000,1,25.933333333333337,3.5166666666666657,11.483333333333334,0.3333333333333333,-0.08333333333333333,0.08333333333333333
77.9,1700000077.9,1700000077900000000,1,25.96666666666667,3.508333333333333,11.491666666666667,0.3333333333333333,-0.08333333333333333,0.08333333333333333
78.0,1700000078.0,1700000078000000000,1,26.0,3.5,11.5,0.3333333333333333,-0.08333333333333333,0.08333333333333333
78.10000000000001,1700000078.1,1700000078100000000,1,26.033333333333335,3.4916666666666663,11.508333333333335,0.3333333333333333,-0.08333333333333333,0.08333333333333333
78.2,1700000078.2,1700000078200000000,1,26.06666666666667,3.483333333333333,11.516666666666667,0.3333333333333333,-0.08333333333333333,0.08333333333333333
78.30000000000001,1700000078.3,1700000078300000000,1,26.100000000000005,3.4749999999999988,11.525,0.3333333333333333,-0.08333333333333333,0.08333333333333333
78.4,1700000078.4,1700000078400000000,1,26.133333333333333,3.4666666666666663,11.533333333333333,0.3333333333333333,-0.08333333333333333,0.08333333333333333
78.5,1700000078.5,1700000078500000000,1,26.166666666666668,3.458333333333333,11.541666666666666,0.3333333333333333,-0.08333333333333333,0.08333333333333333
78.60000000000001,1700000078.6,1700000078600000000,1,26.200000000000003,3.4499999999999993,11.55,0.3333333333333333,-0.08333333333333333,0.08333333333333333
78.7,1700000078.7,1700000078700000000,1,26.233333333333334,3.4416666666666664,11.558333333333334,0.3333333333333333,-0.08333333333333333,0.08333333333333333
78.80000000000001,1700000078.8,1700000078800000000,1,26.26666666666667,3.4333333333333327,11.566666666666668,0.3333333333333333,-0.08333333333333333,0.08333333333333333
78.9,1700000078.9,1700000078900000000,1,26.300000000000004,3.4249999999999994,11.575000000000001,0.3333333333333333,-0.08333333333333333,0.08333333333333333
79.0,1700000079.0,1700000079000000000,1,26.333333333333332,3.416666666666667,11.583333333333334,0.3333333333333333,-0.08333333333333333,0.08333333333333333
79.10000000000001,1700000079.1,1700000079100000000,1,26.366666666666667,3.4083333333333328,11.591666666666667,0.3333333333333333,-0.08333333333333333,0.08333333333333333
79.2,1700000079.2,1700000079200000000,1,26.400000000000002,3.3999999999999995,11.6,0.3333333333333333,-0.08333333333333333,0.08333333333333333
79.30000000000001,1700000079.3,1700000079300000000,1,26.433333333333337,3.3916666666666657,11.608333333333334,0.3333333333333333,-0.08333333333333333,0.08333333333333333
79.4,1700000079.4,1700000079400000000,1,26.46666666666667,3.383333333333333,11.616666666666667,0.3333333333333333,-0.08333333333333333,0.08333333333333333
79.5,1700000079.5,1700000079500000000,1,26.5,3.375,11.625,0.3333333333333333,-0.08333333333333333,0.08333333333333333
79.60000000000001,1700000079.6,1700000079600000000,1,26.53333333333334,3.366666666666666,11.633333333333335,0.3333333333333333,-0.08333333333333333,0.08333333333333333
79.7,1700000079.7,1700000079700000000,1,26.566666666666666,3.3583333333333334,11.641666666666667,0.3333333333333333,-0.08333333333333333,0.08333333333333333
79.80000000000001,1700000079.8,1700000079800000000,1,26.6,3.349999999999999,11.65,0.3333333333333333,-0.08333333333333333,0.08333333333333333
79.9,1700000079.9,1700000079900000000,1,26.633333333333336,3.341666666666666,11.658333333333333,0.3333333333333333,-0.08333333333333333,0.08333333333333333
80.0,1700000080.0,1700000080000000000,1,26.666666666666664,3.3333333333333335,11.666666666666666,0.3333333333333333,-0.08333333333333333,0.08333333333333333
80.10000000000001,1700000080.1,1700000080100000000,1,26.700000000000003,3.3249999999999993,11.675,0.3333333333333333,-0.08333333333333333,0.08333333333333333
80.2,1700000080.2,1700000080200000000,1,26.733333333333334,3.3166666666666664,11.683333333333334,0.3333333333333333,-0.08333333333333333,0.08333333333333333
80.30000000000001,1700000080.3,1700000080300000000,1,26.766666666666673,3.3083333333333322,11.691666666666668,0.3333333333333333,-0.08333333333333333,0.08333333333333333
80.4,1700000080.4,1700000080400000000,1,26.8,3.3,11.700000000000001,0.3333333333333333,-0.08333333333333333,0.08333333333333333
80.5,1700000080.5,1700000080500000000,1,26.833333333333336,3.2916666666666665,11.708333333333334,0.3333333333333333,-0.08333333333333333,0.08333333333333333
80.60000000000001,1700000080.6,1700000080600000000,1,26.86666666666667,3.2833333333333323,11.716666666666667,0.3333333333333333,-0.08333333333333333,0.08333333333333333
80.7,1700000080.7,1700000080700000000,1,26.9,3.275,11.725,0.3333333333333333,-0.08333333333333333,0.08333333333333333
80.80000000000001,1700000080.8,1700000080800000000,1,26.933333333333337,3.2666666666666657,11.733333333333334,0.3333333333333333,-0.08333333333333333,0.08333333333333333
80.9,1700000080.9,1700000080900000000,1,26.96666666666667,3.258333333333333,11.741666666666667,0.3333333333333333,-0.08333333333333333,0.08333333333333333
81.0,1700000081.0,1700000081000000000,1,27.0,3.25,11.75,0.3333333333333333,-0.08333333333333333,0.08333333333333333
81.10000000000001,1700000081.1,1700000081100000000,1,27.033333333333335,3.2416666666666663,11.758333333333335,0.3333333333333333,-0.08333333333333333,0.08333333333333333
81.2,1700000081.2,1700000081200000000,1,27.06666666666667,3.233333333333333,11.766666666666667,0.3333333333333333,-0.08333333333333333,0.08333333333333333
81.30000000000001,1700000081.3,1700000081300000000,1,27.100000000000005,3.2249999999999988,11.775,0.3333333333333333,-0.08333333333333333,0.08333333333333333
81.4,1700000081.4,1700000081400000000,1,27.133333333333333,3.2166666666666663,11.783333333333333,0.3333333333333333,-0.08333333333333333,0.08333333333333333
81.5,1700000081.5,1700000081500000000,1,27.166666666666668,3.208333333333333,11.791666666666666,0.3333333333333333,-0.08333333333333333,0.08333333333333333
81.60000000000001,1700000081.6,1700000081600000000,1,27.200000000000003,3.1999999999999993,11.8,0.3333333333333333,-0.08333333333333333,0.08333333333333333
81.7,1700000081.7,1700000081700000000,1,27.233333333333334,3.1916666666666664,11.808333333333334,0.3333333333333333,-0.08333333333333333,0.08333333333333333
81.80000000000001,1700000081.8,1700000081800000000,1,27.26666666666667,3.1833333333333327,11.816666666666668,0.3333333333333333,-0.08333333333333333,0.08333333333333333
81.9,1700000081.9,1700000081900000000,1,27.300000000000004,3.1749999999999994,11.825000000000001,0.3333333333333333,-0.08333333333333333,0.08333333333333333
82.0,1700000082.0,1700000082000000000,1,27.333333333333332,3.166666666666667,11.833333333333334,0.3333333333333333,-0.08333333333333333,0.08333333333333333
82.10000000000001,1700000082.1,1700000082100000000,1,27.366666666666667,3.1583333333333328,11.841666666666667,0.3333333333333333,-0.08333333333333333,0.08333333333333333
82.2,1700000082.2,1700000082200000000,1,27.400000000000002,3.1499999999999995,11.85,0.3333333333333333,-0.08333333333333333,0.08333333333333333
82.30000000000001,1700000082.3,1700000082300000000,1,27.433333333333337,3.1416666666666657,11.858333333333334,0.3333333333333333,-0.08333333333333333,0.08333333333333333
82.4,1700000082.4,1700000082400000000,1,27.46666666666667,3.133333333333333,11.866666666666667,0.3333333333333333,-0.08333333333333333,0.08333333333333333
82.5,1700000082.5,1700000082500000000,1,27.5,3.125,11.875,0.3333333333333333,-0.08333333333333333,0.08333333333333333
82.60000000000001,1700000082.6,1700000082600000000,1,27.53333333333334,3.116666666666666,11.883333333333335,0.3333333333333333,-0.08333333333333333,0.08333333333333333
82.7,1700000082.7,1700000082700000000,1,27.566666666666666,3.1083333333333334,11.891666666666667,0.3333333333333333,-0.08333333333333333,0.08333333333333333
82.80000000000001,1700000082.8,1700000082800000000,1,27.6,3.099999999999999,11.9,0.3333333333333333,-0.08333333333333333,0.08333333333333333
82.9,1700000082.9,1700000082900000000,1,27.633333333333336,3.091666666666666,11.908333333333333,0.3333333333333333,-0.08333333333333333,0.08333333333333333
83.0,1700000083.0,1700000083000000000,1,27.666666666666668,3.083333333333333,11.916666666666666,0.3333333333333333,-0.08333333333333333,0.08333333333333333
83.10000000000001,1700000083.1,1700000083100000000,1,27.700000000000003,3.0749999999999993,11.925,0.3333333333333333,-0.08333333333333333,0.08333333333333333
83.2,1700000083.2,1700000083200000000,1,27.733333333333334,3.0666666666666664,11.933333333333334,0.3333333333333333,-0.08333333333333333,0.08333333333333333
83.30000000000001,1700000083.3,1700000083300000000,1,27.766666666666673,3.0583333333333322,11.941666666666668,0.3333333333333333,-0.08333333333333333,0.08333333333333333
83.4,1700000083.4,1700000083400000000,1,27.8,3.05,11.950000000000001,0.3333333333333333,-0.08333333333333333,0.08333333333333333
83.5,1700000083.5,1700000083500000000,1,27.833333333333332,3.041666666666667,11.958333333333334,0.3333333333333333,-0.08333333333333333,0.08333333333333333
83.60000000000001,1700000083.6,1700000083600000000,1,27.86666666666667,3.0333333333333323,11.966666666666667,0.3333333333333333,-0.08333333333333333,0.08333333333333333
83.7,1700000083.7,1700000083700000000,1,27.900000000000002,3.0249999999999995,11.975,0.3333333333333333,-0.08333333333333333,0.08333333333333333
83.80000000000001,1700000083.8,1700000083800000000,1,27.933333333333337,3.0166666666666657,11.983333333333334,0.3333333333333333,-0.08333333333333333,0.08333333333333333
83.9,1700000083.9,1700000083900000000,1,27.96666666666667,3.008333333333333,11.991666666666667,0.3333333333333333,-0.08333333333333333,0.08333333333333333
84.0,1700000084.0,1700000084000000000,1,28.0,3.0,12.0,0.3333333333333333,-0.08333333333333333,0.08333333333333333
84.10000000000001,1700000084.1,1700000084100000000,1,28.033333333333335,2.9916666666666663,12.008333333333333,0.3333333333333333,-0.08333333333333333,0.08333333333333333
84.2,1700000084.2,1700000084200000000,1,28.06666666666667,2.983333333333333,12.016666666666667,0.3333333333333333,-0.08333333333333333,0.08333333333333333
84.30000000000001,1700000084.3,1700000084300000000,1,28.1,2.974999999999999,12.025,0.3333333333333333,-0.08333333333333333,0.08333333333333333
84.4,1700000084.4,1700000084400000000,1,28.133333333333336,2.966666666666666,12.033333333333335,0.3333333333333333,-0.08333333333333333,0.08333333333333333
84.5,1700000084.5,1700000084500000000,1,28.166666666666664,2.9583333333333335,12.041666666666666,0.3333333333333333,-0.08333333333333333,0.08333333333333333
84.60000000000001,1700000084.6,1700000084600000000,1,28.200000000000003,2.9499999999999993,12.05,0.3333333333333333,-0.08333333333333333,0.08333333333333333
84.7,1700000084.7,1700000084700000000,1,28.233333333333334,2.9416666666666664,12.058333333333334,0.3333333333333333,-0.08333333333333333,0.08333333333333333
84.80000000000001,1700000084.8,1700000084800000000,1,28.26666666666667,2.9333333333333327,12.066666666666666,0.3333333333333333,-0.08333333333333333,0.08333333333333333
84.9,1700000084.9,1700000084900000000,1,28.300000000000004,2.9249999999999994,12.075000000000001,0.3333333333333333,-0.08333333333333333,0.08333333333333333
85.0,1700000085.0,1700000085000000000,1,28.333333333333336,2.9166666666666665,12.083333333333334,0.3333333333333333,-0.08333333333333333,0.08333333333333333
85.10000000000001,1700000085.1,1700000085100000000,1,28.36666666666667,2.9083333333333323,12.091666666666669,0.3333333333333333,-0.08333333333333333,0.08333333333333333
85.2,1700000085.2,1700000085200000000,1,28.4,2.9,12.1,0.3333333333333333,-0.08333333333333333,0.08333333333333333
85.30000000000001,1700000085.3,1700000085300000000,1,28.433333333333337,2.8916666666666657,12.108333333333334,0.3333333333333333,-0.08333333333333333,0.08333333333333333
85.4,1700000085.4,1700000085400000000,1,28.46666666666667,2.883333333333333,12.116666666666667,0.3333333333333333,-0.08333333333333333,0.08333333333333333
85.5,1700000085.5,1700000085500000000,1,28.5,2.875,12.125,0.3333333333333333,-0.08333333333333333,0.08333333333333333
85.60000000000001,1700000085.6,1700000085600000000,1,28.53333333333334,2.866666666666666,12.133333333333335,0.3333333333333333,-0.08333333333333333,0.08333333333333333
85.7,1700000085.7,1700000085700000000,1,28.56666666666667,2.858333333333333,12.141666666666667,0.3333333333333333,-0.08333333333333333,0.08333333333333333
85.80000000000001,1700000085.8,1700000085800000000,1,28.600000000000005,2.8499999999999988,12.150000000000002,0.3333333333333333,-0.08333333333333333,0.08333333333333333
85.9,1700000085.9,1700000085900000000,1,28.633333333333333,2.8416666666666663,12.158333333333333,0.3333333333333333,-0.08333333333333333,0.08333333333333333
86.0,1700000086.0,1700000086000000000,1,28.666666666666668,2.833333333333333,12.166666666666668,0.3333333333333333,-0.08333333333333333,0.08333333333333333
86.10000000000001,1700000086.1,1700000086100000000,1,28.700000000000003,2.8249999999999993,12.175,0.3333333333333333,-0.08333333333333333,0.08333333333333333
86.2,1700000086.2,1700000086200000000,1,28.733333333333334,2.8166666666666664,12.183333333333334,0.3333333333333333,-0.08333333333333333,0.08333333333333333
86.30000000000001,1700000086.3,1700000086300000000,1,28.766666666666673,2.8083333333333322,12.191666666666668,0.3333333333333333,-0.08333333333333333,0.08333333333333333
86.4,1700000086.4,1700000086400000000,1,28.800000000000004,2.7999999999999994,12.200000000000001,0.3333333333333333,-0.08333333333333333,0.08333333333333333
86.5,1700000086.5,1700000086500000000,1,28.833333333333332,2.791666666666667,12.208333333333332,0.3333333333333333,-0.08333333333333333,0.08333333333333333
86.60000000000001,1700000086.6,1700000086600000000,1,28.866666666666667,2.7833333333333328,12.216666666666667,0.3333333333333333,-0.08333333333333333,0.08333333333333333
86.7,1700000086.7,1700000086700000000,1,28.900000000000002,2.7749999999999995,12.225000000000001,0.3333333333333333,-0.08333333333333333,0.08333333333333333
86.80000000000001,1700000086.8,1700000086800000000,1,28.933333333333337,2.7666666666666657,12.233333333333334,0.3333333333333333,-0.08333333333333333,0.08333333333333333
86.9,1700000086.9,1700000086900000000,1,28.96666666666667,2.758333333333333,12.241666666666667,0.3333333333333333,-0.08333333333333333,0.08333333333333333
87.0,1700000087.0,1700000087000000000,1,29.0,2.75,12.25,0.3333333333333333,-0.08333333333333333,0.08333333333333333
87.10000000000001,1700000087.1,1700000087100000000,1,29.03333333333334,2.741666666666666,12.258333333333335,0.3333333333333333,-0.08333333333333333,0.08333333333333333
87.2,1700000087.2,1700000087200000000,1,29.066666666666666,2.7333333333333334,12.266666666666666,0.3333333333333333,-0.08333333333333333,0.08333333333333333
87.30000000000001,1700000087.3,1700000087300000000,1,29.1,2.724999999999999,12.275,0.3333333333333333,-0.08333333333333333,0.08333333333333333
87.4,1700000087.4,1700000087400000000,1,29.133333333333336,2.716666666666666,12.283333333333335,0.3333333333333333,-0.08333333333333333,0.08333333333333333
87.5,1700000087.5,1700000087500000000,1,29.166666666666664,2.7083333333333335,12.291666666666666,0.3333333333333333,-0.08333333333333333,0.08333333333333333
87.60000000000001,1700000087.6,1700000087600000000,1,29.200000000000003,2.6999999999999993,12.3,0.3333333333333333,-0.08333333333333333,0.08333333333333333
87.7,1700000087.7,1700000087700000000,1,29.233333333333334,2.6916666666666664,12.308333333333334,0.3333333333333333,-0.08333333333333333,0.08333333333333333
87.80000000000001,1700000087.8,1700000087800000000,1,29.266666666666673,2.6833333333333322,12.316666666666668,0.3333333333333333,-0.08333333333333333,0.08333333333333333
87.9,1700000087.9,1700000087900000000,1,29.3,2.675,12.325,0.3333333333333333,-0.08333333333333333,0.08333333333333333
88.0,1700000088.0,1700000088000000000,1,29.333333333333336,2.6666666666666665,12.333333333333334,0.3333333333333333,-0.08333333333333333,0.08333333333333333
88.10000000000001,1700000088.1,1700000088100000000,1,29.36666666666667,2.6583333333333323,12.341666666666669,0.3333333333333333,-0.08333333333333333,0.08333333333333333
88.2,1700000088.2,1700000088200000000,1,29.4,2.65,12.35,0.3333333333333333,-0.08333333333333333,0.08333333333333333
88.30000000000001,1700000088.3,1700000088300000000,1,29.433333333333337,2.6416666666666657,12.358333333333334,0.3333333333333333,-0.08333333333333333,0.08333333333333333
88.4,1700000088.4,1700000088400000000,1,29.46666666666667,2.633333333333333,12.366666666666667,0.3333333333333333,-0.08333333333333333,0.08333333333333333
88.5,1700000088.5,1700000088500000000,1,29.5,2.625,12.375,0.3333333333333333,-0.08333333333333333,0.08333333333333333
88.60000000000001,1700000088.6,1700000088600000000,1,29.533333333333335,2.6166666666666663,12.383333333333333,0.3333333333333333,-0.08333333333333333,0.08333333333333333
88.7,1700000088.7,1700000088700000000,1,29.56666666666667,2.608333333333333,12.391666666666667,0.3333333333333333,-0.08333333333333333,0.08333333333333333
88.80000000000001,1700000088.8,1700000088800000000,1,29.600000000000005,2.5999999999999988,12.400000000000002,0.3333333333333333,-0.08333333333333333,0.08333333333333333
88.9,1700000088.9,1700000088900000000,1,29.633333333333333,2.5916666666666663,12.408333333333333,0.3333333333333333,-0.08333333333333333,0.08333333333333333
89.0,1700000089.0,1700000089000000000,1,29.666666666666664,2.5833333333333335,12.416666666666666,0.3333333333333333,-0.08333333333333333,0.08333333333333333
89.10000000000001,1700000089.1,1700000089100000000,1,29.700000000000003,2.5749999999999993,12.425,0.3333333333333333,-0.08333333333333333,0.08333333333333333
89.2,1700000089.2,1700000089200000000,1,29.733333333333334,2.5666666666666664,12.433333333333334,0.3333333333333333,-0.08333333333333333,0.08333333333333333
89.30000000000001,1700000089.3,1700000089300000000,1,29.76666666666667,2.5583333333333327,12.441666666666666,0.3333333333333333,-0.08333333333333333,0.08333333333333333
89.4,1700000089.4,1700000089400000000,1,29.800000000000004,2.5499999999999994,12.450000000000001,0.3333333333333333,-0.08333333333333333,0.08333333333333333
89.5,1700000089.5,1700000089500000000,1,29.833333333333332,2.541666666666667,12.458333333333332,0.3333333333333333,-0.08333333333333333,0.08333333333333333
89.60000000000001,1700000089.6,1700000089600000000,1,29.866666666666667,2.5333333333333328,12.466666666666667,0.3333333333333333,-0.08333333333333333,0.08333333333333333
89.7,1700000089.7,1700000089700000000,1,29.9,2.525,12.475,0.3333333333333333,-0.08333333333333333,0.08333333333333333
89.80000000000001,1700000089.8,1700000089800000000,1,29.933333333333337,2.5166666666666657,12.483333333333334,0.3333333333333333,-0.08333333333333333,0.08333333333333333
89.9,1700000089.9,1700000089900000000,1,29.96666666666667,2.508333333333333,12.491666666666667,0.3333333333333333,-0.08333333333333333,0.08333333333333333
90.0,1700000090.0,1700000090000000000,1,30.0,2.5,12.5,0.3333333333333333,-0.08333333333333333,0.08333333333333333
90.10000000000001,1700000090.1,1700000090100000000,1,30.03333333333334,2.491666666666666,12.508333333333335,0.3333333333333333,-0.08333333333333333,0.08333333333333333
90.2,1700000090.2,1700000090200000000,1,30.06666666666667,2.483333333333333,12.516666666666667,0.3333333333333333,-0.08333333333333333,0.08333333333333333
90.30000000000001,1700000090.3,1700000090300000000,1,30.100000000000005,2.4749999999999988,12.525000000000002,0.3333333333333333,-0.08333333333333333,0.08333333333333333
90.4,1700000090.4,1700000090400000000,1,30.133333333333333,2.4666666666666663,12.533333333333333,0.3333333333333333,-0.08333333333333333,0.08333333333333333
90.5,1700000090.5,1700000090500000000,1,30.166666666666664,2.4583333333333335,12.541666666666666,0.3333333333333333,-0.08333333333333333,0.08333333333333333
90.60000000000001,1700000090.6,1700000090600000000,1,30.200000000000003,2.4499999999999993,12.55,0.3333333333333333,-0.08333333333333333,0.08333333333333333
90.7,1700000090.7,1700000090700000000,1,30.233333333333334,2.4416666666666664,12.558333333333334,0.3333333333333333,-0.08333333333333333,0.08333333333333333
90.80000000000001,1700000090.8,1700000090800000000,1,30.266666666666673,2.4333333333333322,12.566666666666668,0.3333333333333333,-0.08333333333333333,0.08333333333333333
90.9,1700000090.9,1700000090900000000,1,30.300000000000004,2.4249999999999994,12.575000000000001,0.3333333333333333,-0.08333333333333333,0.08333333333333333
91.0,1700000091.0,1700000091000000000,1,30.333333333333336,2.4166666666666665,12.583333333333334,0.3333333333333333,-0.08333333333333333,0.08333333333333333
91.10000000000001,1700000091.1,1700000091100000000,1,30.366666666666667,2.4083333333333328,12.591666666666667,0.3333333333333333,-0.08333333333333333,0.08333333333333333
91.2,1700000091.2,1700000091200000000,1,30.4,2.4,12.6,0.3333333333333333,-0.08333333333333333,0.08333333333333333
91.30000000000001,1700000091.3,1700000091300000000,1,30.433333333333337,2.3916666666666657,12.608333333333334,0.3333333333333333,-0.08333333333333333,0.08333333333333333
91.4,1700000091.4,1700000091400000000,1,30.46666666666667,2.383333333333333,12.616666666666667,0.3333333333333333,-0.08333333333333333,0.08333333333333333
91.5,1700000091.5,1700000091500000000,1,30.5,2.375,12.625,0.3333333333333333,-0.08333333333333333,0.08333333333333333
91.60000000000001,1700000091.6,1700000091600000000,1,30.53333333333334,2.366666666666666,12.633333333333335,0.3333333333333333,-0.08333333333333333,0.08333333333333333
91.7,1700000091.7,1700000091700000000,1,30.56666666666667,2.358333333333333,12.641666666666667,0.3333333333333333,-0.08333333333333333,0.08333333333333333
91.80000000000001,1700000091.8,1700000091800000000,1,30.6,2.349999999999999,12.65,0.3333333333333333,-0.08333333333333333,0.08333333333333333
91.9,1700000091.9,1700000091900000000,1,30.633333333333333,2.3416666666666663,12.658333333333333,0.3333333333333333,-0.08333333333333333,0.08333333333333333
92.0,1700000092.0,1700000092000000000,1,30.666666666666664,2.3333333333333335,12.666666666666666,0.3333333333333333,-0.08333333333333333,0.08333333333333333
92.10000000000001,1700000092.1,1700000092100000000,1,30.700000000000003,2.3249999999999993,12.675,0.3333333333333333,-0.08333333333333333,0.08333333333333333
92.2,1700000092.2,1700000092200000000,1,30.733333333333334,2.3166666666666664,12.683333333333334,0.3333333333333333,-0.08333333333333333,0.08333333333333333
92.30000000000001,1700000092.3,1700000092300000000,1,30.766666666666673,2.3083333333333322,12.691666666666668,0.3333333333333333,-0.08333333333333333,0.08333333333333333
92.4,1700000092.4,1700000092400000000,1,30.800000000000004,2.2999999999999994,12.700000000000001,0.3333333333333333,-0.08333333333333333,0.08333333333333333
92.5,1700000092.5,1700000092500000000,1,30.833333333333332,2.291666666666667,12.708333333333332,0.3333333333333333,-0.08333333333333333,0.08333333333333333
92.60000000000001,1700000092.6,1700000092600000000,1,30.866666666666667,2.2833333333333328,12.716666666666667,0.3333333333333333,-0.08333333333333333,0.08333333333333333
92.7,1700000092.7,1700000092700000000,1,30.9,2.275,12.725,0.3333333333333333,-0.08333333333333333,0.08333333333333333
92.80000000000001,1700000092.8,1700000092800000000,1,30.933333333333337,2.2666666666666657,12.733333333333334,0.3333333333333333,-0.08333333333333333,0.08333333333333333
92.9,1700000092.9,1700000092900000000,1,30.96666666666667,2.258333333333333,12.741666666666667,0.3333333333333333,-0.08333333333333333,0.08333333333333333
93.0,1700000093.0,1700000093000000000,1,31.0,2.25,12.75,0.3333333333333333,-0.08333333333333333,0.08333333333333333
93.10000000000001,1700000093.1,1700000093100000000,1,31.03333333333334,2.241666666666666,12.758333333333335,0.3333333333333333,-0.08333333333333333,0.08333333333333333
93.2,1700000093.2,1700000093200000000,1,31.066666666666666,2.2333333333333334,12.766666666666666,0.3333333333333333,-0.08333333333333333,0.08333333333333333
93.30000000000001,1700000093.3,1700000093300000000,1,31.1,2.224999999999999,12.775,0.3333333333333333,-0.08333333333333333,0.08333333333333333
93.4,1700000093.4,1700000093400000000,1,31.133333333333333,2.2166666666666663,12.783333333333333,0.3333333333333333,-0.08333333333333333,0.08333333333333333
93.5,1700000093.5,1700000093500000000,1,31.166666666666668,2.208333333333333,12.791666666666668,0.3333333333333333,-0.08333333333333333,0.08333333333333333
93.60000000000001,1700000093.6,1700000093600000000,1,31.200000000000003,2.1999999999999993,12.8,0.3333333333333333,-0.08333333333333333,0.08333333333333333
93.7,1700000093.7,1700000093700000000,1,31.233333333333334,2.1916666666666664,12.808333333333334,0.3333333333333333,-0.08333333333333333,0.08333333333333333
93.80000000000001,1700000093.8,1700000093800000000,1,31.266666666666673,2.1833333333333322,12.816666666666668,0.3333333333333333,-0.08333333333333333,0.08333333333333333
93.9,1700000093.9,1700000093900000000,1,31.3,2.175,12.825,0.3333333333333333,-0.08333333333333333,0.08333333333333333
94.0,1700000094.0,1700000094000000000,1,31.333333333333332,2.166666666666667,12.833333333333332,0.3333333333333333,-0.08333333333333333,0.08333333333333333
94.10000000000001,1700000094.1,1700000094100000000,1,31.366666666666667,2.1583333333333328,12.841666666666667,0.3333333333333333,-0.08333333333333333,0.08333333333333333
94.2,1700000094.2,1700000094200000000,1,31.400000000000002,2.1499999999999995,12.850000000000001,0.3333333333333333,-0.08333333333333333,0.08333333333333333
94.30000000000001,1700000094.3,1700000094300000000,1,31.433333333333337,2.1416666666666657,12.858333333333334,0.3333333333333333,-0.08333333333333333,0.08333333333333333
94.4,1700000094.4,1700000094400000000,1,31.46666666666667,2.133333333333333,12.866666666666667,0.3333333333333333,-0.08333333333333333,0.08333333333333333
94.5,1700000094.5,1700000094500000000,1,31.5,2.125,12.875,0.3333333333333333,-0.08333333333333333,0.08333333333333333
94.60000000000001,1700000094.6,1700000094600000000,1,31.533333333333335,2.1166666666666663,12.883333333333333,0.3333333333333333,-0.08333333333333333,0.08333333333333333
94.7,1700000094.7,1700000094700000000,1,31.566666666666666,2.1083333333333334,12.891666666666666,0.3333333333333333,-0.08333333333333333,0.08333333333333333
94.80000000000001,1700000094.8,1700000094800000000,1,31.6,2.099999999999999,12.9,0.3333333333333333,-0.08333333333333333,0.08333333333333333
94.9,1700000094.9,1700000094900000000,1,31.633333333333336,2.091666666666666,12.908333333333335,0.3333333333333333,-0.08333333333333333,0.08333333333333333
95.0,1700000095.0,1700000095000000000,1,31.666666666666668,2.083333333333333,12.916666666666668,0.3333333333333333,-0.08333333333333333,0.08333333333333333
95.10000000000001,1700000095.1,1700000095100000000,1,31.700000000000003,2.0749999999999993,12.925,0.3333333333333333,-0.08333333333333333,0.08333333333333333
95.2,1700000095.2,1700000095200000000,1,31.733333333333334,2.0666666666666664,12.933333333333334,0.3333333333333333,-0.08333333333333333,0.08333333333333333
95.30000000000001,1700000095.3,1700000095300000000,1,31.76666666666667,2.0583333333333327,12.941666666666666,0.3333333333333333,-0.08333333333333333,0.08333333333333333
95.4,1700000095.4,1700000095400000000,1,31.8,2.05,12.95,0.3333333333333333,-0.08333333333333333,0.08333333333333333
95.5,1700000095.5,1700000095500000000,1,31.833333333333336,2.0416666666666665,12.958333333333334,0.3333333333333333,-0.08333333333333333,0.08333333333333333
95.60000000000001,1700000095.6,1700000095600000000,1,31.86666666666667,2.0333333333333323,12.966666666666669,0.3333333333333333,-0.08333333333333333,0.08333333333333333
95.7,1700000095.7,1700000095700000000,1,31.900000000000002,2.0249999999999995,12.975000000000001,0.3333333333333333,-0.08333333333333333,0.08333333333333333
95.80000000000001,1700000095.8,1700000095800000000,1,31.933333333333337,2.0166666666666657,12.983333333333334,0.3333333333333333,-0.08333333333333333,0.08333333333333333
95.9,1700000095.9,1700000095900000000,1,31.96666666666667,2.008333333333333,12.991666666666667,0.3333333333333333,-0.08333333333333333,0.08333333333333333
96.0,1700000096.0,1700000096000000000,1,32.0,2.0,13.0,0.3333333333333333,-0.08333333333333333,0.08333333333333333
96.10000000000001,1700000096.1,1700000096100000000,1,32.03333333333333,1.9916666666666663,13.008333333333333,0.3333333333333333,-0.08333333333333333,0.08333333333333333
96.2,1700000096.2,1700000096200000000,1,32.06666666666667,1.983333333333333,13.016666666666667,0.3333333333333333,-0.08333333333333333,0.08333333333333333
96.30000000000001,1700000096.3,1700000096300000000,1,32.10000000000001,1.9749999999999988,13.025000000000002,0.3333333333333333,-0.08333333333333333,0.08333333333333333
96.4,1700000096.4,1700000096400000000,1,32.13333333333334,1.966666666666666,13.033333333333335,0.3333333333333333,-0.08333333333333333,0.08333333333333333
96.5,1700000096.5,1700000096500000000,1,32.166666666666664,1.9583333333333335,13.041666666666666,0.3333333333333333,-0.08333333333333333,0.08333333333333333
96.60000000000001,1700000096.6,1700000096600000000,1,32.2,1.9499999999999993,13.05,0.3333333333333333,-0.08333333333333333,0.08333333333333333
96.7,1700000096.7,1700000096700000000,1,32.233333333333334,1.9416666666666664,13.058333333333334,0.3333333333333333,-0.08333333333333333,0.08333333333333333
96.80000000000001,1700000096.8,1700000096800000000,1,32.266666666666666,1.9333333333333327,13.066666666666666,0.3333333333333333,-0.08333333333333333,0.08333333333333333
96.9,1700000096.9,1700000096900000000,1,32.300000000000004,1.9249999999999994,13.075000000000001,0.3333333333333333,-0.08333333333333333,0.08333333333333333
97.0,1700000097.0,1700000097000000000,1,32.333333333333336,1.9166666666666665,13.083333333333334,0.3333333333333333,-0.08333333333333333,0.08333333333333333
97.10000000000001,1700000097.1,1700000097100000000,1,32.366666666666674,1.9083333333333323,13.091666666666669,0.3333333333333333,-0.08333333333333333,0.08333333333333333
97.2,1700000097.2,1700000097200000000,1,32.4,1.9,13.1,0.3333333333333333,-0.08333333333333333,0.08333333333333333
97.30000000000001,1700000097.3,1700000097300000000,1,32.43333333333334,1.8916666666666657,13.108333333333334,0.3333333333333333,-0.08333333333333333,0.08333333333333333
97.4,1700000097.4,1700000097400000000,1,32.46666666666667,1.8833333333333329,13.116666666666667,0.3333333333333333,-0.08333333333333333,0.08333333333333333
97.5,1700000097.5,1700000097500000000,1,32.5,1.875,13.125,0.3333333333333333,-0.08333333333333333,0.08333333333333333
97.60000000000001,1700000097.6,1700000097600000000,1,32.53333333333334,1.8666666666666658,13.133333333333335,0.3333333333333333,-0.08333333333333333,0.08333333333333333
97.7,1700000097.7,1700000097700000000,1,32.56666666666667,1.858333333333333,13.141666666666667,0.3333333333333333,-0.08333333333333333,0.08333333333333333
97.80000000000001,1700000097.8,1700000097800000000,1,32.60000000000001,1.8499999999999988,13.150000000000002,0.3333333333333333,-0.08333333333333333,0.08333333333333333
97.9,1700000097.9,1700000097900000000,1,32.63333333333333,1.8416666666666663,13.158333333333333,0.3333333333333333,-0.08333333333333333,0.08333333333333333
98.0,1700000098.0,1700000098000000000,1,32.666666666666664,1.8333333333333335,13.166666666666666,0.3333333333333333,-0.08333333333333333,0.08333333333333333
98.10000000000001,1700000098.1,1700000098100000000,1,32.7,1.8249999999999993,13.175,0.3333333333333333,-0.08333333333333333,0.08333333333333333
98.2,1700000098.2,1700000098200000000,1,32.733333333333334,1.8166666666666664,13.183333333333334,0.3333333333333333,-0.08333333333333333,0.08333333333333333
98.30000000000001,1700000098.3,1700000098300000000,1,32.76666666666667,1.8083333333333322,13.191666666666668,0.3333333333333333,-0.08333333333333333,0.08333333333333333
98.4,1700000098.4,1700000098400000000,1,32.800000000000004,1.7999999999999994,13.200000000000001,0.3333333333333333,-0.08333333333333333,0.08333333333333333
98.5,1700000098.5,1700000098500000000,1,32.833333333333336,1.7916666666666665,13.208333333333334,0.3333333333333333,-0.08333333333333333,0.08333333333333333
98.60000000000001,1700000098.6,1700000098600000000,1,32.86666666666667,1.7833333333333328,13.216666666666667,0.3333333333333333,-0.08333333333333333,0.08333333333333333
98.7,1700000098.7,1700000098700000000,1,32.9,1.775,13.225,0.3333333333333333,-0.08333333333333333,0.08333333333333333
98.80000000000001,1700000098.8,1700000098800000000,1,32.93333333333334,1.7666666666666657,13.233333333333334,0.3333333333333333,-0.08333333333333333,0.08333333333333333
98.9,1700000098.9,1700000098900000000,1,32.96666666666667,1.7583333333333329,13.241666666666667,0.3333333333333333,-0.08333333333333333,0.08333333333333333
99.0,1700000099.0,1700000099000000000,1,33.0,1.75,13.25,0.3333333333333333,-0.08333333333333333,0.08333333333333333
99.10000000000001,1700000099.1,1700000099100000000,1,33.03333333333334,1.7416666666666658,13.258333333333335,0.3333333333333333,-0.08333333333333333,0.08333333333333333
99.2,1700000099.2,1700000099200000000,1,33.06666666666667,1.733333333333333,13.266666666666667,0.3333333333333333,-0.08333333333333333,0.08333333333333333
99.30000000000001,1700000099.3,1700000099300000000,1,33.1,1.7249999999999992,13.275,0.3333333333333333,-0.08333333333333333,0.08333333333333333
99.4,1700000099.4,1700000099400000000,1,33.13333333333333,1.7166666666666663,13.283333333333333,0.3333333333333333,-0.08333333333333333,0.08333333333333333
99.5,1700000099.5,1700000099500000000,1,33.166666666666664,1.7083333333333335,13.291666666666666,0.3333333333333333,-0.08333333333333333,0.08333333333333333
99.60000000000001,1700000099.6,1700000099600000000,1,33.2,1.6999999999999993,13.3,0.3333333333333333,-0.08333333333333333,0.08333333333333333
99.7,1700000099.7,1700000099700000000,1,33.233333333333334,1.6916666666666664,13.308333333333334,0.3333333333333333,-0.08333333333333333,0.08333333333333333
99.80000000000001,1700000099.8,1700000099800000000,1,33.26666666666667,1.6833333333333322,13.316666666666668,0.3333333333333333,-0.08333333333333333,0.08333333333333333
99.9,1700000099.9,1700000099900000000,1,33.300000000000004,1.6749999999999994,13.325000000000001,0.3333333333333333,-0.08333333333333333,0.08333333333333333
100.0,1700000100.0,1700000100000000000,1,33.33333333333333,1.666666666666667,13.333333333333332,0.3333333333333333,-0.08333333333333333,0.08333333333333333
100.10000000000001,1700000100.1,1700000100100000000,1,33.36666666666667,1.6583333333333328,13.341666666666667,0.3333333333333333,-0.08333333333333333,0.08333333333333333
100.2,1700000100.2,1700000100200000000,1,33.4,1.65,13.35,0.3333333333333333,-0.08333333333333333,0.08333333333333333
100.30000000000001,1700000100.3,1700000100300000000,1,33.43333333333334,1.6416666666666657,13.358333333333334,0.3333333333333333,-0.08333333333333333,0.08333333333333333
100.4,1700000100.4,1700000100400000000,1,33.46666666666667,1.6333333333333329,13.366666666666667,0.3333333333333333,-0.08333333333333333,0.08333333333333333
100.5,1700000100.5,1700000100500000000,1,33.5,1.625,13.375,0.3333333333333333,-0.08333333333333333,0.08333333333333333
100.60000000000001,1700000100.6,1700000100600000000,1,33.53333333333334,1.6166666666666658,13.383333333333335,0.3333333333333333,-0.08333333333333333,0.08333333333333333
100.7,1700000100.7,1700000100700000000,1,33.56666666666666,1.6083333333333334,13.391666666666666,0.3333333333333333,-0.08333333333333333,0.08333333333333333
100.80000000000001,1700000100.8,1700000100800000000,1,33.6,1.5999999999999992,13.4,0.3333333333333333,-0.08333333333333333,0.08333333333333333
100.9,1700000100.9,1700000100900000000,1,33.63333333333333,1.5916666666666663,13.408333333333333,0.3333333333333333,-0.08333333333333333,0.08333333333333333
101.0,1700000101.0,1700000101000000000,1,33.66666666666667,1.583333333333333,13.416666666666668,0.3333333333333333,-0.08333333333333333,0.08333333333333333
101.10000000000001,1700000101.1,1700000101100000000,1,33.7,1.5749999999999993,13.425,0.3333333333333333,-0.08333333333333333,0.08333333333333333
101.2,1700000101.2,1700000101200000000,1,33.733333333333334,1.5666666666666664,13.433333333333334,0.3333333333333333,-0.08333333333333333,0.08333333333333333
101.30000000000001,1700000101.3,1700000101300000000,1,33.76666666666667,1.5583333333333322,13.441666666666668,0.3333333333333333,-0.08333333333333333,0.08333333333333333
101.4,1700000101.4,1700000101400000000,1,33.8,1.5499999999999998,13.45,0.3333333333333333,-0.08333333333333333,0.08333333333333333
101.5,1700000101.5,1700000101500000000,1,33.83333333333333,1.541666666666667,13.458333333333332,0.3333333333333333,-0.08333333333333333,0.08333333333333333
101.60000000000001,1700000101.6,1700000101600000000,1,33.86666666666667,1.5333333333333328,13.466666666666667,0.3333333333333333,-0.08333333333333333,0.08333333333333333
101.7,1700000101.7,1700000101700000000,1,33.900000000000006,1.5249999999999995,13.475000000000001,0.3333333333333333,-0.08333333333333333,0.08333333333333333
101.80000000000001,1700000101.8,1700000101800000000,1,33.93333333333334,1.5166666666666657,13.483333333333334,0.3333333333333333,-0.08333333333333333,0.08333333333333333
101.9,1700000101.9,1700000101900000000,1,33.96666666666667,1.5083333333333329,13.491666666666667,0.3333333333333333,-0.08333333333333333,0.08333333333333333
102.0,1700000102.0,1700000102000000000,1,34.0,1.5,13.5,0.3333333333333333,-0.08333333333333333,0.08333333333333333
102.10000000000001,1700000102.1,1700000102100000000,1,34.03333333333333,1.4916666666666663,13.508333333333333,0.3333333333333333,-0.08333333333333333,0.08333333333333333
102.2,1700000102.2,1700000102200000000,1,34.06666666666666,1.4833333333333334,13.516666666666666,0.3333333333333333,-0.08333333333333333,0.08333333333333333
102.30000000000001,1700000102.3,1700000102300000000,1,34.1,1.4749999999999992,13.525,0.3333333333333333,-0.08333333333333333,0.08333333333333333
102.4,1700000102.4,1700000102400000000,1,34.13333333333334,1.466666666666666,13.533333333333335,0.3333333333333333,-0.08333333333333333,0.08333333333333333
102.5,1700000102.5,1700000102500000000,1,34.16666666666667,1.458333333333333,13.541666666666668,0.3333333333333333,-0.08333333333333333,0.08333333333333333
102.60000000000001,1700000102.6,1700000102600000000,1,34.2,1.4499999999999993,13.55,0.3333333333333333,-0.08333333333333333,0.08333333333333333
102.7,1700000102.7,1700000102700000000,1,34.233333333333334,1.4416666666666664,13.558333333333334,0.3333333333333333,-0.08333333333333333,0.08333333333333333
102.80000000000001,1700000102.8,1700000102800000000,1,34.266666666666666,1.4333333333333327,13.566666666666666,0.3333333333333333,-0.08333333333333333,0.08333333333333333
102.9,1700000102.9,1700000102900000000,1,34.3,1.4249999999999998,13.575,0.3333333333333333,-0.08333333333333333,0.08333333333333333
103.0,1700000103.0,1700000103000000000,1,34.333333333333336,1.4166666666666665,13.583333333333334,0.3333333333333333,-0.08333333333333333,0.08333333333333333
103.10000000000001,1700000103.1,1700000103100000000,1,34.366666666666674,1.4083333333333323,13.591666666666669,0.3333333333333333,-0.08333333333333333,0.08333333333333333
103.2,1700000103.2,1700000103200000000,1,34.400000000000006,1.3999999999999995,13.600000000000001,0.3333333333333333,-0.08333333333333333,0.08333333333333333
103.30000000000001,1700000103.3,1700000103300000000,1,34.43333333333334,1.3916666666666657,13.608333333333334,0.3333333333333333,-0.08333333333333333,0.08333333333333333
103.4,1700000103.4,1700000103400000000,1,34.46666666666667,1.3833333333333329,13.616666666666667,0.3333333333333333,-0.08333333333333333,0.08333333333333333
103.5,1700000103.5,1700000103500000000,1,34.5,1.375,13.625,0.3333333333333333,-0.08333333333333333,0.08333333333333333
103.60000000000001,1700000103.6,1700000103600000000,1,34.53333333333333,1.3666666666666663,13.633333333333333,0.3333333333333333,-0.08333333333333333,0.08333333333333333
103.7,1700000103.7,1700000103700000000,1,34.56666666666667,1.358333333333333,13.641666666666667,0.3333333333333333,-0.08333333333333333,0.08333333333333333
103.80000000000001,1700000103.8,1700000103800000000,1,34.60000000000001,1.3499999999999988,13.650000000000002,0.3333333333333333,-0.08333333333333333,0.08333333333333333
103.9,1700000103.9,1700000103900000000,1,34.63333333333334,1.341666666666666,13.658333333333335,0.3333333333333333,-0.08333333333333333,0.08333333333333333
104.0,1700000104.0,1700000104000000000,1,34.666666666666664,1.3333333333333335,13.666666666666666,0.3333333333333333,-0.08333333333333333,0.08333333333333333
104.10000000000001,1700000104.1,1700000104100000000,1,34.7,1.3249999999999993,13.675,0.3333333333333333,-0.08333333333333333,0.08333333333333333
104.2,1700000104.2,1700000104200000000,1,34.733333333333334,1.3166666666666664,13.683333333333334,0.3333333333333333,-0.08333333333333333,0.08333333333333333
104.30000000000001,1700000104.3,1700000104300000000,1,34.766666666666666,1.3083333333333327,13.691666666666666,0.3333333333333333,-0.08333333333333333,0.08333333333333333
104.4,1700000104.4,1700000104400000000,1,34.800000000000004,1.2999999999999994,13.700000000000001,0.3333333333333333,-0.08333333333333333,0.08333333333333333
104.5,1700000104.5,1700000104500000000,1,34.833333333333336,1.2916666666666665,13.708333333333334,0.3333333333333333,-0.08333333333333333,0.08333333333333333
104.60000000000001,1700000104.6,1700000104600000000,1,34.866666666666674,1.2833333333333323,13.716666666666669,0.3333333333333333,-0.08333333333333333,0.08333333333333333
104.7,1700000104.7,1700000104700000000,1,34.9,1.275,13.725,0.3333333333333333,-0.08333333333333333,0.08333333333333333
104.80000000000001,1700000104.8,1700000104800000000,1,34.93333333333334,1.2666666666666657,13.733333333333334,0.3333333333333333,-0.08333333333333333,0.08333333333333333
104.9,1700000104.9,1700000104900000000,1,34.96666666666667,1.2583333333333329,13.741666666666667,0.3333333333333333,-0.08333333333333333,0.08333333333333333
105.0,1700000105.0,1700000105000000000,1,35.0,1.25,13.75,0.3333333333333333,-0.08333333333333333,0.08333333333333333
105.10000000000001,1700000105.1,1700000105100000000,1,35.03333333333334,1.2416666666666658,13.758333333333335,0.3333333333333333,-0.08333333333333333,0.08333333333333333
105.2,1700000105.2,1700000105200000000,1,35.06666666666667,1.233333333333333,13.766666666666667,0.3333333333333333,-0.08333333333333333,0.08333333333333333
105.30000000000001,1700000105.3,1700000105300000000,1,35.10000000000001,1.2249999999999988,13.775000000000002,0.3333333333333333,-0.08333333333333333,0.08333333333333333
105.4,1700000105.4,1700000105400000000,1,35.13333333333333,1.2166666666666663,13.783333333333333,0.3333333333333333,-0.08333333333333333,0.08333333333333333
105.5,1700000105.5,1700000105500000000,1,35.166666666666664,1.2083333333333335,13.791666666666666,0.3333333333333333,-0.08333333333333333,0.08333333333333333
105.60000000000001,1700000105.6,1700000105600000000,1,35.2,1.1999999999999993,13.8,0.3333333333333333,-0.08333333333333333,0.08333333333333333
105.7,1700000105.7,1700000105700000000,1,35.233333333333334,1.1916666666666664,13.808333333333334,0.3333333333333333,-0.08333333333333333,0.08333333333333333
105.80000000000001,1700000105.8,1700000105800000000,1,35.26666666666667,1.1833333333333322,13.816666666666668,0.3333333333333333,-0.08333333333333333,0.08333333333333333
105.9,1700000105.9,1700000105900000000,1,35.300000000000004,1.1749999999999994,13.825000000000001,0.3333333333333333,-0.08333333333333333,0.08333333333333333
106.0,1700000106.0,1700000106000000000,1,35.333333333333336,1.1666666666666665,13.833333333333334,0.3333333333333333,-0.08333333333333333,0.08333333333333333
106.10000000000001,1700000106.1,1700000106100000000,1,35.36666666666667,1.1583333333333328,13.841666666666667,0.3333333333333333,-0.08333333333333333,0.08333333333333333
106.2,1700000106.2,1700000106200000000,1,35.4,1.15,13.85,0.3333333333333333,-0.08333333333333333,0.08333333333333333
106.30000000000001,1700000106.3,1700000106300000000,1,35.43333333333334,1.1416666666666657,13.858333333333334,0.3333333333333333,-0.08333333333333333,0.08333333333333333
106.4,1700000106.4,1700000106400000000,1,35.46666666666667,1.1333333333333329,13.866666666666667,0.3333333333333333,-0.08333333333333333,0.08333333333333333
106.5,1700000106.5,1700000106500000000,1,35.5,1.125,13.875,0.3333333333333333,-0.08333333333333333,0.08333333333333333
106.60000000000001,1700000106.6,1700000106600000000,1,35.53333333333334,1.1166666666666658,13.883333333333335,0.3333333333333333,-0.08333333333333333,0.08333333333333333
106.7,1700000106.7,1700000106700000000,1,35.56666666666667,1.108333333333333,13.891666666666667,0.3333333333333333,-0.08333333333333333,0.08333333333333333
106.80000000000001,1700000106.8,1700000106800000000,1,35.6,1.0999999999999992,13.9,0.3333333333333333,-0.08333333333333333,0.08333333333333333
106.9,1700000106.9,1700000106900000000,1,35.63333333333333,1.0916666666666663,13.908333333333333,0.3333333333333333,-0.08333333333333333,0.08333333333333333
107.0,1700000107.0,1700000107000000000,1,35.666666666666664,1.0833333333333335,13.916666666666666,0.3333333333333333,-0.08333333333333333,0.08333333333333333
107.10000000000001,1700000107.1,1700000107100000000,1,35.7,1.0749999999999993,13.925,0.3333333333333333,-0.08333333333333333,0.08333333333333333
107.2,1700000107.2,1700000107200000000,1,35.733333333333334,1.0666666666666664,13.933333333333334,0.3333333333333333,-0.08333333333333333,0.08333333333333333
107.30000000000001,1700000107.3,1700000107300000000,1,35.76666666666667,1.0583333333333322,13.941666666666668,0.3333333333333333,-0.08333333333333333,0.08333333333333333
107.4,1700000107.4,1700000107400000000,1,35.800000000000004,1.0499999999999994,13.950000000000001,0.3333333333333333,-0.08333333333333333,0.08333333333333333
107.5,1700000107.5,1700000107500000000,1,35.83333333333333,1.041666666666667,13.958333333333332,0.3333333333333333,-0.08333333333333333,0.08333333333333333
107.60000000000001,1700000107.6,1700000107600000000,1,35.86666666666667,1.0333333333333328,13.966666666666667,0.3333333333333333,-0.08333333333333333,0.08333333333333333
107.7,1700000107.7,1700000107700000000,1,35.9,1.025,13.975,0.3333333333333333,-0.08333333333333333,0.08333333333333333
107.80000000000001,1700000107.8,1700000107800000000,1,35.93333333333334,1.0166666666666657,13.983333333333334,0.3333333333333333,-0.08333333333333333,0.08333333333333333
107.9,1700000107.9,1700000107900000000,1,35.96666666666667,1.0083333333333329,13.991666666666667,0.3333333333333333,-0.08333333333333333,0.08333333333333333
108.0,1700000108.0,1700000108000000000,1,36.0,1.0,14.0,0.3333333333333333,-0.08333333333333333,0.08333333333333333
108.10000000000001,1700000108.1,1700000108100000000,1,36.03333333333334,0.9916666666666654,14.008333333333335,0.3333333333333333,-0.08333333333333333,0.08333333333333333
108.2,1700000108.2,1700000108200000000,1,36.06666666666666,0.9833333333333334,14.016666666666666,0.3333333333333333,-0.08333333333333333,0.08333333333333333
108.30000000000001,1700000108.3,1700000108300000000,1,36.1,0.9749999999999996,14.025,0.3333333333333333,-0.08333333333333333,0.08333333333333333
108.4,1700000108.4,1700000108400000000,1,36.13333333333334,0.9666666666666659,14.033333333333335,0.3333333333333333,-0.08333333333333333,0.08333333333333333
108.5,1700000108.5,1700000108500000000,1,36.16666666666667,0.958333333333333,14.041666666666668,0.3333333333333333,-0.08333333333333333,0.08333333333333333
108.60000000000001,1700000108.6,1700000108600000000,1,36.2,0.9499999999999993,14.05,0.3333333333333333,-0.08333333333333333,0.08333333333333333
108.7,1700000108.7,1700000108700000000,1,36.233333333333334,0.9416666666666664,14.058333333333334,0.3333333333333333,-0.08333333333333333,0.08333333333333333
108.80000000000001,1700000108.8,1700000108800000000,1,36.26666666666667,0.9333333333333318,14.066666666666668,0.3333333333333333,-0.08333333333333333,0.08333333333333333
108.9,1700000108.9,1700000108900000000,1,36.3,0.9249999999999998,14.075,0.3333333333333333,-0.08333333333333333,0.08333333333333333
109.0,1700000109.0,1700000109000000000,1,36.33333333333333,0.916666666666667,14.083333333333332,0.3333333333333333,-0.08333333333333333,0.08333333333333333
109.10000000000001,1700000109.1,1700000109100000000,1,36.366666666666674,0.9083333333333323,14.091666666666669,0.3333333333333333,-0.08333333333333333,0.08333333333333333
109.2,1700000109.2,1700000109200000000,1,36.400000000000006,0.8999999999999995,14.100000000000001,0.3333333333333333,-0.08333333333333333,0.08333333333333333
109.30000000000001,1700000109.3,1700000109300000000,1,36.43333333333334,0.8916666666666657,14.108333333333334,0.3333333333333333,-0.08333333333333333,0.08333333333333333
109.4,1700000109.4,1700000109400000000,1,36.46666666666667,0.8833333333333329,14.116666666666667,0.3333333333333333,-0.08333333333333333,0.08333333333333333
109.5,1700000109.5,1700000109500000000,1,36.5,0.875,14.125,0.3333333333333333,-0.08333333333333333,0.08333333333333333
109.60000000000001,1700000109.6,1700000109600000000,1,36.53333333333333,0.8666666666666663,14.133333333333333,0.3333333333333333,-0.08333333333333333,0.08333333333333333
109.7,1700000109.7,1700000109700000000,1,36.56666666666666,0.8583333333333334,14.141666666666666,0.3333333333333333,-0.08333333333333333,0.08333333333333333
109.80000000000001,1700000109.8,1700000109800000000,1,36.60000000000001,0.8499999999999988,14.150000000000002,0.3333333333333333,-0.08333333333333333,0.08333333333333333
109.9,1700000109.9,1700000109900000000,1,36.63333333333334,0.8416666666666659,14.158333333333335,0.3333333333333333,-0.08333333333333333,0.08333333333333333
110.0,1700000110.0,1700000110000000000,1,36.66666666666667,0.833333333333333,14.166666666666668,0.3333333333333333,-0.08333333333333333,0.08333333333333333
110.10000000000001,1700000110.1,1700000110100000000,1,36.7,0.8249999999999993,14.175,0.3333333333333333,-0.08333333333333333,0.08333333333333333
110.2,1700000110.2,1700000110200000000,1,36.733333333333334,0.8166666666666664,14.183333333333334,0.3333333333333333,-0.08333333333333333,0.08333333333333333
110.30000000000001,1700000110.3,1700000110300000000,1,36.766666666666666,0.8083333333333327,14.191666666666666,0.3333333333333333,-0.08333333333333333,0.08333333333333333
110.4,1700000110.4,1700000110400000000,1,36.8,0.7999999999999998,14.2,0.3333333333333333,-0.08333333333333333,0.08333333333333333
110.5,1700000110.5,1700000110500000000,1,36.83333333333333,0.791666666666667,14.208333333333332,0.3333333333333333,-0.08333333333333333,0.08333333333333333
110.60000000000001,1700000110.6,1700000110600000000,1,36.866666666666674,0.7833333333333323,14.216666666666669,0.3333333333333333,-0.08333333333333333,0.08333333333333333
110.7,1700000110.7,1700000110700000000,1,36.900000000000006,0.7749999999999995,14.225000000000001,0.3333333333333333,-0.08333333333333333,0.08333333333333333
110.80000000000001,1700000110.8,1700000110800000000,1,36.93333333333334,0.7666666666666657,14.233333333333334,0.3333333333333333,-0.08333333333333333,0.08333333333333333
110.9,1700000110.9,1700000110900000000,1,36.96666666666667,0.7583333333333329,14.241666666666667,0.3333333333333333,-0.08333333333333333,0.08333333333333333
111.0,1700000111.0,1700000111000000000,1,37.0,0.75,14.25,0.3333333333333333,-0.08333333333333333,0.08333333333333333
111.10000000000001,1700000111.1,1700000111100000000,1,37.03333333333333,0.7416666666666663,14.258333333333333,0.3333333333333333,-0.08333333333333333,0.08333333333333333
111.2,1700000111.2,1700000111200000000,1,37.06666666666666,0.7333333333333334,14.266666666666666,0.3333333333333333,-0.08333333333333333,0.08333333333333333
111.30000000000001,1700000111.3,1700000111300000000,1,37.10000000000001,0.7249999999999988,14.275000000000002,0.3333333333333333,-0.08333333333333333,0.08333333333333333
111.4,1700000111.4,1700000111400000000,1,37.13333333333334,0.7166666666666659,14.283333333333335,0.3333333333333333,-0.08333333333333333,0.08333333333333333
111.5,1700000111.5,1700000111500000000,1,37.166666666666664,0.7083333333333339,14.291666666666666,0.3333333333333333,-0.08333333333333333,0.08333333333333333
111.60000000000001,1700000111.6,1700000111600000000,1,37.2,0.6999999999999993,14.3,0.3333333333333333,-0.08333333333333333,0.08333333333333333
111.7,1700000111.7,1700000111700000000,1,37.233333333333334,0.6916666666666664,14.308333333333334,0.3333333333333333,-0.08333333333333333,0.08333333333333333
111.80000000000001,1700000111.8,1700000111800000000,1,37.266666666666666,0.6833333333333327,14.316666666666666,0.3333333333333333,-0.08333333333333333,0.08333333333333333
111.9,1700000111.9,1700000111900000000,1,37.3,0.6749999999999998,14.325,0.3333333333333333,-0.08333333333333333,0.08333333333333333
112.0,1700000112.0,1700000112000000000,1,37.333333333333336,0.6666666666666661,14.333333333333334,0.3333333333333333,-0.08333333333333333,0.08333333333333333
112.10000000000001,1700000112.1,1700000112100000000,1,37.366666666666674,0.6583333333333323,14.341666666666669,0.3333333333333333,-0.08333333333333333,0.08333333333333333
112.2,1700000112.2,1700000112200000000,1,37.4,0.6500000000000004,14.35,0.3333333333333333,-0.08333333333333333,0.08333333333333333
112.30000000000001,1700000112.3,1700000112300000000,1,37.43333333333334,0.6416666666666657,14.358333333333334,0.3333333333333333,-0.08333333333333333,0.08333333333333333
112.4,1700000112.4,1700000112400000000,1,37.46666666666667,0.6333333333333329,14.366666666666667,0.3333333333333333,-0.08333333333333333,0.08333333333333333
112.5,1700000112.5,1700000112500000000,1,37.5,0.625,14.375,0.3333333333333333,-0.08333333333333333,0.08333333333333333
112.60000000000001,1700000112.6,1700000112600000000,1,37.53333333333333,0.6166666666666663,14.383333333333333,0.3333333333333333,-0.08333333333333333,0.08333333333333333
112.7,1700000112.7,1700000112700000000,1,37.56666666666667,0.6083333333333325,14.391666666666667,0.3333333333333333,-0.08333333333333333,0.08333333333333333
112.80000000000001,1700000112.8,1700000112800000000,1,37.60000000000001,0.5999999999999988,14.400000000000002,0.3333333333333333,-0.08333333333333333,0.08333333333333333
112.9,1700000112.9,1700000112900000000,1,37.63333333333333,0.5916666666666668,14.408333333333333,0.3333333333333333,-0.08333333333333333,0.08333333333333333
113.0,1700000113.0,1700000113000000000,1,37.666666666666664,0.5833333333333339,14.416666666666666,0.3333333333333333,-0.08333333333333333,0.08333333333333333
113.10000000000001,1700000113.1,1700000113100000000,1,37.7,0.5749999999999993,14.425,0.3333333333333333,-0.08333333333333333,0.08333333333333333
113.2,1700000113.2,1700000113200000000,1,37.733333333333334,0.5666666666666664,14.433333333333334,0.3333333333333333,-0.08333333333333333,0.08333333333333333
113.30000000000001,1700000113.3,1700000113300000000,1,37.766666666666666,0.5583333333333327,14.441666666666666,0.3333333333333333,-0.08333333333333333,0.08333333333333333
113.4,1700000113.4,1700000113400000000,1,37.800000000000004,0.5499999999999989,14.450000000000001,0.3333333333333333,-0.08333333333333333,0.08333333333333333
113.5,1700000113.5,1700000113500000000,1,37.833333333333336,0.5416666666666661,14.458333333333334,0.3333333333333333,-0.08333333333333333,0.08333333333333333
113.60000000000001,1700000113.6,1700000113600000000,1,37.86666666666667,0.5333333333333332,14.466666666666667,0.3333333333333333,-0.08333333333333333,0.08333333333333333
113.7,1700000113.7,1700000113700000000,1,37.9,0.5250000000000004,14.475,0.3333333333333333,-0.08333333333333333,0.08333333333333333
113.80000000000001,1700000113.8,1700000113800000000,1,37.93333333333334,0.5166666666666657,14.483333333333334,0.3333333333333333,-0.08333333333333333,0.08333333333333333
113.9,1700000113.9,1700000113900000000,1,37.96666666666667,0.5083333333333329,14.491666666666667,0.3333333333333333,-0.08333333333333333,0.08333333333333333
114.0,1700000114.0,1700000114000000000,1,38.0,0.5,14.5,0.3333333333333333,-0.08333333333333333,0.08333333333333333
114.10000000000001,1700000114.1,1700000114100000000,1,38.03333333333334,0.49166666666666536,14.508333333333335,0.3333333333333333,-0.08333333333333333,0.08333333333333333
114.2,1700000114.2,1700000114200000000,1,38.06666666666667,0.4833333333333325,14.516666666666667,0.3333333333333333,-0.08333333333333333,0.08333333333333333
114.30000000000001,1700000114.3,1700000114300000000,1,38.1,0.47499999999999964,14.525,0.3333333333333333,-0.08333333333333333,0.08333333333333333
114.4,1700000114.4,1700000114400000000,1,38.13333333333333,0.4666666666666668,14.533333333333333,0.3333333333333333,-0.08333333333333333,0.08333333333333333
114.5,1700000114.5,1700000114500000000,1,38.16666666666667,0.45833333333333304,14.541666666666668,0.3333333333333333,-0.08333333333333333,0.08333333333333333
114.60000000000001,1700000114.6,1700000114600000000,1,38.2,0.4499999999999993,14.55,0.3333333333333333,-0.08333333333333333,0.08333333333333333
114.7,1700000114.7,1700000114700000000,1,38.233333333333334,0.44166666666666643,14.558333333333334,0.3333333333333333,-0.08333333333333333,0.08333333333333333
114.80000000000001,1700000114.8,1700000114800000000,1,38.26666666666667,0.4333333333333318,14.566666666666668,0.3333333333333333,-0.08333333333333333,0.08333333333333333
114.9,1700000114.9,1700000114900000000,1,38.300000000000004,0.42499999999999893,14.575000000000001,0.3333333333333333,-0.08333333333333333,0.08333333333333333
115.0,1700000115.0,1700000115000000000,1,38.33333333333333,0.41666666666666696,14.583333333333332,0.3333333333333333,-0.08333333333333333,0.08333333333333333
115.10000000000001,1700000115.1,1700000115100000000,1,38.36666666666667,0.4083333333333332,14.591666666666667,0.3333333333333333,-0.08333333333333333,0.08333333333333333
115.2,1700000115.2,1700000115200000000,1,38.400000000000006,0.39999999999999947,14.600000000000001,0.3333333333333333,-0.08333333333333333,0.08333333333333333
115.30000000000001,1700000115.3,1700000115300000000,1,38.43333333333334,0.3916666666666657,14.608333333333334,0.3333333333333333,-0.08333333333333333,0.08333333333333333
115.4,1700000115.4,1700000115400000000,1,38.46666666666667,0.38333333333333286,14.616666666666667,0.3333333333333333,-0.08333333333333333,0.08333333333333333
115.5,1700000115.5,1700000115500000000,1,38.5,0.375,14.625,0.3333333333333333,-0.08333333333333333,0.08333333333333333
115.60000000000001,1700000115.6,1700000115600000000,1,38.53333333333334,0.36666666666666536,14.633333333333335,0.3333333333333333,-0.08333333333333333,0.08333333333333333
115.7,1700000115.7,1700000115700000000,1,38.56666666666666,0.3583333333333334,14.641666666666666,0.3333333333333333,-0.08333333333333333,0.08333333333333333
115.80000000000001,1700000115.8,1700000115800000000,1,38.6,0.34999999999999964,14.65,0.3333333333333333,-0.08333333333333333,0.08333333333333333
115.9,1700000115.9,1700000115900000000,1,38.63333333333334,0.3416666666666659,14.658333333333335,0.3333333333333333,-0.08333333333333333,0.08333333333333333
116.0,1700000116.0,1700000116000000000,1,38.66666666666667,0.33333333333333304,14.666666666666668,0.3333333333333333,-0.08333333333333333,0.08333333333333333
116.10000000000001,1700000116.1,1700000116100000000,1,38.7,0.3249999999999993,14.675,0.3333333333333333,-0.08333333333333333,0.08333333333333333
116.2,1700000116.2,1700000116200000000,1,38.733333333333334,0.31666666666666643,14.683333333333334,0.3333333333333333,-0.08333333333333333,0.08333333333333333
116.30000000000001,1700000116.3,1700000116300000000,1,38.76666666666667,0.3083333333333318,14.691666666666668,0.3333333333333333,-0.08333333333333333,0.08333333333333333
116.4,1700000116.4,1700000116400000000,1,38.8,0.2999999999999998,14.7,0.3333333333333333,-0.08333333333333333,0.08333333333333333
116.5,1700000116.5,1700000116500000000,1,38.83333333333333,0.29166666666666696,14.708333333333332,0.3333333333333333,-0.08333333333333333,0.08333333333333333
116.60000000000001,1700000116.6,1700000116600000000,1,38.866666666666674,0.2833333333333323,14.716666666666669,0.3333333333333333,-0.08333333333333333,0.08333333333333333
116.7,1700000116.7,1700000116700000000,1,38.900000000000006,0.27499999999999947,14.725000000000001,0.3333333333333333,-0.08333333333333333,0.08333333333333333
116.80000000000001,1700000116.8,1700000116800000000,1,38.93333333333334,0.2666666666666657,14.733333333333334,0.3333333333333333,-0.08333333333333333,0.08333333333333333
116.9,1700000116.9,1700000116900000000,1,38.96666666666667,0.25833333333333286,14.741666666666667,0.3333333333333333,-0.08333333333333333,0.08333333333333333
117.0,1700000117.0,1700000117000000000,1,39.0,0.25,14.75,0.3333333333333333,-0.08333333333333333,0.08333333333333333
117.10000000000001,1700000117.1,1700000117100000000,1,39.03333333333333,0.24166666666666625,14.758333333333333,0.3333333333333333,-0.08333333333333333,0.08333333333333333
117.2,1700000117.2,1700000117200000000,1,39.06666666666666,0.2333333333333334,14.766666666666666,0.3333333333333333,-0.08333333333333333,0.08333333333333333
117.30000000000001,1700000117.3,1700000117300000000,1,39.10000000000001,0.22499999999999876,14.775000000000002,0.3333333333333333,-0.08333333333333333,0.08333333333333333
117.4,1700000117.4,1700000117400000000,1,39.13333333333334,0.2166666666666659,14.783333333333335,0.3333333333333333,-0.08333333333333333,0.08333333333333333
117.5,1700000117.5,1700000117500000000,1,39.16666666666667,0.20833333333333304,14.791666666666668,0.3333333333333333,-0.08333333333333333,0.08333333333333333
117.60000000000001,1700000117.6,1700000117600000000,1,39.2,0.1999999999999993,14.8,0.3333333333333333,-0.08333333333333333,0.08333333333333333
117.7,1700000117.7,1700000117700000000,1,39.233333333333334,0.19166666666666643,14.808333333333334,0.3333333333333333,-0.08333333333333333,0.08333333333333333
117.80000000000001,1700000117.8,1700000117800000000,1,39.266666666666666,0.18333333333333268,14.816666666666666,0.3333333333333333,-0.08333333333333333,0.08333333333333333
117.9,1700000117.9,1700000117900000000,1,39.3,0.17499999999999982,14.825,0.3333333333333333,-0.08333333333333333,0.08333333333333333
118.0,1700000118.0,1700000118000000000,1,39.33333333333333,0.16666666666666696,14.833333333333332,0.3333333333333333,-0.08333333333333333,0.08333333333333333
118.10000000000001,1700000118.1,1700000118100000000,1,39.366666666666674,0.15833333333333233,14.841666666666669,0.3333333333333333,-0.08333333333333333,0.08333333333333333
118.2,1700000118.2,1700000118200000000,1,39.400000000000006,0.14999999999999947,14.850000000000001,0.3333333333333333,-0.08333333333333333,0.08333333333333333
118.30000000000001,1700000118.3,1700000118300000000,1,39.43333333333334,0.14166666666666572,14.858333333333334,0.3333333333333333,-0.08333333333333333,0.08333333333333333
118.4,1700000118.4,1700000118400000000,1,39.46666666666667,0.13333333333333286,14.866666666666667,0.3333333333333333,-0.08333333333333333,0.08333333333333333
118.5,1700000118.5,1700000118500000000,1,39.5,0.125,14.875,0.3333333333333333,-0.08333333333333333,0.08333333333333333
118.60000000000001,1700000118.6,1700000118600000000,1,39.53333333333333,0.11666666666666625,14.883333333333333,0.3333333333333333,-0.08333333333333333,0.08333333333333333
118.7,1700000118.7,1700000118700000000,1,39.56666666666666,0.10833333333333339,14.891666666666666,0.3333333333333333,-0.08333333333333333,0.08333333333333333
118.80000000000001,1700000118.8,1700000118800000000,1,39.60000000000001,0.09999999999999876,14.900000000000002,0.3333333333333333,-0.08333333333333333,0.08333333333333333
118.9,1700000118.9,1700000118900000000,1,39.63333333333334,0.0916666666666659,14.908333333333335,0.3333333333333333,-0.08333333333333333,0.08333333333333333
119.0,1700000119.0,1700000119000000000,1,39.666666666666664,0.08333333333333393,14.916666666666666,0.3333333333333333,-0.08333333333333333,0.08333333333333333
119.10000000000001,1700000119.1,1700000119100000000,1,39.7,0.07499999999999929,14.925,0.3333333333333333,-0.08333333333333333,0.08333333333333333
119.2,1700000119.2,1700000119200000000,1,39.733333333333334,0.06666666666666643,14.933333333333334,0.3333333333333333,-0.08333333333333333,0.08333333333333333
119.30000000000001,1700000119.3,1700000119300000000,1,39.766666666666666,0.05833333333333268,14.941666666666666,0.3333333333333333,-0.08333333333333333,0.08333333333333333
119.4,1700000119.4,1700000119400000000,1,39.8,0.04999999999999982,14.95,0.3333333333333333,-0.08333333333333333,0.08333333333333333
119.5,1700000119.5,1700000119500000000,1,39.833333333333336,0.041666666666666075,14.958333333333334,0.3333333333333333,-0.08333333333333333,0.08333333333333333
119.60000000000001,1700000119.6,1700000119600000000,1,39.866666666666674,0.03333333333333233,14.966666666666669,0.3333333333333333,-0.08333333333333333,0.08333333333333333
119.7,1700000119.7,1700000119700000000,1,39.9,0.025000000000000355,14.975,0.3333333333333333,-0.08333333333333333,0.08333333333333333
119.80000000000001,1700000119.8,1700000119800000000,1,39.93333333333334,0.01666666666666572,14.983333333333334,0.3333333333333333,-0.08333333333333333,0.08333333333333333
119.9,1700000119.9,1700000119900000000,1,39.96666666666667,0.00833333333333286,14.991666666666667,0.3333333333333333,-0.08333333333333333,0.08333333333333333
120.0,1700000120.0,1700000120000000000,1,40.0,0.0,15.0,0.0,0.3333333333333333,0.08333333333333333
120.10000000000001,1700000120.1,1700000120100000000,1,40.0,0.03333333333333618,15.008333333333335,0.0,0.3333333333333333,0.08333333333333333
120.2,1700000120.2,1700000120200000000,1,40.0,0.06666666666666762,15.016666666666667,0.0,0.3333333333333333,0.08333333333333333
120.30000000000001,1700000120.3,1700000120300000000,1,40.0,0.10000000000000378,15.025,0.0,0.3333333333333333,0.08333333333333333
120.4,1700000120.4,1700000120400000000,1,40.0,0.13333333333333525,15.033333333333333,0.0,0.3333333333333333,0.08333333333333333
120.5,1700000120.5,1700000120500000000,1,40.0,0.16666666666666666,15.041666666666666,0.0,0.3333333333333333,0.08333333333333333
120.60000000000001,1700000120.6,1700000120600000000,1,40.0,0.20000000000000284,15.05,0.0,0.3333333333333333,0.08333333333333333
120.7,1700000120.7,1700000120700000000,1,40.0,0.23333333333333428,15.058333333333334,0.0,0.3333333333333333,0.08333333333333333
120.80000000000001,1700000120.8,1700000120800000000,1,40.0,0.2666666666666705,15.066666666666668,0.0,0.3333333333333333,0.08333333333333333
120.9,1700000120.9,1700000120900000000,1,40.0,0.3000000000000019,15.075000000000001,0.0,0.3333333333333333,0.08333333333333333
121.0,1700000121.0,1700000121000000000,1,40.0,0.3333333333333333,15.083333333333334,0.0,0.3333333333333333,0.08333333333333333
121.10000000000001,1700000121.1,1700000121100000000,1,40.0,0.3666666666666695,15.091666666666667,0.0,0.3333333333333333,0.08333333333333333
121.2,1700000121.2,1700000121200000000,1,40.0,0.40000000000000097,15.1,0.0,0.3333333333333333,0.08333333333333333
121.30000000000001,1700000121.3,1700000121300000000,1,40.0,0.4333333333333371,15.108333333333334,0.0,0.3333333333333333,0.08333333333333333
121.4,1700000121.4,1700000121400000000,1,40.0,0.46666666666666856,15.116666666666667,0.0,0.3333333333333333,0.08333333333333333
121.5,1700000121.5,1700000121500000000,1,40.0,0.5,15.125,0.0,0.3333333333333333,0.08333333333333333
121.60000000000001,1700000121.6,1700000121600000000,1,40.0,0.5333333333333361,15.133333333333335,0.0,0.3333333333333333,0.08333333333333333
121.7,1700000121.7,1700000121700000000,1,40.0,0.5666666666666677,15.141666666666667,0.0,0.3333333333333333,0.08333333333333333
121.80000000000001,1700000121.8,1700000121800000000,1,40.0,0.6000000000000038,15.15,0.0,0.3333333333333333,0.08333333333333333
121.9,1700000121.9,1700000121900000000,1,40.0,0.6333333333333352,15.158333333333333,0.0,0.3333333333333333,0.08333333333333333
122.0,1700000122.0,1700000122000000000,1,40.0,0.6666666666666666,15.166666666666666,0.0,0.3333333333333333,0.08333333333333333
122.10000000000001,1700000122.1,1700000122100000000,1,40.0,0.7000000000000028,15.175,0.0,0.3333333333333333,0.08333333333333333
122.2,1700000122.2,1700000122200000000,1,40.0,0.7333333333333343,15.183333333333334,0.0,0.3333333333333333,0.08333333333333333
122.30000000000001,1700000122.3,1700000122300000000,1,40.0,0.7666666666666705,15.191666666666668,0.0,0.3333333333333333,0.08333333333333333
122.4,1700000122.4,1700000122400000000,1,40.0,0.8000000000000019,15.200000000000001,0.0,0.3333333333333333,0.08333333333333333
122.5,1700000122.5,1700000122500000000,1,40.0,0.8333333333333333,15.208333333333334,0.0,0.3333333333333333,0.08333333333333333
122.60000000000001,1700000122.6,1700000122600000000,1,40.0,0.8666666666666695,15.216666666666667,0.0,0.3333333333333333,0.08333333333333333
122.7,1700000122.7,1700000122700000000,1,40.0,0.9000000000000009,15.225,0.0,0.3333333333333333,0.08333333333333333
122.80000000000001,1700000122.8,1700000122800000000,1,40.0,0.9333333333333371,15.233333333333334,0.0,0.3333333333333333,0.08333333333333333
122.9,1700000122.9,1700000122900000000,1,40.0,0.9666666666666686,15.241666666666667,0.0,0.3333333333333333,0.08333333333333333
123.0,1700000123.0,1700000123000000000,1,40.0,1.0,15.25,0.0,0.3333333333333333,0.08333333333333333
123.10000000000001,1700000123.1,1700000123100000000,1,40.0,1.0333333333333363,15.258333333333335,0.0,0.3333333333333333,0.08333333333333333
123.2,1700000123.2,1700000123200000000,1,40.0,1.0666666666666675,15.266666666666667,0.0,0.3333333333333333,0.08333333333333333
123.30000000000001,1700000123.3,1700000123300000000,1,40.0,1.1000000000000036,15.275,0.0,0.3333333333333333,0.08333333333333333
123.4,1700000123.4,1700000123400000000,1,40.0,1.1333333333333353,15.283333333333333,0.0,0.3333333333333333,0.08333333333333333
123.5,1700000123.5,1700000123500000000,1,40.0,1.1666666666666667,15.291666666666666,0.0,0.3333333333333333,0.08333333333333333
123.60000000000001,1700000123.6,1700000123600000000,1,40.0,1.2000000000000028,15.3,0.0,0.3333333333333333,0.08333333333333333
123.7,1700000123.7,1700000123700000000,1,40.0,1.2333333333333343,15.308333333333334,0.0,0.3333333333333333,0.08333333333333333
123.80000000000001,1700000123.8,1700000123800000000,1,40.0,1.2666666666666704,15.316666666666668,0.0,0.3333333333333333,0.08333333333333333
123.9,1700000123.9,1700000123900000000,1,40.0,1.300000000000002,15.325000000000001,0.0,0.3333333333333333,0.08333333333333333
124.0,1700000124.0,1700000124000000000,1,40.0,1.3333333333333333,15.333333333333334,0.0,0.3333333333333333,0.08333333333333333
124.10000000000001,1700000124.1,1700000124100000000,1,40.0,1.3666666666666696,15.341666666666667,0.0,0.3333333333333333,0.08333333333333333
124.2,1700000124.2,1700000124200000000,1,40.0,1.400000000000001,15.35,0.0,0.3333333333333333,0.08333333333333333
124.30000000000001,1700000124.3,1700000124300000000,1,40.0,1.4333333333333371,15.358333333333334,0.0,0.3333333333333333,0.08333333333333333
124.4,1700000124.4,1700000124400000000,1,40.0,1.4666666666666686,15.366666666666667,0.0,0.3333333333333333,0.08333333333333333
124.5,1700000124.5,1700000124500000000,1,40.0,1.5,15.375,0.0,0.3333333333333333,0.08333333333333333
124.60000000000001,1700000124.6,1700000124600000000,1,40.0,1.5333333333333363,15.383333333333335,0.0,0.3333333333333333,0.08333333333333333
124.7,1700000124.7,1700000124700000000,1,40.0,1.5666666666666675,15.391666666666667,0.0,0.3333333333333333,0.08333333333333333
124.80000000000001,1700000124.8,1700000124800000000,1,40.0,1.6000000000000039,15.4,0.0,0.3333333333333333,0.08333333333333333
124.9,1700000124.9,1700000124900000000,1,40.0,1.6333333333333353,15.408333333333333,0.0,0.3333333333333333,0.08333333333333333
125.0,1700000125.0,1700000125000000000,1,40.0,1.6666666666666665,15.416666666666666,0.0,0.3333333333333333,0.08333333333333333
125.10000000000001,1700000125.1,1700000125100000000,1,40.0,1.7000000000000028,15.425,0.0,0.3333333333333333,0.08333333333333333
125.2,1700000125.2,1700000125200000000,1,40.0,1.7333333333333343,15.433333333333334,0.0,0.3333333333333333,0.08333333333333333
125.30000000000001,1700000125.3,1700000125300000000,1,40.0,1.7666666666666706,15.441666666666668,0.0,0.3333333333333333,0.08333333333333333
125.4,1700000125.4,1700000125400000000,1,40.0,1.8000000000000018,15.450000000000001,0.0,0.3333333333333333,0.08333333333333333
125.5,1700000125.5,1700000125500000000,1,40.0,1.8333333333333333,15.458333333333334,0.0,0.3333333333333333,0.08333333333333333
125.60000000000001,1700000125.6,1700000125600000000,1,40.0,1.8666666666666696,15.466666666666667,0.0,0.3333333333333333,0.08333333333333333
125.7,1700000125.7,1700000125700000000,1,40.0,1.9000000000000008,15.475,0.0,0.3333333333333333,0.08333333333333333
125.80000000000001,1700000125.8,1700000125800000000,1,40.0,1.9333333333333371,15.483333333333334,0.0,0.3333333333333333,0.08333333333333333
125.9,1700000125.9,1700000125900000000,1,40.0,1.9666666666666686,15.491666666666667,0.0,0.3333333333333333,0.08333333333333333
126.0,1700000126.0,1700000126000000000,1,40.0,2.0,15.5,0.0,0.3333333333333333,0.08333333333333333
126.10000000000001,1700000126.1,1700000126100000000,1,40.0,2.0333333333333363,15.508333333333335,0.0,0.3333333333333333,0.08333333333333333
126.2,1700000126.2,1700000126200000000,1,40.0,2.0666666666666673,15.516666666666667,0.0,0.3333333333333333,0.08333333333333333
126.30000000000001,1700000126.3,1700000126300000000,1,40.0,2.1000000000000036,15.525,0.0,0.3333333333333333,0.08333333333333333
126.4,1700000126.4,1700000126400000000,1,40.0,2.133333333333335,15.533333333333333,0.0,0.3333333333333333,0.08333333333333333
126.5,1700000126.5,1700000126500000000,1,40.0,2.166666666666667,15.541666666666666,0.0,0.3333333333333333,0.08333333333333333
126.60000000000001,1700000126.6,1700000126600000000,1,40.0,2.200000000000003,15.55,0.0,0.3333333333333333,0.08333333333333333
126.7,1700000126.7,1700000126700000000,1,40.0,2.2333333333333343,15.558333333333334,0.0,0.3333333333333333,0.08333333333333333
126.80000000000001,1700000126.8,1700000126800000000,1,40.0,2.2666666666666706,15.566666666666668,0.0,0.3333333333333333,0.08333333333333333
126.9,1700000126.9,1700000126900000000,1,40.0,2.3000000000000016,15.575000000000001,0.0,0.3333333333333333,0.08333333333333333
127.0,1700000127.0,1700000127000000000,1,40.0,2.3333333333333335,15.583333333333334,0.0,0.3333333333333333,0.08333333333333333
127.10000000000001,1700000127.1,1700000127100000000,1,40.0,2.3666666666666694,15.591666666666667,0.0,0.3333333333333333,0.08333333333333333
127.2,1700000127.2,1700000127200000000,1,40.0,2.4000000000000012,15.6,0.0,0.3333333333333333,0.08333333333333333
127.30000000000001,1700000127.3,1700000127300000000,1,40.0,2.433333333333337,15.608333333333334,0.0,0.3333333333333333,0.08333333333333333
127.4,1700000127.4,1700000127400000000,1,40.0,2.4666666666666686,15.616666666666667,0.0,0.3333333333333333,0.08333333333333333
127.5,1700000127.5,1700000127500000000,1,40.0,2.5,15.625,0.0,0.3333333333333333,0.08333333333333333
127.60000000000001,1700000127.6,1700000127600000000,1,40.0,2.5333333333333363,15.633333333333335,0.0,0.3333333333333333,0.08333333333333333
127.7,1700000127.7,1700000127700000000,1,40.0,2.5666666666666678,15.641666666666667,0.0,0.3333333333333333,0.08333333333333333
127.80000000000001,1700000127.8,1700000127800000000,1,40.0,2.600000000000004,15.65,0.0,0.3333333333333333,0.08333333333333333
127.9,1700000127.9,1700000127900000000,1,40.0,2.6333333333333355,15.658333333333333,0.0,0.3333333333333333,0.08333333333333333
128.0,1700000128.0,1700000128000000000,1,40.0,2.6666666666666665,15.666666666666666,0.0,0.3333333333333333,0.08333333333333333
128.1,1700000128.1,1700000128100000000,1,40.0,2.699999999999998,15.674999999999999,0.0,0.3333333333333333,0.08333333333333333
128.20000000000002,1700000128.2,1700000128200000000,1,40.0,2.733333333333339,15.683333333333335,0.0,0.3333333333333333,0.08333333333333333
128.3,1700000128.3,1700000128300000000,1,40.0,2.7666666666666706,15.691666666666668,0.0,0.3333333333333333,0.08333333333333333
128.4,1700000128.4,1700000128400000000,1,40.0,2.800000000000002,15.700000000000001,0.0,0.3333333333333333,0.08333333333333333
128.5,1700000128.5,1700000128500000000,1,40.0,2.833333333333333,15.708333333333334,0.0,0.3333333333333333,0.08333333333333333
128.6,1700000128.6,1700000128600000000,1,40.0,2.8666666666666645,15.716666666666667,0.0,0.3333333333333333,0.08333333333333333
128.70000000000002,1700000128.7,1700000128700000000,1,40.0,2.9000000000000057,15.725000000000001,0.0,0.3333333333333333,0.08333333333333333
128.8,1700000128.8,1700000128800000000,1,40.0,2.933333333333337,15.733333333333334,0.0,0.3333333333333333,0.08333333333333333
128.9,1700000128.9,1700000128900000000,1,40.0,2.9666666666666686,15.741666666666667,0.0,0.3333333333333333,0.08333333333333333
129.0,1700000129.0,1700000129000000000,1,40.0,3.0,15.75,0.0,0.3333333333333333,0.08333333333333333
129.1,1700000129.1,1700000129100000000,1,40.0,3.0333333333333314,15.758333333333333,0.0,0.3333333333333333,0.08333333333333333
129.20000000000002,1700000129.2,1700000129200000000,1,40.0,3.0666666666666726,15.766666666666667,0.0,0.3333333333333333,0.08333333333333333
129.3,1700000129.3,1700000129300000000,1,40.0,3.100000000000004,15.775,0.0,0.3333333333333333,0.08333333333333333
129.4,1700000129.4,1700000129400000000,1,40.0,3.133333333333335,15.783333333333333,0.0,0.3333333333333333,0.08333333333333333
129.5,1700000129.5,1700000129500000000,1,40.0,3.1666666666666665,15.791666666666666,0.0,0.3333333333333333,0.08333333333333333
129.6,1700000129.6,1700000129600000000,1,40.0,3.199999999999998,15.799999999999999,0.0,0.3333333333333333,0.08333333333333333
129.70000000000002,1700000129.7,1700000129700000000,1,40.0,3.233333333333339,15.808333333333335,0.0,0.3333333333333333,0.08333333333333333
129.8,1700000129.8,1700000129800000000,1,40.0,3.2666666666666706,15.816666666666668,0.0,0.3333333333333333,0.08333333333333333
129.9,1700000129.9,1700000129900000000,1,40.0,3.3000000000000016,15.825000000000001,0.0,0.3333333333333333,0.08333333333333333
130.0,1700000130.0,1700000130000000000,1,40.0,3.333333333333333,15.833333333333334,0.0,0.3333333333333333,0.08333333333333333
130.1,1700000130.1,1700000130100000000,1,40.0,3.366666666666665,15.841666666666667,0.0,0.3333333333333333,0.08333333333333333
130.20000000000002,1700000130.2,1700000130200000000,1,40.0,3.4000000000000057,15.850000000000001,0.0,0.3333333333333333,0.08333333333333333
130.3,1700000130.3,1700000130300000000,1,40.0,3.433333333333337,15.858333333333334,0.0,0.3333333333333333,0.08333333333333333
130.4,1700000130.4,1700000130400000000,1,40.0,3.4666666666666686,15.866666666666667,0.0,0.3333333333333333,0.08333333333333333
130.5,1700000130.5,1700000130500000000,1,40.0,3.5,15.875,0.0,0.3333333333333333,0.08333333333333333
130.6,1700000130.6,1700000130600000000,1,40.0,3.5333333333333314,15.883333333333333,0.0,0.3333333333333333,0.08333333333333333
130.70000000000002,1700000130.7,1700000130700000000,1,40.0,3.5666666666666726,15.891666666666667,0.0,0.3333333333333333,0.08333333333333333
130.8,1700000130.8,1700000130800000000,1,40.0,3.6000000000000036,15.9,0.0,0.3333333333333333,0.08333333333333333
130.9,1700000130.9,1700000130900000000,1,40.0,3.633333333333335,15.908333333333333,0.0,0.3333333333333333,0.08333333333333333
131.0,1700000131.0,1700000131000000000,1,40.0,3.6666666666666665,15.916666666666666,0.0,0.3333333333333333,0.08333333333333333
131.1,1700000131.1,1700000131100000000,1,40.0,3.6999999999999984,15.924999999999999,0.0,0.3333333333333333,0.08333333333333333
131.20000000000002,1700000131.2,1700000131200000000,1,40.0,3.733333333333339,15.933333333333335,0.0,0.3333333333333333,0.08333333333333333
131.3,1700000131.3,1700000131300000000,1,40.0,3.76666666666667,15.941666666666668,0.0,0.3333333333333333,0.08333333333333333
131.4,1700000131.4,1700000131400000000,1,40.0,3.8000000000000016,15.950000000000001,0.0,0.3333333333333333,0.08333333333333333
131.5,1700000131.5,1700000131500000000,1,40.0,3.8333333333333335,15.958333333333334,0.0,0.3333333333333333,0.08333333333333333
131.6,1700000131.6,1700000131600000000,1,40.0,3.866666666666665,15.966666666666667,0.0,0.3333333333333333,0.08333333333333333
131.70000000000002,1700000131.7,1700000131700000000,1,40.0,3.9000000000000057,15.975000000000001,0.0,0.3333333333333333,0.08333333333333333
131.8,1700000131.8,1700000131800000000,1,40.0,3.933333333333337,15.983333333333334,0.0,0.3333333333333333,0.08333333333333333
131.9,1700000131.9,1700000131900000000,1,40.0,3.9666666666666686,15.991666666666667,0.0,0.3333333333333333,0.08333333333333333
132.0,1700000132.0,1700000132000000000,1,40.0,4.0,16.0,0.0,0.3333333333333333,0.08333333333333333
132.1,1700000132.1,1700000132100000000,1,40.0,4.033333333333331,16.008333333333333,0.0,0.3333333333333333,0.08333333333333333
132.20000000000002,1700000132.2,1700000132200000000,1,40.0,4.066666666666673,16.01666666666667,0.0,0.3333333333333333,0.08333333333333333
132.3,1700000132.3,1700000132300000000,1,40.0,4.100000000000003,16.025000000000002,0.0,0.3333333333333333,0.08333333333333333
132.4,1700000132.4,1700000132400000000,1,40.0,4.133333333333335,16.033333333333335,0.0,0.3333333333333333,0.08333333333333333
132.5,1700000132.5,1700000132500000000,1,40.0,4.166666666666667,16.041666666666668,0.0,0.3333333333333333,0.08333333333333333
132.6,1700000132.6,1700000132600000000,1,40.0,4.199999999999998,16.05,0.0,0.3333333333333333,0.08333333333333333
132.70000000000002,1700000132.7,1700000132700000000,1,40.0,4.233333333333339,16.058333333333334,0.0,0.3333333333333333,0.08333333333333333
132.8,1700000132.8,1700000132800000000,1,40.0,4.26666666666667,16.066666666666666,0.0,0.3333333333333333,0.08333333333333333
132.9,1700000132.9,1700000132900000000,1,40.0,4.3000000000000025,16.075,0.0,0.3333333333333333,0.08333333333333333
133.0,1700000133.0,1700000133000000000,1,40.0,4.333333333333334,16.083333333333332,0.0,0.3333333333333333,0.08333333333333333
133.1,1700000133.1,1700000133100000000,1,40.0,4.3666666666666645,16.091666666666665,0.0,0.3333333333333333,0.08333333333333333
133.20000000000002,1700000133.2,1700000133200000000,1,40.0,4.400000000000006,16.1,0.0,0.3333333333333333,0.08333333333333333
133.3,1700000133.3,1700000133300000000,1,40.0,4.433333333333337,16.108333333333334,0.0,0.3333333333333333,0.08333333333333333
133.4,1700000133.4,1700000133400000000,1,40.0,4.466666666666669,16.116666666666667,0.0,0.3333333333333333,0.08333333333333333
133.5,1700000133.5,1700000133500000000,1,40.0,4.5,16.125,0.0,0.3333333333333333,0.08333333333333333
133.6,1700000133.6,1700000133600000000,1,40.0,4.533333333333331,16.133333333333333,0.0,0.3333333333333333,0.08333333333333333
133.70000000000002,1700000133.7,1700000133700000000,1,40.0,4.566666666666672,16.14166666666667,0.0,0.3333333333333333,0.08333333333333333
133.8,1700000133.8,1700000133800000000,1,40.0,4.600000000000003,16.150000000000002,0.0,0.3333333333333333,0.08333333333333333
133.9,1700000133.9,1700000133900000000,1,40.0,4.6333333333333355,16.158333333333335,0.0,0.3333333333333333,0.08333333333333333
134.0,1700000134.0,1700000134000000000,1,40.0,4.666666666666667,16.166666666666668,0.0,0.3333333333333333,0.08333333333333333
134.1,1700000134.1,1700000134100000000,1,40.0,4.699999999999998,16.175,0.0,0.3333333333333333,0.08333333333333333
134.20000000000002,1700000134.2,1700000134200000000,1,40.0,4.733333333333339,16.183333333333334,0.0,0.3333333333333333,0.08333333333333333
134.3,1700000134.3,1700000134300000000,1,40.0,4.766666666666671,16.191666666666666,0.0,0.3333333333333333,0.08333333333333333
134.4,1700000134.4,1700000134400000000,1,40.0,4.8000000000000025,16.2,0.0,0.3333333333333333,0.08333333333333333
134.5,1700000134.5,1700000134500000000,1,40.0,4.833333333333333,16.208333333333332,0.0,0.3333333333333333,0.08333333333333333
134.6,1700000134.6,1700000134600000000,1,40.0,4.8666666666666645,16.216666666666665,0.0,0.3333333333333333,0.08333333333333333
134.70000000000002,1700000134.7,1700000134700000000,1,40.0,4.900000000000006,16.225,0.0,0.3333333333333333,0.08333333333333333
134.8,1700000134.8,1700000134800000000,1,40.0,4.933333333333337,16.233333333333334,0.0,0.3333333333333333,0.08333333333333333
134.9,1700000134.9,1700000134900000000,1,40.0,4.966666666666669,16.241666666666667,0.0,0.3333333333333333,0.08333333333333333
135.0,1700000135.0,1700000135000000000,1,40.0,5.0,16.25,0.0,0.3333333333333333,0.08333333333333333
135.1,1700000135.1,1700000135100000000,1,40.0,5.033333333333331,16.258333333333333,0.0,0.3333333333333333,0.08333333333333333
135.20000000000002,1700000135.2,1700000135200000000,1,40.0,5.066666666666673,16.26666666666667,0.0,0.3333333333333333,0.08333333333333333
135.3,1700000135.3,1700000135300000000,1,40.0,5.100000000000003,16.275000000000002,0.0,0.3333333333333333,0.08333333333333333
135.4,1700000135.4,1700000135400000000,1,40.0,5.1333333333333355,16.283333333333335,0.0,0.3333333333333333,0.08333333333333333
135.5,1700000135.5,1700000135500000000,1,40.0,5.166666666666667,16.291666666666668,0.0,0.3333333333333333,0.08333333333333333
135.6,1700000135.6,1700000135600000000,1,40.0,5.1999999999999975,16.3,0.0,0.3333333333333333,0.08333333333333333
135.70000000000002,1700000135.7,1700000135700000000,1,40.0,5.233333333333339,16.308333333333334,0.0,0.3333333333333333,0.08333333333333333
135.8,1700000135.8,1700000135800000000,1,40.0,5.266666666666671,16.316666666666666,0.0,0.3333333333333333,0.08333333333333333
135.9,1700000135.9,1700000135900000000,1,40.0,5.300000000000002,16.325,0.0,0.3333333333333333,0.08333333333333333
136.0,1700000136.0,1700000136000000000,1,40.0,5.333333333333333,16.333333333333332,0.0,0.3333333333333333,0.08333333333333333
136.1,1700000136.1,1700000136100000000,1,40.0,5.366666666666665,16.341666666666665,0.0,0.3333333333333333,0.08333333333333333
136.20000000000002,1700000136.2,1700000136200000000,1,40.0,5.400000000000006,16.35,0.0,0.3333333333333333,0.08333333333333333
136.3,1700000136.3,1700000136300000000,1,40.0,5.433333333333337,16.358333333333334,0.0,0.3333333333333333,0.08333333333333333
136.4,1700000136.4,1700000136400000000,1,40.0,5.466666666666669,16.366666666666667,0.0,0.3333333333333333,0.08333333333333333
136.5,1700000136.5,1700000136500000000,1,40.0,5.5,16.375,0.0,0.3333333333333333,0.08333333333333333
136.6,1700000136.6,1700000136600000000,1,40.0,5.533333333333331,16.383333333333333,0.0,0.3333333333333333,0.08333333333333333
136.70000000000002,1700000136.7,1700000136700000000,1,40.0,5.566666666666672,16.39166666666667,0.0,0.3333333333333333,0.08333333333333333
136.8,1700000136.8,1700000136800000000,1,40.0,5.600000000000004,16.400000000000002,0.0,0.3333333333333333,0.08333333333333333
136.9,1700000136.9,1700000136900000000,1,40.0,5.6333333333333355,16.408333333333335,0.0,0.3333333333333333,0.08333333333333333
137.0,1700000137.0,1700000137000000000,1,40.0,5.666666666666666,16.416666666666668,0.0,0.3333333333333333,0.08333333333333333
137.1,1700000137.1,1700000137100000000,1,40.0,5.699999999999998,16.425,0.0,0.3333333333333333,0.08333333333333333
137.20000000000002,1700000137.2,1700000137200000000,1,40.0,5.73333333333334,16.433333333333334,0.0,0.3333333333333333,0.08333333333333333
137.3,1700000137.3,1700000137300000000,1,40.0,5.76666666666667,16.441666666666666,0.0,0.3333333333333333,0.08333333333333333
137.4,1700000137.4,1700000137400000000,1,40.0,5.800000000000002,16.45,0.0,0.3333333333333333,0.08333333333333333
137.5,1700000137.5,1700000137500000000,1,40.0,5.833333333333334,16.458333333333332,0.0,0.3333333333333333,0.08333333333333333
137.6,1700000137.6,1700000137600000000,1,40.0,5.8666666666666645,16.466666666666665,0.0,0.3333333333333333,0.08333333333333333
137.70000000000002,1700000137.7,1700000137700000000,1,40.0,5.900000000000006,16.475,0.0,0.3333333333333333,0.08333333333333333
137.8,1700000137.8,1700000137800000000,1,40.0,5.933333333333337,16.483333333333334,0.0,0.3333333333333333,0.08333333333333333
137.9,1700000137.9,1700000137900000000,1,40.0,5.966666666666669,16.491666666666667,0.0,0.3333333333333333,0.08333333333333333
138.0,1700000138.0,1700000138000000000,1,40.0,6.0,16.5,0.0,0.3333333333333333,0.08333333333333333
138.1,1700000138.1,1700000138100000000,1,40.0,6.033333333333331,16.508333333333333,0.0,0.3333333333333333,0.08333333333333333
138.20000000000002,1700000138.2,1700000138200000000,1,40.0,6.066666666666673,16.51666666666667,0.0,0.3333333333333333,0.08333333333333333
138.3,1700000138.3,1700000138300000000,1,40.0,6.100000000000004,16.525000000000002,0.0,0.3333333333333333,0.08333333333333333
138.4,1700000138.4,1700000138400000000,1,40.0,6.133333333333335,16.533333333333335,0.0,0.3333333333333333,0.08333333333333333
138.5,1700000138.5,1700000138500000000,1,40.0,6.166666666666667,16.541666666666668,0.0,0.3333333333333333,0.08333333333333333
138.6,1700000138.6,1700000138600000000,1,40.0,6.1999999999999975,16.55,0.0,0.3333333333333333,0.08333333333333333
138.70000000000002,1700000138.7,1700000138700000000,1,40.0,6.233333333333339,16.558333333333334,0.0,0.3333333333333333,0.08333333333333333
138.8,1700000138.8,1700000138800000000,1,40.0,6.26666666666667,16.566666666666666,0.0,0.3333333333333333,0.08333333333333333
138.9,1700000138.9,1700000138900000000,1,40.0,6.3000000000000025,16.575,0.0,0.3333333333333333,0.08333333333333333
139.0,1700000139.0,1700000139000000000,1,40.0,6.333333333333333,16.583333333333332,0.0,0.3333333333333333,0.08333333333333333
139.1,1700000139.1,1700000139100000000,1,40.0,6.366666666666665,16.591666666666665,0.0,0.3333333333333333,0.08333333333333333
139.20000000000002,1700000139.2,1700000139200000000,1,40.0,6.400000000000006,16.6,0.0,0.3333333333333333,0.08333333333333333
139.3,1700000139.3,1700000139300000000,1,40.0,6.433333333333337,16.608333333333334,0.0,0.3333333333333333,0.08333333333333333
139.4,1700000139.4,1700000139400000000,1,40.0,6.466666666666669,16.616666666666667,0.0,0.3333333333333333,0.08333333333333333
139.5,1700000139.5,1700000139500000000,1,40.0,6.5,16.625,0.0,0.3333333333333333,0.08333333333333333
139.6,1700000139.6,1700000139600000000,1,40.0,6.533333333333331,16.633333333333333,0.0,0.3333333333333333,0.08333333333333333
139.70000000000002,1700000139.7,1700000139700000000,1,40.0,6.566666666666673,16.64166666666667,0.0,0.3333333333333333,0.08333333333333333
139.8,1700000139.8,1700000139800000000,1,40.0,6.600000000000003,16.650000000000002,0.0,0.3333333333333333,0.08333333333333333
139.9,1700000139.9,1700000139900000000,1,40.0,6.6333333333333355,16.658333333333335,0.0,0.3333333333333333,0.08333333333333333
140.0,1700000140.0,1700000140000000000,1,40.0,6.666666666666666,16.666666666666668,0.0,0.3333333333333333,0.08333333333333333
140.1,1700000140.1,1700000140100000000,1,40.0,6.699999999999998,16.675,0.0,0.3333333333333333,0.08333333333333333
140.20000000000002,1700000140.2,1700000140200000000,1,40.0,6.733333333333339,16.683333333333334,0.0,0.3333333333333333,0.08333333333333333
140.3,1700000140.3,1700000140300000000,1,40.0,6.766666666666671,16.691666666666666,0.0,0.3333333333333333,0.08333333333333333
140.4,1700000140.4,1700000140400000000,1,40.0,6.800000000000002,16.7,0.0,0.3333333333333333,0.08333333333333333
140.5,1700000140.5,1700000140500000000,1,40.0,6.833333333333334,16.708333333333332,0.0,0.3333333333333333,0.08333333333333333
140.6,1700000140.6,1700000140600000000,1,40.0,6.8666666666666645,16.716666666666665,0.0,0.3333333333333333,0.08333333333333333
140.70000000000002,1700000140.7,1700000140700000000,1,40.0,6.900000000000006,16.725,0.0,0.3333333333333333,0.08333333333333333
140.8,1700000140.8,1700000140800000000,1,40.0,6.933333333333337,16.733333333333334,0.0,0.3333333333333333,0.08333333333333333
140.9,1700000140.9,1700000140900000000,1,40.0,6.966666666666669,16.741666666666667,0.0,0.3333333333333333,0.08333333333333333
141.0,1700000141.0,1700000141000000000,1,40.0,7.0,16.75,0.0,0.3333333333333333,0.08333333333333333
141.1,1700000141.1,1700000141100000000,1,40.0,7.033333333333331,16.758333333333333,0.0,0.3333333333333333,0.08333333333333333
141.20000000000002,1700000141.2,1700000141200000000,1,40.0,7.066666666666672,16.76666666666667,0.0,0.3333333333333333,0.08333333333333333
141.3,1700000141.3,1700000141300000000,1,40.0,7.100000000000004,16.775000000000002,0.0,0.3333333333333333,0.08333333333333333
141.4,1700000141.4,1700000141400000000,1,40.0,7.133333333333335,16.783333333333335,0.0,0.3333333333333333,0.08333333333333333
141.5,1700000141.5,1700000141500000000,1,40.0,7.166666666666667,16.791666666666668,0.0,0.3333333333333333,0.08333333333333333
141.6,1700000141.6,1700000141600000000,1,40.0,7.199999999999998,16.8,0.0,0.3333333333333333,0.08333333333333333
141.70000000000002,1700000141.7,1700000141700000000,1,40.0,7.23333333333334,16.808333333333334,0.0,0.3333333333333333,0.08333333333333333
141.8,1700000141.8,1700000141800000000,1,40.0,7.26666666666667,16.816666666666666,0.0,0.3333333333333333,0.08333333333333333
141.9,1700000141.9,1700000141900000000,1,40.0,7.3000000000000025,16.825,0.0,0.3333333333333333,0.08333333333333333
142.0,1700000142.0,1700000142000000000,1,40.0,7.333333333333333,16.833333333333332,0.0,0.3333333333333333,0.08333333333333333
142.1,1700000142.1,1700000142100000000,1,40.0,7.3666666666666645,16.841666666666665,0.0,0.3333333333333333,0.08333333333333333
142.20000000000002,1700000142.2,1700000142200000000,1,40.0,7.400000000000006,16.85,0.0,0.3333333333333333,0.08333333333333333
142.3,1700000142.3,1700000142300000000,1,40.0,7.433333333333337,16.858333333333334,0.0,0.3333333333333333,0.08333333333333333
142.4,1700000142.4,1700000142400000000,1,40.0,7.466666666666669,16.866666666666667,0.0,0.3333333333333333,0.08333333333333333
142.5,1700000142.5,1700000142500000000,1,40.0,7.5,16.875,0.0,0.3333333333333333,0.08333333333333333
142.6,1700000142.6,1700000142600000000,1,40.0,7.533333333333331,16.883333333333333,0.0,0.3333333333333333,0.08333333333333333
142.70000000000002,1700000142.7,1700000142700000000,1,40.0,7.566666666666673,16.89166666666667,0.0,0.3333333333333333,0.08333333333333333
142.8,1700000142.8,1700000142800000000,1,40.0,7.600000000000003,16.900000000000002,0.0,0.3333333333333333,0.08333333333333333
142.9,1700000142.9,1700000142900000000,1,40.0,7.6333333333333355,16.908333333333335,0.0,0.3333333333333333,0.08333333333333333
143.0,1700000143.0,1700000143000000000,1,40.0,7.666666666666667,16.916666666666668,0.0,0.3333333333333333,0.08333333333333333
143.1,1700000143.1,1700000143100000000,1,40.0,7.6999999999999975,16.925,0.0,0.3333333333333333,0.08333333333333333
143.20000000000002,1700000143.2,1700000143200000000,1,40.0,7.733333333333339,16.933333333333334,0.0,0.3333333333333333,0.08333333333333333
143.3,1700000143.3,1700000143300000000,1,40.0,7.766666666666671,16.941666666666666,0.0,0.3333333333333333,0.08333333333333333
143.4,1700000143.4,1700000143400000000,1,40.0,7.800000000000002,16.95,0.0,0.3333333333333333,0.08333333333333333
143.5,1700000143.5,1700000143500000000,1,40.0,7.833333333333333,16.958333333333332,0.0,0.3333333333333333,0.08333333333333333
143.6,1700000143.6,1700000143600000000,1,40.0,7.866666666666665,16.966666666666665,0.0,0.3333333333333333,0.08333333333333333
143.70000000000002,1700000143.7,1700000143700000000,1,40.0,7.900000000000006,16.975,0.0,0.3333333333333333,0.08333333333333333
143.8,1700000143.8,1700000143800000000,1,40.0,7.933333333333337,16.983333333333334,0.0,0.3333333333333333,0.08333333333333333
143.9,1700000143.9,1700000143900000000,1,40.0,7.966666666666669,16.991666666666667,0.0,0.3333333333333333,0.08333333333333333
144.0,1700000144.0,1700000144000000000,1,40.0,8.0,17.0,0.0,0.3333333333333333,0.08333333333333333
144.1,1700000144.1,1700000144100000000,1,40.0,8.033333333333331,17.008333333333333,0.0,0.3333333333333333,0.08333333333333333
144.20000000000002,1700000144.2,1700000144200000000,1,40.0,8.066666666666672,17.01666666666667,0.0,0.3333333333333333,0.08333333333333333
144.3,1700000144.3,1700000144300000000,1,40.0,8.100000000000003,17.025000000000002,0.0,0.3333333333333333,0.08333333333333333
144.4,1700000144.4,1700000144400000000,1,40.0,8.133333333333336,17.033333333333335,0.0,0.3333333333333333,0.08333333333333333
144.5,1700000144.5,1700000144500000000,1,40.0,8.166666666666666,17.041666666666668,0.0,0.3333333333333333,0.08333333333333333
144.6,1700000144.6,1700000144600000000,1,40.0,8.2,17.05,0.0,0.3333333333333333,0.08333333333333333
144.70000000000002,1700000144.7,1700000144700000000,1,40.0,8.23333333333334,17.058333333333334,0.0,0.3333333333333333,0.08333333333333333
144.8,1700000144.8,1700000144800000000,1,40.0,8.26666666666667,17.066666666666666,0.0,0.3333333333333333,0.08333333333333333
144.9,1700000144.9,1700000144900000000,1,40.0,8.300000000000002,17.075,0.0,0.3333333333333333,0.08333333333333333
145.0,1700000145.0,1700000145000000000,1,40.0,8.333333333333334,17.083333333333332,0.0,0.3333333333333333,0.08333333333333333
145.1,1700000145.1,1700000145100000000,1,40.0,8.366666666666664,17.091666666666665,0.0,0.3333333333333333,0.08333333333333333
145.20000000000002,1700000145.2,1700000145200000000,1,40.0,8.400000000000006,17.1,0.0,0.3333333333333333,0.08333333333333333
145.3,1700000145.3,1700000145300000000,1,40.0,8.433333333333337,17.108333333333334,0.0,0.3333333333333333,0.08333333333333333
145.4,1700000145.4,1700000145400000000,1,40.0,8.466666666666669,17.116666666666667,0.0,0.3333333333333333,0.08333333333333333
145.5,1700000145.5,1700000145500000000,1,40.0,8.5,17.125,0.0,0.3333333333333333,0.08333333333333333
145.6,1700000145.6,1700000145600000000,1,40.0,8.533333333333331,17.133333333333333,0.0,0.3333333333333333,0.08333333333333333
145.70000000000002,1700000145.7,1700000145700000000,1,40.0,8.566666666666672,17.14166666666667,0.0,0.3333333333333333,0.08333333333333333
145.8,1700000145.8,1700000145800000000,1,40.0,8.600000000000005,17.150000000000002,0.0,0.3333333333333333,0.08333333333333333
145.9,1700000145.9,1700000145900000000,1,40.0,8.633333333333335,17.158333333333335,0.0,0.3333333333333333,0.08333333333333333
146.0,1700000146.0,1700000146000000000,1,40.0,8.666666666666668,17.166666666666668,0.0,0.3333333333333333,0.08333333333333333
146.1,1700000146.1,1700000146100000000,1,40.0,8.699999999999998,17.175,0.0,0.3333333333333333,0.08333333333333333
146.20000000000002,1700000146.2,1700000146200000000,1,40.0,8.733333333333338,17.183333333333334,0.0,0.3333333333333333,0.08333333333333333
146.3,1700000146.3,1700000146300000000,1,40.0,8.766666666666671,17.191666666666666,0.0,0.3333333333333333,0.08333333333333333
146.4,1700000146.4,1700000146400000000,1,40.0,8.800000000000002,17.2,0.0,0.3333333333333333,0.08333333333333333
146.5,1700000146.5,1700000146500000000,1,40.0,8.833333333333332,17.208333333333332,0.0,0.3333333333333333,0.08333333333333333
146.6,1700000146.6,1700000146600000000,1,40.0,8.866666666666665,17.216666666666665,0.0,0.3333333333333333,0.08333333333333333
146.70000000000002,1700000146.7,1700000146700000000,1,40.0,8.900000000000006,17.225,0.0,0.3333333333333333,0.08333333333333333
146.8,1700000146.8,1700000146800000000,1,40.0,8.933333333333337,17.233333333333334,0.0,0.3333333333333333,0.08333333333333333
146.9,1700000146.9,1700000146900000000,1,40.0,8.966666666666669,17.241666666666667,0.0,0.3333333333333333,0.08333333333333333
147.0,1700000147.0,1700000147000000000,1,40.0,9.0,17.25,0.0,0.3333333333333333,0.08333333333333333
147.1,1700000147.1,1700000147100000000,1,40.0,9.033333333333331,17.258333333333333,0.0,0.3333333333333333,0.08333333333333333
147.20000000000002,1700000147.2,1700000147200000000,1,40.0,9.066666666666674,17.26666666666667,0.0,0.3333333333333333,0.08333333333333333
147.3,1700000147.3,1700000147300000000,1,40.0,9.100000000000003,17.275000000000002,0.0,0.3333333333333333,0.08333333333333333
147.4,1700000147.4,1700000147400000000,1,40.0,9.133333333333336,17.283333333333335,0.0,0.3333333333333333,0.08333333333333333
147.5,1700000147.5,1700000147500000000,1,40.0,9.166666666666666,17.291666666666668,0.0,0.3333333333333333,0.08333333333333333
147.6,1700000147.6,1700000147600000000,1,40.0,9.199999999999998,17.3,0.0,0.3333333333333333,0.08333333333333333
147.70000000000002,1700000147.7,1700000147700000000,1,40.0,9.23333333333334,17.308333333333334,0.0,0.3333333333333333,0.08333333333333333
147.8,1700000147.8,1700000147800000000,1,40.0,9.266666666666671,17.316666666666666,0.0,0.3333333333333333,0.08333333333333333
147.9,1700000147.9,1700000147900000000,1,40.0,9.3,17.325,0.0,0.3333333333333333,0.08333333333333333
148.0,1700000148.0,1700000148000000000,1,40.0,9.333333333333334,17.333333333333332,0.0,0.3333333333333333,0.08333333333333333
148.1,1700000148.1,1700000148100000000,1,40.0,9.366666666666664,17.341666666666665,0.0,0.3333333333333333,0.08333333333333333
148.20000000000002,1700000148.2,1700000148200000000,1,40.0,9.400000000000006,17.35,0.0,0.3333333333333333,0.08333333333333333
148.3,1700000148.3,1700000148300000000,1,40.0,9.433333333333337,17.358333333333334,0.0,0.3333333333333333,0.08333333333333333
148.4,1700000148.4,1700000148400000000,1,40.0,9.466666666666669,17.366666666666667,0.0,0.3333333333333333,0.08333333333333333
148.5,1700000148.5,1700000148500000000,1,40.0,9.5,17.375,0.0,0.3333333333333333,0.08333333333333333
148.6,1700000148.6,1700000148600000000,1,40.0,9.533333333333331,17.383333333333333,0.0,0.3333333333333333,0.08333333333333333
148.70000000000002,1700000148.7,1700000148700000000,1,40.0,9.566666666666672,17.39166666666667,0.0,0.3333333333333333,0.08333333333333333
148.8,1700000148.8,1700000148800000000,1,40.0,9.600000000000005,17.400000000000002,0.0,0.3333333333333333,0.08333333333333333
148.9,1700000148.9,1700000148900000000,1,40.0,9.633333333333335,17.408333333333335,0.0,0.3333333333333333,0.08333333333333333
149.0,1700000149.0,1700000149000000000,1,40.0,9.666666666666666,17.416666666666668,0.0,0.3333333333333333,0.08333333333333333
149.1,1700000149.1,1700000149100000000,1,40.0,9.7,17.425,0.0,0.3333333333333333,0.08333333333333333
149.20000000000002,1700000149.2,1700000149200000000,1,40.0,9.73333333333334,17.433333333333334,0.0,0.3333333333333333,0.08333333333333333
149.3,1700000149.3,1700000149300000000,1,40.0,9.76666666666667,17.441666666666666,0.0,0.3333333333333333,0.08333333333333333
149.4,1700000149.4,1700000149400000000,1,40.0,9.800000000000002,17.45,0.0,0.3333333333333333,0.08333333333333333
149.5,1700000149.5,1700000149500000000,1,40.0,9.833333333333332,17.458333333333332,0.0,0.3333333333333333,0.08333333333333333
149.6,1700000149.6,1700000149600000000,1,40.0,9.866666666666665,17.466666666666665,0.0,0.3333333333333333,0.08333333333333333
149.70000000000002,1700000149.7,1700000149700000000,1,40.0,9.900000000000006,17.475,0.0,0.3333333333333333,0.08333333333333333
149.8,1700000149.8,1700000149800000000,1,40.0,9.933333333333337,17.483333333333334,0.0,0.3333333333333333,0.08333333333333333
149.9,1700000149.9,1700000149900000000,1,40.0,9.966666666666669,17.491666666666667,0.0,0.3333333333333333,0.08333333333333333
150.0,1700000150.0,1700000150000000000,1,40.0,10.0,17.5,0.0,0.3333333333333333,0.08333333333333333
150.1,1700000150.1,1700000150100000000,1,40.0,10.033333333333331,17.508333333333333,0.0,0.3333333333333333,0.08333333333333333
150.20000000000002,1700000150.2,1700000150200000000,1,40.0,10.066666666666674,17.51666666666667,0.0,0.3333333333333333,0.08333333333333333
150.3,1700000150.3,1700000150300000000,1,40.0,10.100000000000005,17.525000000000002,0.0,0.3333333333333333,0.08333333333333333
150.4,1700000150.4,1700000150400000000,1,40.0,10.133333333333335,17.533333333333335,0.0,0.3333333333333333,0.08333333333333333
150.5,1700000150.5,1700000150500000000,1,40.0,10.166666666666666,17.541666666666668,0.0,0.3333333333333333,0.08333333333333333
150.6,1700000150.6,1700000150600000000,1,40.0,10.199999999999998,17.55,0.0,0.3333333333333333,0.08333333333333333
150.70000000000002,1700000150.7,1700000150700000000,1,40.0,10.233333333333338,17.558333333333334,0.0,0.3333333333333333,0.08333333333333333
150.8,1700000150.8,1700000150800000000,1,40.0,10.266666666666671,17.566666666666666,0.0,0.3333333333333333,0.08333333333333333
150.9,1700000150.9,1700000150900000000,1,40.0,10.300000000000002,17.575,0.0,0.3333333333333333,0.08333333333333333
151.0,1700000151.0,1700000151000000000,1,40.0,10.333333333333334,17.583333333333332,0.0,0.3333333333333333,0.08333333333333333
151.1,1700000151.1,1700000151100000000,1,40.0,10.366666666666664,17.591666666666665,0.0,0.3333333333333333,0.08333333333333333
151.20000000000002,1700000151.2,1700000151200000000,1,40.0,10.400000000000006,17.6,0.0,0.3333333333333333,0.08333333333333333
151.3,1700000151.3,1700000151300000000,1,40.0,10.433333333333337,17.608333333333334,0.0,0.3333333333333333,0.08333333333333333
151.4,1700000151.4,1700000151400000000,1,40.0,10.466666666666669,17.616666666666667,0.0,0.3333333333333333,0.08333333333333333
151.5,1700000151.5,1700000151500000000,1,40.0,10.5,17.625,0.0,0.3333333333333333,0.08333333333333333
151.6,1700000151.6,1700000151600000000,1,40.0,10.533333333333331,17.633333333333333,0.0,0.3333333333333333,0.08333333333333333
151.70000000000002,1700000151.7,1700000151700000000,1,40.0,10.566666666666674,17.64166666666667,0.0,0.3333333333333333,0.08333333333333333
151.8,1700000151.8,1700000151800000000,1,40.0,10.600000000000003,17.650000000000002,0.0,0.3333333333333333,0.08333333333333333
151.9,1700000151.9,1700000151900000000,1,40.0,10.633333333333335,17.658333333333335,0.0,0.3333333333333333,0.08333333333333333
152.0,1700000152.0,1700000152000000000,1,40.0,10.666666666666666,17.666666666666668,0.0,0.3333333333333333,0.08333333333333333
152.1,1700000152.1,1700000152100000000,1,40.0,10.7,17.675,0.0,0.3333333333333333,0.08333333333333333
152.20000000000002,1700000152.2,1700000152200000000,1,40.0,10.73333333333334,17.683333333333334,0.0,0.3333333333333333,0.08333333333333333
152.3,1700000152.3,1700000152300000000,1,40.0,10.766666666666671,17.691666666666666,0.0,0.3333333333333333,0.08333333333333333
152.4,1700000152.4,1700000152400000000,1,40.0,10.800000000000002,17.7,0.0,0.3333333333333333,0.08333333333333333
152.5,1700000152.5,1700000152500000000,1,40.0,10.833333333333332,17.708333333333332,0.0,0.3333333333333333,0.08333333333333333
152.6,1700000152.6,1700000152600000000,1,40.0,10.866666666666664,17.716666666666665,0.0,0.3333333333333333,0.08333333333333333
152.70000000000002,1700000152.7,1700000152700000000,1,40.0,10.900000000000006,17.725,0.0,0.3333333333333333,0.08333333333333333
152.8,1700000152.8,1700000152800000000,1,40.0,10.933333333333337,17.733333333333334,0.0,0.3333333333333333,0.08333333333333333
152.9,1700000152.9,1700000152900000000,1,40.0,10.966666666666669,17.741666666666667,0.0,0.3333333333333333,0.08333333333333333
153.0,1700000153.0,1700000153000000000,1,40.0,11.0,17.75,0.0,0.3333333333333333,0.08333333333333333
153.1,1700000153.1,1700000153100000000,1,40.0,11.033333333333331,17.758333333333333,0.0,0.3333333333333333,0.08333333333333333
153.20000000000002,1700000153.2,1700000153200000000,1,40.0,11.066666666666672,17.76666666666667,0.0,0.3333333333333333,0.08333333333333333
153.3,1700000153.3,1700000153300000000,1,40.0,11.100000000000003,17.775000000000002,0.0,0.3333333333333333,0.08333333333333333
153.4,1700000153.4,1700000153400000000,1,40.0,11.133333333333335,17.783333333333335,0.0,0.3333333333333333,0.08333333333333333
153.5,1700000153.5,1700000153500000000,1,40.0,11.166666666666668,17.791666666666668,0.0,0.3333333333333333,0.08333333333333333
153.60000000000002,1700000153.6,1700000153600000000,1,40.0,11.200000000000008,17.8,0.0,0.3333333333333333,0.08333333333333333
153.70000000000002,1700000153.7,1700000153700000000,1,40.0,11.23333333333334,17.808333333333334,0.0,0.3333333333333333,0.08333333333333333
153.8,1700000153.8,1700000153800000000,1,40.0,11.266666666666671,17.816666666666666,0.0,0.3333333333333333,0.08333333333333333
153.9,1700000153.9,1700000153900000000,1,40.0,11.3,17.825,0.0,0.3333333333333333,0.08333333333333333
154.0,1700000154.0,1700000154000000000,1,40.0,11.333333333333332,17.833333333333332,0.0,0.3333333333333333,0.08333333333333333
154.10000000000002,1700000154.1,1700000154100000000,1,40.0,11.366666666666674,17.84166666666667,0.0,0.3333333333333333,0.08333333333333333
154.20000000000002,1700000154.2,1700000154200000000,1,40.0,11.400000000000006,17.85,0.0,0.3333333333333333,0.08333333333333333
154.3,1700000154.3,1700000154300000000,1,40.0,11.433333333333337,17.858333333333334,0.0,0.3333333333333333,0.08333333333333333
154.4,1700000154.4,1700000154400000000,1,40.0,11.466666666666669,17.866666666666667,0.0,0.3333333333333333,0.08333333333333333
154.5,1700000154.5,1700000154500000000,1,40.0,11.5,17.875,0.0,0.3333333333333333,0.08333333333333333
154.60000000000002,1700000154.6,1700000154600000000,1,40.0,11.53333333333334,17.883333333333336,0.0,0.3333333333333333,0.08333333333333333
154.70000000000002,1700000154.7,1700000154700000000,1,40.0,11.566666666666672,17.89166666666667,0.0,0.3333333333333333,0.08333333333333333
154.8,1700000154.8,1700000154800000000,1,40.0,11.600000000000003,17.900000000000002,0.0,0.3333333333333333,0.08333333333333333
154.9,1700000154.9,1700000154900000000,1,40.0,11.633333333333336,17.908333333333335,0.0,0.3333333333333333,0.08333333333333333
155.0,1700000155.0,1700000155000000000,1,40.0,11.666666666666668,17.916666666666668,0.0,0.3333333333333333,0.08333333333333333
155.10000000000002,1700000155.1,1700000155100000000,1,40.0,11.700000000000008,17.925,0.0,0.3333333333333333,0.08333333333333333
155.20000000000002,1700000155.2,1700000155200000000,1,40.0,11.73333333333334,17.933333333333334,0.0,0.3333333333333333,0.08333333333333333
155.3,1700000155.3,1700000155300000000,1,40.0,11.76666666666667,17.941666666666666,0.0,0.3333333333333333,0.08333333333333333
155.4,1700000155.4,1700000155400000000,1,40.0,11.8,17.95,0.0,0.3333333333333333,0.08333333333333333
155.5,1700000155.5,1700000155500000000,1,40.0,11.833333333333334,17.958333333333332,0.0,0.3333333333333333,0.08333333333333333
155.60000000000002,1700000155.6,1700000155600000000,1,40.0,11.866666666666674,17.96666666666667,0.0,0.3333333333333333,0.08333333333333333
155.70000000000002,1700000155.7,1700000155700000000,1,40.0,11.900000000000006,17.975,0.0,0.3333333333333333,0.08333333333333333
155.8,1700000155.8,1700000155800000000,1,40.0,11.933333333333337,17.983333333333334,0.0,0.3333333333333333,0.08333333333333333
155.9,1700000155.9,1700000155900000000,1,40.0,11.966666666666669,17.991666666666667,0.0,0.3333333333333333,0.08333333333333333
156.0,1700000156.0,1700000156000000000,1,40.0,12.0,18.0,0.0,0.3333333333333333,0.08333333333333333
156.10000000000002,1700000156.1,1700000156100000000,1,40.0,12.03333333333334,18.008333333333336,0.0,0.3333333333333333,0.08333333333333333
156.20000000000002,1700000156.2,1700000156200000000,1,40.0,12.066666666666672,18.01666666666667,0.0,0.3333333333333333,0.08333333333333333
156.3,1700000156.3,1700000156300000000,1,40.0,12.100000000000005,18.025000000000002,0.0,0.3333333333333333,0.08333333333333333
156.4,1700000156.4,1700000156400000000,1,40.0,12.133333333333336,18.033333333333335,0.0,0.3333333333333333,0.08333333333333333
156.5,1700000156.5,1700000156500000000,1,40.0,12.166666666666666,18.041666666666668,0.0,0.3333333333333333,0.08333333333333333
156.60000000000002,1700000156.6,1700000156600000000,1,40.0,12.200000000000008,18.05,0.0,0.3333333333333333,0.08333333333333333
156.70000000000002,1700000156.7,1700000156700000000,1,40.0,12.233333333333338,18.058333333333334,0.0,0.3333333333333333,0.08333333333333333
156.8,1700000156.8,1700000156800000000,1,40.0,12.26666666666667,18.066666666666666,0.0,0.3333333333333333,0.08333333333333333
156.9,1700000156.9,1700000156900000000,1,40.0,12.300000000000002,18.075,0.0,0.3333333333333333,0.08333333333333333
157.0,1700000157.0,1700000157000000000,1,40.0,12.333333333333334,18.083333333333332,0.0,0.3333333333333333,0.08333333333333333
157.10000000000002,1700000157.1,1700000157100000000,1,40.0,12.366666666666674,18.09166666666667,0.0,0.3333333333333333,0.08333333333333333
157.20000000000002,1700000157.2,1700000157200000000,1,40.0,12.400000000000006,18.1,0.0,0.3333333333333333,0.08333333333333333
157.3,1700000157.3,1700000157300000000,1,40.0,12.433333333333337,18.108333333333334,0.0,0.3333333333333333,0.08333333333333333
157.4,1700000157.4,1700000157400000000,1,40.0,12.466666666666669,18.116666666666667,0.0,0.3333333333333333,0.08333333333333333
157.5,1700000157.5,1700000157500000000,1,40.0,12.5,18.125,0.0,0.3333333333333333,0.08333333333333333
157.60000000000002,1700000157.6,1700000157600000000,1,40.0,12.53333333333334,18.133333333333336,0.0,0.3333333333333333,0.08333333333333333
157.70000000000002,1700000157.7,1700000157700000000,1,40.0,12.566666666666674,18.14166666666667,0.0,0.3333333333333333,0.08333333333333333
157.8,1700000157.8,1700000157800000000,1,40.0,12.600000000000005,18.150000000000002,0.0,0.3333333333333333,0.08333333333333333
157.9,1700000157.9,1700000157900000000,1,40.0,12.633333333333335,18.158333333333335,0.0,0.3333333333333333,0.08333333333333333
158.0,1700000158.0,1700000158000000000,1,40.0,12.666666666666666,18.166666666666668,0.0,0.3333333333333333,0.08333333333333333
158.10000000000002,1700000158.1,1700000158100000000,1,40.0,12.700000000000006,18.175,0.0,0.3333333333333333,0.08333333333333333
158.20000000000002,1700000158.2,1700000158200000000,1,40.0,12.733333333333338,18.183333333333334,0.0,0.3333333333333333,0.08333333333333333
158.3,1700000158.3,1700000158300000000,1,40.0,12.766666666666671,18.191666666666666,0.0,0.3333333333333333,0.08333333333333333
158.4,1700000158.4,1700000158400000000,1,40.0,12.800000000000002,18.2,0.0,0.3333333333333333,0.08333333333333333
158.5,1700000158.5,1700000158500000000,1,40.0,12.833333333333334,18.208333333333332,0.0,0.3333333333333333,0.08333333333333333
158.60000000000002,1700000158.6,1700000158600000000,1,40.0,12.866666666666674,18.21666666666667,0.0,0.3333333333333333,0.08333333333333333
158.70000000000002,1700000158.7,1700000158700000000,1,40.0,12.900000000000006,18.225,0.0,0.3333333333333333,0.08333333333333333
158.8,1700000158.8,1700000158800000000,1,40.0,12.933333333333337,18.233333333333334,0.0,0.3333333333333333,0.08333333333333333
158.9,1700000158.9,1700000158900000000,1,40.0,12.966666666666669,18.241666666666667,0.0,0.3333333333333333,0.08333333333333333
159.0,1700000159.0,1700000159000000000,1,40.0,13.0,18.25,0.0,0.3333333333333333,0.08333333333333333
159.10000000000002,1700000159.1,1700000159100000000,1,40.0,13.033333333333342,18.258333333333336,0.0,0.3333333333333333,0.08333333333333333
159.20000000000002,1700000159.2,1700000159200000000,1,40.0,13.066666666666674,18.26666666666667,0.0,0.3333333333333333,0.08333333333333333
159.3,1700000159.3,1700000159300000000,1,40.0,13.100000000000003,18.275000000000002,0.0,0.3333333333333333,0.08333333333333333
159.4,1700000159.4,1700000159400000000,1,40.0,13.133333333333335,18.283333333333335,0.0,0.3333333333333333,0.08333333333333333
159.5,1700000159.5,1700000159500000000,1,40.0,13.166666666666666,18.291666666666668,0.0,0.3333333333333333,0.08333333333333333
159.60000000000002,1700000159.6,1700000159600000000,1,40.0,13.200000000000006,18.3,0.0,0.3333333333333333,0.08333333333333333
159.70000000000002,1700000159.7,1700000159700000000,1,40.0,13.23333333333334,18.308333333333334,0.0,0.3333333333333333,0.08333333333333333
159.8,1700000159.8,1700000159800000000,1,40.0,13.266666666666671,18.316666666666666,0.0,0.3333333333333333,0.08333333333333333
159.9,1700000159.9,1700000159900000000,1,40.0,13.300000000000002,18.325,0.0,0.3333333333333333,0.08333333333333333
160.0,1700000160.0,1700000160000000000,1,40.0,13.333333333333332,18.333333333333332,0.0,0.3333333333333333,0.08333333333333333
160.10000000000002,1700000160.1,1700000160100000000,1,40.0,13.366666666666674,18.34166666666667,0.0,0.3333333333333333,0.08333333333333333
160.20000000000002,1700000160.2,1700000160200000000,1,40.0,13.400000000000006,18.35,0.0,0.3333333333333333,0.08333333333333333
160.3,1700000160.3,1700000160300000000,1,40.0,13.433333333333337,18.358333333333334,0.0,0.3333333333333333,0.08333333333333333
160.4,1700000160.4,1700000160400000000,1,40.0,13.466666666666669,18.366666666666667,0.0,0.3333333333333333,0.08333333333333333
160.5,1700000160.5,1700000160500000000,1,40.0,13.5,18.375,0.0,0.3333333333333333,0.08333333333333333
160.60000000000002,1700000160.6,1700000160600000000,1,40.0,13.533333333333342,18.383333333333336,0.0,0.3333333333333333,0.08333333333333333
160.70000000000002,1700000160.7,1700000160700000000,1,40.0,13.566666666666672,18.39166666666667,0.0,0.3333333333333333,0.08333333333333333
160.8,1700000160.8,1700000160800000000,1,40.0,13.600000000000003,18.400000000000002,0.0,0.3333333333333333,0.08333333333333333
160.9,1700000160.9,1700000160900000000,1,40.0,13.633333333333335,18.408333333333335,0.0,0.3333333333333333,0.08333333333333333
161.0,1700000161.0,1700000161000000000,1,40.0,13.666666666666668,18.416666666666668,0.0,0.3333333333333333,0.08333333333333333
161.10000000000002,1700000161.1,1700000161100000000,1,40.0,13.700000000000008,18.425,0.0,0.3333333333333333,0.08333333333333333
161.20000000000002,1700000161.2,1700000161200000000,1,40.0,13.73333333333334,18.433333333333334,0.0,0.3333333333333333,0.08333333333333333
161.3,1700000161.3,1700000161300000000,1,40.0,13.766666666666671,18.441666666666666,0.0,0.3333333333333333,0.08333333333333333
161.4,1700000161.4,1700000161400000000,1,40.0,13.8,18.45,0.0,0.3333333333333333,0.08333333333333333
161.5,1700000161.5,1700000161500000000,1,40.0,13.833333333333332,18.458333333333332,0.0,0.3333333333333333,0.08333333333333333
161.60000000000002,1700000161.6,1700000161600000000,1,40.0,13.866666666666674,18.46666666666667,0.0,0.3333333333333333,0.08333333333333333
161.70000000000002,1700000161.7,1700000161700000000,1,40.0,13.900000000000006,18.475,0.0,0.3333333333333333,0.08333333333333333
161.8,1700000161.8,1700000161800000000,1,40.0,13.933333333333337,18.483333333333334,0.0,0.3333333333333333,0.08333333333333333
161.9,1700000161.9,1700000161900000000,1,40.0,13.966666666666669,18.491666666666667,0.0,0.3333333333333333,0.08333333333333333
162.0,1700000162.0,1700000162000000000,1,40.0,14.0,18.5,0.0,0.3333333333333333,0.08333333333333333
162.10000000000002,1700000162.1,1700000162100000000,1,40.0,14.03333333333334,18.508333333333336,0.0,0.3333333333333333,0.08333333333333333
162.20000000000002,1700000162.2,1700000162200000000,1,40.0,14.066666666666672,18.51666666666667,0.0,0.3333333333333333,0.08333333333333333
162.3,1700000162.3,1700000162300000000,1,40.0,14.100000000000003,18.525000000000002,0.0,0.3333333333333333,0.08333333333333333
162.4,1700000162.4,1700000162400000000,1,40.0,14.133333333333336,18.533333333333335,0.0,0.3333333333333333,0.08333333333333333
162.5,1700000162.5,1700000162500000000,1,40.0,14.166666666666668,18.541666666666668,0.0,0.3333333333333333,0.08333333333333333
162.60000000000002,1700000162.6,1700000162600000000,1,40.0,14.200000000000008,18.55,0.0,0.3333333333333333,0.08333333333333333
162.70000000000002,1700000162.7,1700000162700000000,1,40.0,14.23333333333334,18.558333333333334,0.0,0.3333333333333333,0.08333333333333333
162.8,1700000162.8,1700000162800000000,1,40.0,14.26666666666667,18.566666666666666,0.0,0.3333333333333333,0.08333333333333333
162.9,1700000162.9,1700000162900000000,1,40.0,14.3,18.575,0.0,0.3333333333333333,0.08333333333333333
163.0,1700000163.0,1700000163000000000,1,40.0,14.333333333333334,18.583333333333332,0.0,0.3333333333333333,0.08333333333333333
163.10000000000002,1700000163.1,1700000163100000000,1,40.0,14.366666666666674,18.59166666666667,0.0,0.3333333333333333,0.08333333333333333
163.20000000000002,1700000163.2,1700000163200000000,1,40.0,14.400000000000006,18.6,0.0,0.3333333333333333,0.08333333333333333
163.3,1700000163.3,1700000163300000000,1,40.0,14.433333333333337,18.608333333333334,0.0,0.3333333333333333,0.08333333333333333
163.4,1700000163.4,1700000163400000000,1,40.0,14.466666666666669,18.616666666666667,0.0,0.3333333333333333,0.08333333333333333
163.5,1700000163.5,1700000163500000000,1,40.0,14.5,18.625,0.0,0.3333333333333333,0.08333333333333333
163.60000000000002,1700000163.6,1700000163600000000,1,40.0,14.53333333333334,18.633333333333336,0.0,0.3333333333333333,0.08333333333333333
163.70000000000002,1700000163.7,1700000163700000000,1,40.0,14.566666666666672,18.64166666666667,0.0,0.3333333333333333,0.08333333333333333
163.8,1700000163.8,1700000163800000000,1,40.0,14.600000000000005,18.650000000000002,0.0,0.3333333333333333,0.08333333333333333
163.9,1700000163.9,1700000163900000000,1,40.0,14.633333333333336,18.658333333333335,0.0,0.3333333333333333,0.08333333333333333
164.0,1700000164.0,1700000164000000000,1,40.0,14.666666666666666,18.666666666666668,0.0,0.3333333333333333,0.08333333333333333
164.10000000000002,1700000164.1,1700000164100000000,1,40.0,14.700000000000008,18.675,0.0,0.3333333333333333,0.08333333333333333
164.20000000000002,1700000164.2,1700000164200000000,1,40.0,14.733333333333338,18.683333333333334,0.0,0.3333333333333333,0.08333333333333333
164.3,1700000164.3,1700000164300000000,1,40.0,14.76666666666667,18.691666666666666,0.0,0.3333333333333333,0.08333333333333333
164.4,1700000164.4,1700000164400000000,1,40.0,14.800000000000002,18.7,0.0,0.3333333333333333,0.08333333333333333
164.5,1700000164.5,1700000164500000000,1,40.0,14.833333333333334,18.708333333333332,0.0,0.3333333333333333,0.08333333333333333
164.60000000000002,1700000164.6,1700000164600000000,1,40.0,14.866666666666674,18.71666666666667,0.0,0.3333333333333333,0.08333333333333333
164.70000000000002,1700000164.7,1700000164700000000,1,40.0,14.900000000000006,18.725,0.0,0.3333333333333333,0.08333333333333333
164.8,1700000164.8,1700000164800000000,1,40.0,14.933333333333337,18.733333333333334,0.0,0.3333333333333333,0.08333333333333333
164.9,1700000164.9,1700000164900000000,1,40.0,14.966666666666669,18.741666666666667,0.0,0.3333333333333333,0.08333333333333333
165.0,1700000165.0,1700000165000000000,1,40.0,15.0,18.75,0.0,0.3333333333333333,0.08333333333333333
165.10000000000002,1700000165.1,1700000165100000000,1,40.0,15.03333333333334,18.758333333333336,0.0,0.3333333333333333,0.08333333333333333
165.20000000000002,1700000165.2,1700000165200000000,1,40.0,15.066666666666674,18.76666666666667,0.0,0.3333333333333333,0.08333333333333333
165.3,1700000165.3,1700000165300000000,1,40.0,15.100000000000005,18.775000000000002,0.0,0.3333333333333333,0.08333333333333333
165.4,1700000165.4,1700000165400000000,1,40.0,15.133333333333335,18.783333333333335,0.0,0.3333333333333333,0.08333333333333333
165.5,1700000165.5,1700000165500000000,1,40.0,15.166666666666666,18.791666666666668,0.0,0.3333333333333333,0.08333333333333333
165.60000000000002,1700000165.6,1700000165600000000,1,40.0,15.200000000000006,18.8,0.0,0.3333333333333333,0.08333333333333333
165.70000000000002,1700000165.7,1700000165700000000,1,40.0,15.233333333333338,18.808333333333334,0.0,0.3333333333333333,0.08333333333333333
165.8,1700000165.8,1700000165800000000,1,40.0,15.266666666666671,18.816666666666666,0.0,0.3333333333333333,0.08333333333333333
165.9,1700000165.9,1700000165900000000,1,40.0,15.300000000000002,18.825,0.0,0.3333333333333333,0.08333333333333333
166.0,1700000166.0,1700000166000000000,1,40.0,15.333333333333334,18.833333333333332,0.0,0.3333333333333333,0.08333333333333333
166.10000000000002,1700000166.1,1700000166100000000,1,40.0,15.366666666666674,18.84166666666667,0.0,0.3333333333333333,0.08333333333333333
166.20000000000002,1700000166.2,1700000166200000000,1,40.0,15.400000000000006,18.85,0.0,0.3333333333333333,0.08333333333333333
166.3,1700000166.3,1700000166300000000,1,40.0,15.433333333333337,18.858333333333334,0.0,0.3333333333333333,0.08333333333333333
166.4,1700000166.4,1700000166400000000,1,40.0,15.466666666666669,18.866666666666667,0.0,0.3333333333333333,0.08333333333333333
166.5,1700000166.5,1700000166500000000,1,40.0,15.5,18.875,0.0,0.3333333333333333,0.08333333333333333
166.60000000000002,1700000166.6,1700000166600000000,1,40.0,15.533333333333342,18.883333333333336,0.0,0.3333333333333333,0.08333333333333333
166.70000000000002,1700000166.7,1700000166700000000,1,40.0,15.566666666666674,18.89166666666667,0.0,0.3333333333333333,0.08333333333333333
166.8,1700000166.8,1700000166800000000,1,40.0,15.600000000000003,18.900000000000002,0.0,0.3333333333333333,0.08333333333333333
166.9,1700000166.9,1700000166900000000,1,40.0,15.633333333333335,18.908333333333335,0.0,0.3333333333333333,0.08333333333333333
167.0,1700000167.0,1700000167000000000,1,40.0,15.666666666666666,18.916666666666668,0.0,0.3333333333333333,0.08333333333333333
167.10000000000002,1700000167.1,1700000167100000000,1,40.0,15.700000000000006,18.925,0.0,0.3333333333333333,0.08333333333333333
167.20000000000002,1700000167.2,1700000167200000000,1,40.0,15.73333333333334,18.933333333333334,0.0,0.3333333333333333,0.08333333333333333
167.3,1700000167.3,1700000167300000000,1,40.0,15.766666666666671,18.941666666666666,0.0,0.3333333333333333,0.08333333333333333
167.4,1700000167.4,1700000167400000000,1,40.0,15.800000000000002,18.95,0.0,0.3333333333333333,0.08333333333333333
167.5,1700000167.5,1700000167500000000,1,40.0,15.833333333333332,18.958333333333332,0.0,0.3333333333333333,0.08333333333333333
167.60000000000002,1700000167.6,1700000167600000000,1,40.0,15.866666666666674,18.96666666666667,0.0,0.3333333333333333,0.08333333333333333
167.70000000000002,1700000167.7,1700000167700000000,1,40.0,15.900000000000006,18.975,0.0,0.3333333333333333,0.08333333333333333
167.8,1700000167.8,1700000167800000000,1,40.0,15.933333333333337,18.983333333333334,0.0,0.3333333333333333,0.08333333333333333
167.9,1700000167.9,1700000167900000000,1,40.0,15.966666666666669,18.991666666666667,0.0,0.3333333333333333,0.08333333333333333
168.0,1700000168.0,1700000168000000000,1,40.0,16.0,19.0,0.0,0.3333333333333333,0.08333333333333333
168.10000000000002,1700000168.1,1700000168100000000,1,40.0,16.033333333333342,19.008333333333336,0.0,0.3333333333333333,0.08333333333333333
168.20000000000002,1700000168.2,1700000168200000000,1,40.0,16.06666666666667,19.016666666666666,0.0,0.3333333333333333,0.08333333333333333
168.3,1700000168.3,1700000168300000000,1,40.0,16.1,19.025,0.0,0.3333333333333333,0.08333333333333333
168.4,1700000168.4,1700000168400000000,1,40.0,16.133333333333336,19.033333333333335,0.0,0.3333333333333333,0.08333333333333333
168.5,1700000168.5,1700000168500000000,1,40.0,16.166666666666668,19.041666666666668,0.0,0.3333333333333333,0.08333333333333333
168.60000000000002,1700000168.6,1700000168600000000,1,40.0,16.200000000000006,19.05,0.0,0.3333333333333333,0.08333333333333333
168.70000000000002,1700000168.7,1700000168700000000,1,40.0,16.23333333333334,19.058333333333337,0.0,0.3333333333333333,0.08333333333333333
168.8,1700000168.8,1700000168800000000,1,40.0,16.266666666666673,19.06666666666667,0.0,0.3333333333333333,0.08333333333333333
168.9,1700000168.9,1700000168900000000,1,40.0,16.3,19.075,0.0,0.3333333333333333,0.08333333333333333
169.0,1700000169.0,1700000169000000000,1,40.0,16.333333333333332,19.083333333333332,0.0,0.3333333333333333,0.08333333333333333
169.10000000000002,1700000169.1,1700000169100000000,1,40.0,16.366666666666674,19.09166666666667,0.0,0.3333333333333333,0.08333333333333333
169.20000000000002,1700000169.2,1700000169200000000,1,40.0,16.400000000000006,19.1,0.0,0.3333333333333333,0.08333333333333333
169.3,1700000169.3,1700000169300000000,1,40.0,16.433333333333337,19.108333333333334,0.0,0.3333333333333333,0.08333333333333333
169.4,1700000169.4,1700000169400000000,1,40.0,16.46666666666667,19.116666666666667,0.0,0.3333333333333333,0.08333333333333333
169.5,1700000169.5,1700000169500000000,1,40.0,16.5,19.125,0.0,0.3333333333333333,0.08333333333333333
169.60000000000002,1700000169.6,1700000169600000000,1,40.0,16.53333333333334,19.133333333333333,0.0,0.3333333333333333,0.08333333333333333
169.70000000000002,1700000169.7,1700000169700000000,1,40.0,16.56666666666667,19.141666666666666,0.0,0.3333333333333333,0.08333333333333333
169.8,1700000169.8,1700000169800000000,1,40.0,16.600000000000005,19.150000000000002,0.0,0.3333333333333333,0.08333333333333333
169.9,1700000169.9,1700000169900000000,1,40.0,16.633333333333336,19.158333333333335,0.0,0.3333333333333333,0.08333333333333333
170.0,1700000170.0,1700000170000000000,1,40.0,16.666666666666668,19.166666666666668,0.0,0.3333333333333333,0.08333333333333333
170.10000000000002,1700000170.1,1700000170100000000,1,40.0,16.70000000000001,19.175000000000004,0.0,0.3333333333333333,0.08333333333333333
170.20000000000002,1700000170.2,1700000170200000000,1,40.0,16.73333333333334,19.183333333333337,0.0,0.3333333333333333,0.08333333333333333
170.3,1700000170.3,1700000170300000000,1,40.0,16.76666666666667,19.191666666666666,0.0,0.3333333333333333,0.08333333333333333
170.4,1700000170.4,1700000170400000000,1,40.0,16.8,19.2,0.0,0.3333333333333333,0.08333333333333333
170.5,1700000170.5,1700000170500000000,1,40.0,16.833333333333332,19.208333333333332,0.0,0.3333333333333333,0.08333333333333333
170.60000000000002,1700000170.6,1700000170600000000,1,40.0,16.866666666666674,19.21666666666667,0.0,0.3333333333333333,0.08333333333333333
170.70000000000002,1700000170.7,1700000170700000000,1,40.0,16.900000000000006,19.225,0.0,0.3333333333333333,0.08333333333333333
170.8,1700000170.8,1700000170800000000,1,40.0,16.933333333333337,19.233333333333334,0.0,0.3333333333333333,0.08333333333333333
170.9,1700000170.9,1700000170900000000,1,40.0,16.96666666666667,19.241666666666667,0.0,0.3333333333333333,0.08333333333333333
171.0,1700000171.0,1700000171000000000,1,40.0,17.0,19.25,0.0,0.3333333333333333,0.08333333333333333
171.10000000000002,1700000171.1,1700000171100000000,1,40.0,17.03333333333334,19.258333333333333,0.0,0.3333333333333333,0.08333333333333333
171.20000000000002,1700000171.2,1700000171200000000,1,40.0,17.066666666666674,19.26666666666667,0.0,0.3333333333333333,0.08333333333333333
171.3,1700000171.3,1700000171300000000,1,40.0,17.100000000000005,19.275000000000002,0.0,0.3333333333333333,0.08333333333333333
171.4,1700000171.4,1700000171400000000,1,40.0,17.133333333333336,19.283333333333335,0.0,0.3333333333333333,0.08333333333333333
171.5,1700000171.5,1700000171500000000,1,40.0,17.166666666666664,19.291666666666664,0.0,0.3333333333333333,0.08333333333333333
171.60000000000002,1700000171.6,1700000171600000000,1,40.0,17.20000000000001,19.300000000000004,0.0,0.3333333333333333,0.08333333333333333
171.70000000000002,1700000171.7,1700000171700000000,1,40.0,17.233333333333338,19.308333333333334,0.0,0.3333333333333333,0.08333333333333333
171.8,1700000171.8,1700000171800000000,1,40.0,17.26666666666667,19.316666666666666,0.0,0.3333333333333333,0.08333333333333333
171.9,1700000171.9,1700000171900000000,1,40.0,17.3,19.325,0.0,0.3333333333333333,0.08333333333333333
172.0,1700000172.0,1700000172000000000,1,40.0,17.333333333333336,19.333333333333336,0.0,0.3333333333333333,0.08333333333333333
172.10000000000002,1700000172.1,1700000172100000000,1,40.0,17.366666666666674,19.34166666666667,0.0,0.3333333333333333,0.08333333333333333
172.20000000000002,1700000172.2,1700000172200000000,1,40.0,17.400000000000006,19.35,0.0,0.3333333333333333,0.08333333333333333
172.3,1700000172.3,1700000172300000000,1,40.0,17.433333333333337,19.358333333333334,0.0,0.3333333333333333,0.08333333333333333
172.4,1700000172.4,1700000172400000000,1,40.0,17.46666666666667,19.366666666666667,0.0,0.3333333333333333,0.08333333333333333
172.5,1700000172.5,1700000172500000000,1,40.0,17.5,19.375,0.0,0.3333333333333333,0.08333333333333333
172.60000000000002,1700000172.6,1700000172600000000,1,40.0,17.533333333333342,19.383333333333336,0.0,0.3333333333333333,0.08333333333333333
172.70000000000002,1700000172.7,1700000172700000000,1,40.0,17.566666666666674,19.39166666666667,0.0,0.3333333333333333,0.08333333333333333
172.8,1700000172.8,1700000172800000000,1,40.0,17.600000000000005,19.400000000000002,0.0,0.3333333333333333,0.08333333333333333
172.9,1700000172.9,1700000172900000000,1,40.0,17.633333333333333,19.40833333333333,0.0,0.3333333333333333,0.08333333333333333
173.0,1700000173.0,1700000173000000000,1,40.0,17.666666666666664,19.416666666666664,0.0,0.3333333333333333,0.08333333333333333
173.10000000000002,1700000173.1,1700000173100000000,1,40.0,17.700000000000006,19.425,0.0,0.3333333333333333,0.08333333333333333
173.20000000000002,1700000173.2,1700000173200000000,1,40.0,17.733333333333338,19.433333333333334,0.0,0.3333333333333333,0.08333333333333333
173.3,1700000173.3,1700000173300000000,1,40.0,17.76666666666667,19.441666666666666,0.0,0.3333333333333333,0.08333333333333333
173.4,1700000173.4,1700000173400000000,1,40.0,17.800000000000004,19.450000000000003,0.0,0.3333333333333333,0.08333333333333333
173.5,1700000173.5,1700000173500000000,1,40.0,17.833333333333336,19.458333333333336,0.0,0.3333333333333333,0.08333333333333333
173.60000000000002,1700000173.6,1700000173600000000,1,40.0,17.866666666666674,19.46666666666667,0.0,0.3333333333333333,0.08333333333333333
173.70000000000002,1700000173.7,1700000173700000000,1,40.0,17.900000000000006,19.475,0.0,0.3333333333333333,0.08333333333333333
173.8,1700000173.8,1700000173800000000,1,40.0,17.933333333333337,19.483333333333334,0.0,0.3333333333333333,0.08333333333333333
173.9,1700000173.9,1700000173900000000,1,40.0,17.96666666666667,19.491666666666667,0.0,0.3333333333333333,0.08333333333333333
174.0,1700000174.0,1700000174000000000,1,40.0,18.0,19.5,0.0,0.3333333333333333,0.08333333333333333
174.10000000000002,1700000174.1,1700000174100000000,1,40.0,18.033333333333342,19.508333333333336,0.0,0.3333333333333333,0.08333333333333333
174.20000000000002,1700000174.2,1700000174200000000,1,40.0,18.066666666666674,19.51666666666667,0.0,0.3333333333333333,0.08333333333333333
174.3,1700000174.3,1700000174300000000,1,40.0,18.1,19.525,0.0,0.3333333333333333,0.08333333333333333
174.4,1700000174.4,1700000174400000000,1,40.0,18.133333333333333,19.53333333333333,0.0,0.3333333333333333,0.08333333333333333
174.5,1700000174.5,1700000174500000000,1,40.0,18.166666666666668,19.541666666666668,0.0,0.3333333333333333,0.08333333333333333
174.60000000000002,1700000174.6,1700000174600000000,1,40.0,18.200000000000006,19.55,0.0,0.3333333333333333,0.08333333333333333
174.70000000000002,1700000174.7,1700000174700000000,1,40.0,18.233333333333338,19.558333333333334,0.0,0.3333333333333333,0.08333333333333333
174.8,1700000174.8,1700000174800000000,1,40.0,18.266666666666673,19.56666666666667,0.0,0.3333333333333333,0.08333333333333333
174.9,1700000174.9,1700000174900000000,1,40.0,18.300000000000004,19.575000000000003,0.0,0.3333333333333333,0.08333333333333333
175.0,1700000175.0,1700000175000000000,1,40.0,18.333333333333332,19.583333333333332,0.0,0.3333333333333333,0.08333333333333333
175.10000000000002,1700000175.1,1700000175100000000,1,40.0,18.366666666666674,19.59166666666667,0.0,0.3333333333333333,0.08333333333333333
175.20000000000002,1700000175.2,1700000175200000000,1,40.0,18.400000000000006,19.6,0.0,0.3333333333333333,0.08333333333333333
175.3,1700000175.3,1700000175300000000,1,40.0,18.433333333333337,19.608333333333334,0.0,0.3333333333333333,0.08333333333333333
175.4,1700000175.4,1700000175400000000,1,40.0,18.46666666666667,19.616666666666667,0.0,0.3333333333333333,0.08333333333333333
175.5,1700000175.5,1700000175500000000,1,40.0,18.5,19.625,0.0,0.3333333333333333,0.08333333333333333
175.60000000000002,1700000175.6,1700000175600000000,1,40.0,18.533333333333342,19.633333333333336,0.0,0.3333333333333333,0.08333333333333333
175.70000000000002,1700000175.7,1700000175700000000,1,40.0,18.56666666666667,19.641666666666666,0.0,0.3333333333333333,0.08333333333333333
175.8,1700000175.8,1700000175800000000,1,40.0,18.6,19.65,0.0,0.3333333333333333,0.08333333333333333
175.9,1700000175.9,1700000175900000000,1,40.0,18.633333333333336,19.658333333333335,0.0,0.3333333333333333,0.08333333333333333
176.0,1700000176.0,1700000176000000000,1,40.0,18.666666666666668,19.666666666666668,0.0,0.3333333333333333,0.08333333333333333
176.10000000000002,1700000176.1,1700000176100000000,1,40.0,18.700000000000006,19.675,0.0,0.3333333333333333,0.08333333333333333
176.20000000000002,1700000176.2,1700000176200000000,1,40.0,18.73333333333334,19.683333333333337,0.0,0.3333333333333333,0.08333333333333333
176.3,1700000176.3,1700000176300000000,1,40.0,18.766666666666673,19.69166666666667,0.0,0.3333333333333333,0.08333333333333333
176.4,1700000176.4,1700000176400000000,1,40.0,18.8,19.7,0.0,0.3333333333333333,0.08333333333333333
176.5,1700000176.5,1700000176500000000,1,40.0,18.833333333333332,19.708333333333332,0.0,0.3333333333333333,0.08333333333333333
176.60000000000002,1700000176.6,1700000176600000000,1,40.0,18.866666666666674,19.71666666666667,0.0,0.3333333333333333,0.08333333333333333
176.70000000000002,1700000176.7,1700000176700000000,1,40.0,18.900000000000006,19.725,0.0,0.3333333333333333,0.08333333333333333
176.8,1700000176.8,1700000176800000000,1,40.0,18.933333333333337,19.733333333333334,0.0,0.3333333333333333,0.08333333333333333
176.9,1700000176.9,1700000176900000000,1,40.0,18.96666666666667,19.741666666666667,0.0,0.3333333333333333,0.08333333333333333
177.0,1700000177.0,1700000177000000000,1,40.0,19.0,19.75,0.0,0.3333333333333333,0.08333333333333333
177.10000000000002,1700000177.1,1700000177100000000,1,40.0,19.03333333333334,19.758333333333333,0.0,0.3333333333333333,0.08333333333333333
177.20000000000002,1700000177.2,1700000177200000000,1,40.0,19.06666666666667,19.766666666666666,0.0,0.3333333333333333,0.08333333333333333
177.3,1700000177.3,1700000177300000000,1,40.0,19.100000000000005,19.775000000000002,0.0,0.3333333333333333,0.08333333333333333
177.4,1700000177.4,1700000177400000000,1,40.0,19.133333333333336,19.783333333333335,0.0,0.3333333333333333,0.08333333333333333
177.5,1700000177.5,1700000177500000000,1,40.0,19.166666666666668,19.791666666666668,0.0,0.3333333333333333,0.08333333333333333
177.60000000000002,1700000177.6,1700000177600000000,1,40.0,19.20000000000001,19.800000000000004,0.0,0.3333333333333333,0.08333333333333333
177.70000000000002,1700000177.7,1700000177700000000,1,40.0,19.23333333333334,19.808333333333337,0.0,0.3333333333333333,0.08333333333333333
177.8,1700000177.8,1700000177800000000,1,40.0,19.26666666666667,19.816666666666666,0.0,0.3333333333333333,0.08333333333333333
177.9,1700000177.9,1700000177900000000,1,40.0,19.3,19.825,0.0,0.3333333333333333,0.08333333333333333
178.0,1700000178.0,1700000178000000000,1,40.0,19.333333333333332,19.833333333333332,0.0,0.3333333333333333,0.08333333333333333
178.10000000000002,1700000178.1,1700000178100000000,1,40.0,19.366666666666674,19.84166666666667,0.0,0.3333333333333333,0.08333333333333333
178.20000000000002,1700000178.2,1700000178200000000,1,40.0,19.400000000000006,19.85,0.0,0.3333333333333333,0.08333333333333333
178.3,1700000178.3,1700000178300000000,1,40.0,19.433333333333337,19.858333333333334,0.0,0.3333333333333333,0.08333333333333333
178.4,1700000178.4,1700000178400000000,1,40.0,19.46666666666667,19.866666666666667,0.0,0.3333333333333333,0.08333333333333333
178.5,1700000178.5,1700000178500000000,1,40.0,19.5,19.875,0.0,0.3333333333333333,0.08333333333333333
178.60000000000002,1700000178.6,1700000178600000000,1,40.0,19.53333333333334,19.883333333333333,0.0,0.3333333333333333,0.08333333333333333
178.70000000000002,1700000178.7,1700000178700000000,1,40.0,19.566666666666674,19.89166666666667,0.0,0.3333333333333333,0.08333333333333333
178.8,1700000178.8,1700000178800000000,1,40.0,19.600000000000005,19.900000000000002,0.0,0.3333333333333333,0.08333333333333333
178.9,1700000178.9,1700000178900000000,1,40.0,19.633333333333336,19.908333333333335,0.0,0.3333333333333333,0.08333333333333333
179.0,1700000179.0,1700000179000000000,1,40.0,19.666666666666664,19.916666666666664,0.0,0.3333333333333333,0.08333333333333333
179.10000000000002,1700000179.1,1700000179100000000,1,40.0,19.70000000000001,19.925000000000004,0.0,0.3333333333333333,0.08333333333333333
179.20000000000002,1700000179.2,1700000179200000000,1,40.0,19.733333333333338,19.933333333333334,0.0,0.3333333333333333,0.08333333333333333
179.3,1700000179.3,1700000179300000000,1,40.0,19.76666666666667,19.941666666666666,0.0,0.3333333333333333,0.08333333333333333
179.4,1700000179.4,1700000179400000000,1,40.0,19.8,19.95,0.0,0.3333333333333333,0.08333333333333333
179.5,1700000179.5,1700000179500000000,1,40.0,19.833333333333336,19.958333333333336,0.0,0.3333333333333333,0.08333333333333333
179.60000000000002,1700000179.6,1700000179600000000,1,40.0,19.866666666666674,19.96666666666667,0.0,0.3333333333333333,0.08333333333333333
179.70000000000002,1700000179.7,1700000179700000000,1,40.0,19.900000000000006,19.975,0.0,0.3333333333333333,0.08333333333333333
179.8,1700000179.8,1700000179800000000,1,40.0,19.933333333333337,19.983333333333334,0.0,0.3333333333333333,0.08333333333333333
179.9,1700000179.9,1700000179900000000,1,40.0,19.96666666666667,19.991666666666667,0.0,0.3333333333333333,0.08333333333333333
180.0,1700000180.0,1700000180000000000,1,40.0,20.0,20.0,-0.3333333333333333,0.0,-0.13333333333333333
180.10000000000002,1700000180.1,1700000180100000000,1,39.96666666666666,20.0,19.986666666666665,-0.3333333333333333,0.0,-0.13333333333333333
180.20000000000002,1700000180.2,1700000180200000000,1,39.93333333333333,20.0,19.973333333333333,-0.3333333333333333,0.0,-0.13333333333333333
180.3,1700000180.3,1700000180300000000,1,39.9,20.0,19.959999999999997,-0.3333333333333333,0.0,-0.13333333333333333
180.4,1700000180.4,1700000180400000000,1,39.86666666666667,20.0,19.946666666666665,-0.3333333333333333,0.0,-0.13333333333333333
180.5,1700000180.5,1700000180500000000,1,39.833333333333336,20.0,19.933333333333334,-0.3333333333333333,0.0,-0.13333333333333333
180.60000000000002,1700000180.6,1700000180600000000,1,39.79999999999999,20.0,19.919999999999998,-0.3333333333333333,0.0,-0.13333333333333333
180.70000000000002,1700000180.7,1700000180700000000,1,39.76666666666666,20.0,19.906666666666663,-0.3333333333333333,0.0,-0.13333333333333333
180.8,1700000180.8,1700000180800000000,1,39.73333333333333,20.0,19.89333333333333,-0.3333333333333333,0.0,-0.13333333333333333
180.9,1700000180.9,1700000180900000000,1,39.699999999999996,20.0,19.88,-0.3333333333333333,0.0,-0.13333333333333333
181.0,1700000181.0,1700000181000000000,1,39.666666666666664,20.0,19.866666666666667,-0.3333333333333333,0.0,-0.13333333333333333
181.10000000000002,1700000181.1,1700000181100000000,1,39.633333333333326,20.0,19.85333333333333,-0.3333333333333333,0.0,-0.13333333333333333
181.20000000000002,1700000181.2,1700000181200000000,1,39.599999999999994,20.0,19.839999999999996,-0.3333333333333333,0.0,-0.13333333333333333
181.3,1700000181.3,1700000181300000000,1,39.56666666666666,20.0,19.826666666666664,-0.3333333333333333,0.0,-0.13333333333333333
181.4,1700000181.4,1700000181400000000,1,39.53333333333333,20.0,19.813333333333333,-0.3333333333333333,0.0,-0.13333333333333333
181.5,1700000181.5,1700000181500000000,1,39.5,20.0,19.8,-0.3333333333333333,0.0,-0.13333333333333333
181.60000000000002,1700000181.6,1700000181600000000,1,39.46666666666666,20.0,19.786666666666665,-0.3333333333333333,0.0,-0.13333333333333333
181.70000000000002,1700000181.7,1700000181700000000,1,39.43333333333333,20.0,19.77333333333333,-0.3333333333333333,0.0,-0.13333333333333333
181.8,1700000181.8,1700000181800000000,1,39.4,20.0,19.759999999999998,-0.3333333333333333,0.0,-0.13333333333333333
181.9,1700000181.9,1700000181900000000,1,39.36666666666667,20.0,19.746666666666666,-0.3333333333333333,0.0,-0.13333333333333333
182.0,1700000182.0,1700000182000000000,1,39.333333333333336,20.0,19.733333333333334,-0.3333333333333333,0.0,-0.13333333333333333
182.10000000000002,1700000182.1,1700000182100000000,1,39.29999999999999,20.0,19.719999999999995,-0.3333333333333333,0.0,-0.13333333333333333
182.20000000000002,1700000182.2,1700000182200000000,1,39.26666666666666,20.0,19.706666666666663,-0.3333333333333333,0.0,-0.13333333333333333
182.3,1700000182.3,1700000182300000000,1,39.23333333333333,20.0,19.69333333333333,-0.3333333333333333,0.0,-0.13333333333333333
182.4,1700000182.4,1700000182400000000,1,39.199999999999996,20.0,19.68,-0.3333333333333333,0.0,-0.13333333333333333
182.5,1700000182.5,1700000182500000000,1,39.166666666666664,20.0,19.666666666666668,-0.3333333333333333,0.0,-0.13333333333333333
182.60000000000002,1700000182.6,1700000182600000000,1,39.133333333333326,20.0,19.65333333333333,-0.3333333333333333,0.0,-0.13333333333333333
182.70000000000002,1700000182.7,1700000182700000000,1,39.099999999999994,20.0,19.639999999999997,-0.3333333333333333,0.0,-0.13333333333333333
182.8,1700000182.8,1700000182800000000,1,39.06666666666666,20.0,19.626666666666665,-0.3333333333333333,0.0,-0.13333333333333333
182.9,1700000182.9,1700000182900000000,1,39.03333333333333,20.0,19.613333333333333,-0.3333333333333333,0.0,-0.13333333333333333
183.0,1700000183.0,1700000183000000000,1,39.0,20.0,19.6,-0.3333333333333333,0.0,-0.13333333333333333
183.10000000000002,1700000183.1,1700000183100000000,1,38.96666666666666,20.0,19.586666666666662,-0.3333333333333333,0.0,-0.13333333333333333
183.20000000000002,1700000183.2,1700000183200000000,1,38.93333333333333,20.0,19.57333333333333,-0.3333333333333333,0.0,-0.13333333333333333
183.3,1700000183.3,1700000183300000000,1,38.9,20.0,19.56,-0.3333333333333333,0.0,-0.13333333333333333
183.4,1700000183.4,1700000183400000000,1,38.86666666666667,20.0,19.546666666666667,-0.3333333333333333,0.0,-0.13333333333333333
183.5,1700000183.5,1700000183500000000,1,38.833333333333336,20.0,19.533333333333335,-0.3333333333333333,0.0,-0.13333333333333333
183.60000000000002,1700000183.6,1700000183600000000,1,38.79999999999999,20.0,19.519999999999996,-0.3333333333333333,0.0,-0.13333333333333333
183.70000000000002,1700000183.7,1700000183700000000,1,38.76666666666666,20.0,19.506666666666664,-0.3333333333333333,0.0,-0.13333333333333333
183.8,1700000183.8,1700000183800000000,1,38.73333333333333,20.0,19.493333333333332,-0.3333333333333333,0.0,-0.13333333333333333
183.9,1700000183.9,1700000183900000000,1,38.699999999999996,20.0,19.48,-0.3333333333333333,0.0,-0.13333333333333333
184.0,1700000184.0,1700000184000000000,1,38.666666666666664,20.0,19.466666666666665,-0.3333333333333333,0.0,-0.13333333333333333
184.10000000000002,1700000184.1,1700000184100000000,1,38.633333333333326,20.0,19.45333333333333,-0.3333333333333333,0.0,-0.13333333333333333
184.20000000000002,1700000184.2,1700000184200000000,1,38.599999999999994,20.0,19.439999999999998,-0.3333333333333333,0.0,-0.13333333333333333
184.3,1700000184.3,1700000184300000000,1,38.56666666666666,20.0,19.426666666666666,-0.3333333333333333,0.0,-0.13333333333333333
184.4,1700000184.4,1700000184400000000,1,38.53333333333333,20.0,19.413333333333334,-0.3333333333333333,0.0,-0.13333333333333333
184.5,1700000184.5,1700000184500000000,1,38.5,20.0,19.4,-0.3333333333333333,0.0,-0.13333333333333333
184.60000000000002,1700000184.6,1700000184600000000,1,38.46666666666666,20.0,19.386666666666663,-0.3333333333333333,0.0,-0.13333333333333333
184.70000000000002,1700000184.7,1700000184700000000,1,38.43333333333333,20.0,19.37333333333333,-0.3333333333333333,0.0,-0.13333333333333333
184.8,1700000184.8,1700000184800000000,1,38.4,20.0,19.36,-0.3333333333333333,0.0,-0.13333333333333333
184.9,1700000184.9,1700000184900000000,1,38.36666666666667,20.0,19.346666666666668,-0.3333333333333333,0.0,-0.13333333333333333
185.0,1700000185.0,1700000185000000000,1,38.333333333333336,20.0,19.333333333333332,-0.3333333333333333,0.0,-0.13333333333333333
185.10000000000002,1700000185.1,1700000185100000000,1,38.29999999999999,20.0,19.319999999999997,-0.3333333333333333,0.0,-0.13333333333333333
185.20000000000002,1700000185.2,1700000185200000000,1,38.26666666666666,20.0,19.306666666666665,-0.3333333333333333,0.0,-0.13333333333333333
185.3,1700000185.3,1700000185300000000,1,38.23333333333333,20.0,19.293333333333333,-0.3333333333333333,0.0,-0.13333333333333333
185.4,1700000185.4,1700000185400000000,1,38.199999999999996,20.0,19.279999999999998,-0.3333333333333333,0.0,-0.13333333333333333
185.5,1700000185.5,1700000185500000000,1,38.166666666666664,20.0,19.266666666666666,-0.3333333333333333,0.0,-0.13333333333333333
185.60000000000002,1700000185.6,1700000185600000000,1,38.133333333333326,20.0,19.25333333333333,-0.3333333333333333,0.0,-0.13333333333333333
185.70000000000002,1700000185.7,1700000185700000000,1,38.099999999999994,20.0,19.24,-0.3333333333333333,0.0,-0.13333333333333333
185.8,1700000185.8,1700000185800000000,1,38.06666666666666,20.0,19.226666666666667,-0.3333333333333333,0.0,-0.13333333333333333
185.9,1700000185.9,1700000185900000000,1,38.03333333333333,20.0,19.21333333333333,-0.3333333333333333,0.0,-0.13333333333333333
186.0,1700000186.0,1700000186000000000,1,38.0,20.0,19.2,-0.3333333333333333,0.0,-0.13333333333333333
186.10000000000002,1700000186.1,1700000186100000000,1,37.96666666666666,20.0,19.186666666666664,-0.3333333333333333,0.0,-0.13333333333333333
186.20000000000002,1700000186.2,1700000186200000000,1,37.93333333333333,20.0,19.173333333333332,-0.3333333333333333,0.0,-0.13333333333333333
186.3,1700000186.3,1700000186300000000,1,37.9,20.0,19.16,-0.3333333333333333,0.0,-0.13333333333333333
186.4,1700000186.4,1700000186400000000,1,37.86666666666667,20.0,19.146666666666665,-0.3333333333333333,0.0,-0.13333333333333333
186.5,1700000186.5,1700000186500000000,1,37.833333333333336,20.0,19.133333333333333,-0.3333333333333333,0.0,-0.13333333333333333
186.60000000000002,1700000186.6,1700000186600000000,1,37.79999999999999,20.0,19.119999999999997,-0.3333333333333333,0.0,-0.13333333333333333
186.70000000000002,1700000186.7,1700000186700000000,1,37.76666666666666,20.0,19.106666666666666,-0.3333333333333333,0.0,-0.13333333333333333
186.8,1700000186.8,1700000186800000000,1,37.73333333333333,20.0,19.09333333333333,-0.3333333333333333,0.0,-0.13333333333333333
186.9,1700000186.9,1700000186900000000,1,37.699999999999996,20.0,19.08,-0.3333333333333333,0.0,-0.13333333333333333
187.0,1700000187.0,1700000187000000000,1,37.666666666666664,20.0,19.066666666666666,-0.3333333333333333,0.0,-0.13333333333333333
187.10000000000002,1700000187.1,1700000187100000000,1,37.633333333333326,20.0,19.05333333333333,-0.3333333333333333,0.0,-0.13333333333333333
187.20000000000002,1700000187.2,1700000187200000000,1,37.599999999999994,20.0,19.04,-0.3333333333333333,0.0,-0.13333333333333333
187.3,1700000187.3,1700000187300000000,1,37.56666666666666,20.0,19.026666666666664,-0.3333333333333333,0.0,-0.13333333333333333
187.4,1700000187.4,1700000187400000000,1,37.53333333333333,20.0,19.013333333333332,-0.3333333333333333,0.0,-0.13333333333333333
187.5,1700000187.5,1700000187500000000,1,37.5,20.0,19.0,-0.3333333333333333,0.0,-0.13333333333333333
187.60000000000002,1700000187.6,1700000187600000000,1,37.46666666666666,20.0,18.986666666666665,-0.3333333333333333,0.0,-0.13333333333333333
187.70000000000002,1700000187.7,1700000187700000000,1,37.43333333333333,20.0,18.973333333333333,-0.3333333333333333,0.0,-0.13333333333333333
187.8,1700000187.8,1700000187800000000,1,37.4,20.0,18.959999999999997,-0.3333333333333333,0.0,-0.13333333333333333
187.9,1700000187.9,1700000187900000000,1,37.36666666666667,20.0,18.946666666666665,-0.3333333333333333,0.0,-0.13333333333333333
188.0,1700000188.0,1700000188000000000,1,37.333333333333336,20.0,18.933333333333334,-0.3333333333333333,0.0,-0.13333333333333333
188.10000000000002,1700000188.1,1700000188100000000,1,37.29999999999999,20.0,18.919999999999998,-0.3333333333333333,0.0,-0.13333333333333333
188.20000000000002,1700000188.2,1700000188200000000,1,37.26666666666666,20.0,18.906666666666663,-0.3333333333333333,0.0,-0.13333333333333333
188.3,1700000188.3,1700000188300000000,1,37.23333333333333,20.0,18.89333333333333,-0.3333333333333333,0.0,-0.13333333333333333
188.4,1700000188.4,1700000188400000000,1,37.199999999999996,20.0,18.88,-0.3333333333333333,0.0,-0.13333333333333333
188.5,1700000188.5,1700000188500000000,1,37.166666666666664,20.0,18.866666666666667,-0.3333333333333333,0.0,-0.13333333333333333
188.60000000000002,1700000188.6,1700000188600000000,1,37.133333333333326,20.0,18.85333333333333,-0.3333333333333333,0.0,-0.13333333333333333
188.70000000000002,1700000188.7,1700000188700000000,1,37.099999999999994,20.0,18.839999999999996,-0.3333333333333333,0.0,-0.13333333333333333
188.8,1700000188.8,1700000188800000000,1,37.06666666666666,20.0,18.826666666666664,-0.3333333333333333,0.0,-0.13333333333333333
188.9,1700000188.9,1700000188900000000,1,37.03333333333333,20.0,18.813333333333333,-0.3333333333333333,0.0,-0.13333333333333333
189.0,1700000189.0,1700000189000000000,1,37.0,20.0,18.8,-0.3333333333333333,0.0,-0.13333333333333333
189.10000000000002,1700000189.1,1700000189100000000,1,36.96666666666666,20.0,18.786666666666665,-0.3333333333333333,0.0,-0.13333333333333333
189.20000000000002,1700000189.2,1700000189200000000,1,36.93333333333333,20.0,18.77333333333333,-0.3333333333333333,0.0,-0.13333333333333333
189.3,1700000189.3,1700000189300000000,1,36.9,20.0,18.759999999999998,-0.3333333333333333,0.0,-0.13333333333333333
189.4,1700000189.4,1700000189400000000,1,36.86666666666667,20.0,18.746666666666666,-0.3333333333333333,0.0,-0.13333333333333333
189.5,1700000189.5,1700000189500000000,1,36.833333333333336,20.0,18.733333333333334,-0.3333333333333333,0.0,-0.13333333333333333
189.60000000000002,1700000189.6,1700000189600000000,1,36.79999999999999,20.0,18.719999999999995,-0.3333333333333333,0.0,-0.13333333333333333
189.70000000000002,1700000189.7,1700000189700000000,1,36.76666666666666,20.0,18.706666666666663,-0.3333333333333333,0.0,-0.13333333333333333
189.8,1700000189.8,1700000189800000000,1,36.73333333333333,20.0,18.69333333333333,-0.3333333333333333,0.0,-0.13333333333333333
189.9,1700000189.9,1700000189900000000,1,36.699999999999996,20.0,18.68,-0.3333333333333333,0.0,-0.13333333333333333
190.0,1700000190.0,1700000190000000000,1,36.666666666666664,20.0,18.666666666666668,-0.3333333333333333,0.0,-0.13333333333333333
190.10000000000002,1700000190.1,1700000190100000000,1,36.633333333333326,20.0,18.65333333333333,-0.3333333333333333,0.0,-0.13333333333333333
190.20000000000002,1700000190.2,1700000190200000000,1,36.599999999999994,20.0,18.639999999999997,-0.3333333333333333,0.0,-0.13333333333333333
190.3,1700000190.3,1700000190300000000,1,36.56666666666666,20.0,18.626666666666665,-0.3333333333333333,0.0,-0.13333333333333333
190.4,1700000190.4,1700000190400000000,1,36.53333333333333,20.0,18.613333333333333,-0.3333333333333333,0.0,-0.13333333333333333
190.5,1700000190.5,1700000190500000000,1,36.5,20.0,18.6,-0.3333333333333333,0.0,-0.13333333333333333
190.60000000000002,1700000190.6,1700000190600000000,1,36.46666666666666,20.0,18.586666666666662,-0.3333333333333333,0.0,-0.13333333333333333
190.70000000000002,1700000190.7,1700000190700000000,1,36.43333333333333,20.0,18.57333333333333,-0.3333333333333333,0.0,-0.13333333333333333
190.8,1700000190.8,1700000190800000000,1,36.4,20.0,18.56,-0.3333333333333333,0.0,-0.13333333333333333
190.9,1700000190.9,1700000190900000000,1,36.36666666666667,20.0,18.546666666666667,-0.3333333333333333,0.0,-0.13333333333333333
191.0,1700000191.0,1700000191000000000,1,36.333333333333336,20.0,18.533333333333335,-0.3333333333333333,0.0,-0.13333333333333333
191.10000000000002,1700000191.1,1700000191100000000,1,36.29999999999999,20.0,18.519999999999996,-0.3333333333333333,0.0,-0.13333333333333333
191.20000000000002,1700000191.2,1700000191200000000,1,36.26666666666666,20.0,18.506666666666664,-0.3333333333333333,0.0,-0.13333333333333333
191.3,1700000191.3,1700000191300000000,1,36.23333333333333,20.0,18.493333333333332,-0.3333333333333333,0.0,-0.13333333333333333
191.4,1700000191.4,1700000191400000000,1,36.199999999999996,20.0,18.48,-0.3333333333333333,0.0,-0.13333333333333333
191.5,1700000191.5,1700000191500000000,1,36.166666666666664,20.0,18.466666666666665,-0.3333333333333333,0.0,-0.13333333333333333
191.60000000000002,1700000191.6,1700000191600000000,1,36.133333333333326,20.0,18.45333333333333,-0.3333333333333333,0.0,-0.13333333333333333
191.70000000000002,1700000191.7,1700000191700000000,1,36.099999999999994,20.0,18.439999999999998,-0.3333333333333333,0.0,-0.13333333333333333
191.8,1700000191.8,1700000191800000000,1,36.06666666666666,20.0,18.426666666666666,-0.3333333333333333,0.0,-0.13333333333333333
191.9,1700000191.9,1700000191900000000,1,36.03333333333333,20.0,18.413333333333334,-0.3333333333333333,0.0,-0.13333333333333333
192.0,1700000192.0,1700000192000000000,1,36.0,20.0,18.4,-0.3333333333333333,0.0,-0.13333333333333333
192.10000000000002,1700000192.1,1700000192100000000,1,35.96666666666666,20.0,18.386666666666663,-0.3333333333333333,0.0,-0.13333333333333333
192.20000000000002,1700000192.2,1700000192200000000,1,35.93333333333333,20.0,18.37333333333333,-0.3333333333333333,0.0,-0.13333333333333333
192.3,1700000192.3,1700000192300000000,1,35.9,20.0,18.36,-0.3333333333333333,0.0,-0.13333333333333333
192.4,1700000192.4,1700000192400000000,1,35.86666666666667,20.0,18.346666666666668,-0.3333333333333333,0.0,-0.13333333333333333
192.5,1700000192.5,1700000192500000000,1,35.833333333333336,20.0,18.333333333333332,-0.3333333333333333,0.0,-0.13333333333333333
192.60000000000002,1700000192.6,1700000192600000000,1,35.79999999999999,20.0,18.319999999999997,-0.3333333333333333,0.0,-0.13333333333333333
192.70000000000002,1700000192.7,1700000192700000000,1,35.76666666666666,20.0,18.306666666666665,-0.3333333333333333,0.0,-0.13333333333333333
192.8,1700000192.8,1700000192800000000,1,35.73333333333333,20.0,18.293333333333333,-0.3333333333333333,0.0,-0.13333333333333333
192.9,1700000192.9,1700000192900000000,1,35.699999999999996,20.0,18.279999999999998,-0.3333333333333333,0.0,-0.13333333333333333
193.0,1700000193.0,1700000193000000000,1,35.666666666666664,20.0,18.266666666666666,-0.3333333333333333,0.0,-0.13333333333333333
193.10000000000002,1700000193.1,1700000193100000000,1,35.633333333333326,20.0,18.25333333333333,-0.3333333333333333,0.0,-0.13333333333333333
193.20000000000002,1700000193.2,1700000193200000000,1,35.599999999999994,20.0,18.24,-0.3333333333333333,0.0,-0.13333333333333333
193.3,1700000193.3,1700000193300000000,1,35.56666666666666,20.0,18.226666666666667,-0.3333333333333333,0.0,-0.13333333333333333
193.4,1700000193.4,1700000193400000000,1,35.53333333333333,20.0,18.21333333333333,-0.3333333333333333,0.0,-0.13333333333333333
193.5,1700000193.5,1700000193500000000,1,35.5,20.0,18.2,-0.3333333333333333,0.0,-0.13333333333333333
193.60000000000002,1700000193.6,1700000193600000000,1,35.46666666666666,20.0,18.186666666666664,-0.3333333333333333,0.0,-0.13333333333333333
193.70000000000002,1700000193.7,1700000193700000000,1,35.43333333333333,20.0,18.173333333333332,-0.3333333333333333,0.0,-0.13333333333333333
193.8,1700000193.8,1700000193800000000,1,35.4,20.0,18.16,-0.3333333333333333,0.0,-0.13333333333333333
193.9,1700000193.9,1700000193900000000,1,35.36666666666667,20.0,18.146666666666665,-0.3333333333333333,0.0,-0.13333333333333333
194.0,1700000194.0,1700000194000000000,1,35.333333333333336,20.0,18.133333333333333,-0.3333333333333333,0.0,-0.13333333333333333
194.10000000000002,1700000194.1,1700000194100000000,1,35.29999999999999,20.0,18.119999999999997,-0.3333333333333333,0.0,-0.13333333333333333
194.20000000000002,1700000194.2,1700000194200000000,1,35.26666666666666,20.0,18.106666666666666,-0.3333333333333333,0.0,-0.13333333333333333
194.3,1700000194.3,1700000194300000000,1,35.23333333333333,20.0,18.09333333333333,-0.3333333333333333,0.0,-0.13333333333333333
194.4,1700000194.4,1700000194400000000,1,35.199999999999996,20.0,18.08,-0.3333333333333333,0.0,-0.13333333333333333
194.5,1700000194.5,1700000194500000000,1,35.166666666666664,20.0,18.066666666666666,-0.3333333333333333,0.0,-0.13333333333333333
194.60000000000002,1700000194.6,1700000194600000000,1,35.133333333333326,20.0,18.05333333333333,-0.3333333333333333,0.0,-0.13333333333333333
194.70000000000002,1700000194.7,1700000194700000000,1,35.099999999999994,20.0,18.04,-0.3333333333333333,0.0,-0.13333333333333333
194.8,1700000194.8,1700000194800000000,1,35.06666666666666,20.0,18.026666666666664,-0.3333333333333333,0.0,-0.13333333333333333
194.9,1700000194.9,1700000194900000000,1,35.03333333333333,20.0,18.013333333333332,-0.3333333333333333,0.0,-0.13333333333333333
195.0,1700000195.0,1700000195000000000,1,35.0,20.0,18.0,-0.3333333333333333,0.0,-0.13333333333333333
195.10000000000002,1700000195.1,1700000195100000000,1,34.96666666666666,20.0,17.986666666666665,-0.3333333333333333,0.0,-0.13333333333333333
195.20000000000002,1700000195.2,1700000195200000000,1,34.93333333333333,20.0,17.97333333333333,-0.3333333333333333,0.0,-0.13333333333333333
195.3,1700000195.3,1700000195300000000,1,34.9,20.0,17.959999999999997,-0.3333333333333333,0.0,-0.13333333333333333
195.4,1700000195.4,1700000195400000000,1,34.86666666666667,20.0,17.946666666666665,-0.3333333333333333,0.0,-0.13333333333333333
195.5,1700000195.5,1700000195500000000,1,34.833333333333336,20.0,17.933333333333334,-0.3333333333333333,0.0,-0.13333333333333333
195.60000000000002,1700000195.6,1700000195600000000,1,34.79999999999999,20.0,17.919999999999998,-0.3333333333333333,0.0,-0.13333333333333333
195.70000000000002,1700000195.7,1700000195700000000,1,34.76666666666666,20.0,17.906666666666666,-0.3333333333333333,0.0,-0.13333333333333333
195.8,1700000195.8,1700000195800000000,1,34.73333333333333,20.0,17.89333333333333,-0.3333333333333333,0.0,-0.13333333333333333
195.9,1700000195.9,1700000195900000000,1,34.699999999999996,20.0,17.88,-0.3333333333333333,0.0,-0.13333333333333333
196.0,1700000196.0,1700000196000000000,1,34.666666666666664,20.0,17.866666666666667,-0.3333333333333333,0.0,-0.13333333333333333
196.10000000000002,1700000196.1,1700000196100000000,1,34.633333333333326,20.0,17.85333333333333,-0.3333333333333333,0.0,-0.13333333333333333
196.20000000000002,1700000196.2,1700000196200000000,1,34.599999999999994,20.0,17.839999999999996,-0.3333333333333333,0.0,-0.13333333333333333
196.3,1700000196.3,1700000196300000000,1,34.56666666666666,20.0,17.826666666666664,-0.3333333333333333,0.0,-0.13333333333333333
196.4,1700000196.4,1700000196400000000,1,34.53333333333333,20.0,17.813333333333333,-0.3333333333333333,0.0,-0.13333333333333333
196.5,1700000196.5,1700000196500000000,1,34.5,20.0,17.8,-0.3333333333333333,0.0,-0.13333333333333333
196.60000000000002,1700000196.6,1700000196600000000,1,34.46666666666666,20.0,17.78666666666666,-0.3333333333333333,0.0,-0.13333333333333333
196.70000000000002,1700000196.7,1700000196700000000,1,34.43333333333333,20.0,17.77333333333333,-0.3333333333333333,0.0,-0.13333333333333333
196.8,1700000196.8,1700000196800000000,1,34.4,20.0,17.759999999999998,-0.3333333333333333,0.0,-0.13333333333333333
196.9,1700000196.9,1700000196900000000,1,34.36666666666667,20.0,17.746666666666666,-0.3333333333333333,0.0,-0.13333333333333333
197.0,1700000197.0,1700000197000000000,1,34.333333333333336,20.0,17.733333333333334,-0.3333333333333333,0.0,-0.13333333333333333
197.10000000000002,1700000197.1,1700000197100000000,1,34.29999999999999,20.0,17.72,-0.3333333333333333,0.0,-0.13333333333333333
197.20000000000002,1700000197.2,1700000197200000000,1,34.26666666666666,20.0,17.706666666666663,-0.3333333333333333,0.0,-0.13333333333333333
197.3,1700000197.3,1700000197300000000,1,34.23333333333333,20.0,17.69333333333333,-0.3333333333333333,0.0,-0.13333333333333333
197.4,1700000197.4,1700000197400000000,1,34.199999999999996,20.0,17.68,-0.3333333333333333,0.0,-0.13333333333333333
197.5,1700000197.5,1700000197500000000,1,34.166666666666664,20.0,17.666666666666668,-0.3333333333333333,0.0,-0.13333333333333333
197.60000000000002,1700000197.6,1700000197600000000,1,34.133333333333326,20.0,17.65333333333333,-0.3333333333333333,0.0,-0.13333333333333333
197.70000000000002,1700000197.7,1700000197700000000,1,34.099999999999994,20.0,17.639999999999997,-0.3333333333333333,0.0,-0.13333333333333333
197.8,1700000197.8,1700000197800000000,1,34.06666666666666,20.0,17.626666666666665,-0.3333333333333333,0.0,-0.13333333333333333
197.9,1700000197.9,1700000197900000000,1,34.03333333333333,20.0,17.613333333333333,-0.3333333333333333,0.0,-0.13333333333333333
198.0,1700000198.0,1700000198000000000,1,34.0,20.0,17.6,-0.3333333333333333,0.0,-0.13333333333333333
198.10000000000002,1700000198.1,1700000198100000000,1,33.96666666666666,20.0,17.586666666666662,-0.3333333333333333,0.0,-0.13333333333333333
198.20000000000002,1700000198.2,1700000198200000000,1,33.93333333333333,20.0,17.57333333333333,-0.3333333333333333,0.0,-0.13333333333333333
198.3,1700000198.3,1700000198300000000,1,33.9,20.0,17.56,-0.3333333333333333,0.0,-0.13333333333333333
198.4,1700000198.4,1700000198400000000,1,33.86666666666667,20.0,17.546666666666667,-0.3333333333333333,0.0,-0.13333333333333333
198.5,1700000198.5,1700000198500000000,1,33.833333333333336,20.0,17.53333333333333,-0.3333333333333333,0.0,-0.13333333333333333
198.60000000000002,1700000198.6,1700000198600000000,1,33.79999999999999,20.0,17.519999999999996,-0.3333333333333333,0.0,-0.13333333333333333
198.70000000000002,1700000198.7,1700000198700000000,1,33.76666666666666,20.0,17.506666666666664,-0.3333333333333333,0.0,-0.13333333333333333
198.8,1700000198.8,1700000198800000000,1,33.73333333333333,20.0,17.493333333333332,-0.3333333333333333,0.0,-0.13333333333333333
198.9,1700000198.9,1700000198900000000,1,33.699999999999996,20.0,17.48,-0.3333333333333333,0.0,-0.13333333333333333
199.0,1700000199.0,1700000199000000000,1,33.666666666666664,20.0,17.46666666666667,-0.3333333333333333,0.0,-0.13333333333333333
199.10000000000002,1700000199.1,1700000199100000000,1,33.633333333333326,20.0,17.45333333333333,-0.3333333333333333,0.0,-0.13333333333333333
199.20000000000002,1700000199.2,1700000199200000000,1,33.599999999999994,20.0,17.439999999999998,-0.3333333333333333,0.0,-0.13333333333333333
199.3,1700000199.3,1700000199300000000,1,33.56666666666666,20.0,17.426666666666666,-0.3333333333333333,0.0,-0.13333333333333333
199.4,1700000199.4,1700000199400000000,1,33.53333333333333,20.0,17.413333333333334,-0.3333333333333333,0.0,-0.13333333333333333
199.5,1700000199.5,1700000199500000000,1,33.5,20.0,17.4,-0.3333333333333333,0.0,-0.13333333333333333
199.60000000000002,1700000199.6,1700000199600000000,1,33.46666666666666,20.0,17.386666666666663,-0.3333333333333333,0.0,-0.13333333333333333
199.70000000000002,1700000199.7,1700000199700000000,1,33.43333333333333,20.0,17.37333333333333,-0.3333333333333333,0.0,-0.13333333333333333
199.8,1700000199.8,1700000199800000000,1,33.4,20.0,17.36,-0.3333333333333333,0.0,-0.13333333333333333
199.9,1700000199.9,1700000199900000000,1,33.36666666666667,20.0,17.346666666666664,-0.3333333333333333,0.0,-0.13333333333333333
200.0,1700000200.0,1700000200000000000,1,33.333333333333336,20.0,17.333333333333332,-0.3333333333333333,0.0,-0.13333333333333333
200.10000000000002,1700000200.1,1700000200100000000,1,33.29999999999999,20.0,17.319999999999997,-0.3333333333333333,0.0,-0.13333333333333333
200.20000000000002,1700000200.2,1700000200200000000,1,33.26666666666666,20.0,17.306666666666665,-0.3333333333333333,0.0,-0.13333333333333333
200.3,1700000200.3,1700000200300000000,1,33.23333333333333,20.0,17.293333333333333,-0.3333333333333333,0.0,-0.13333333333333333
200.4,1700000200.4,1700000200400000000,1,33.199999999999996,20.0,17.28,-0.3333333333333333,0.0,-0.13333333333333333
200.5,1700000200.5,1700000200500000000,1,33.166666666666664,20.0,17.266666666666666,-0.3333333333333333,0.0,-0.13333333333333333
200.60000000000002,1700000200.6,1700000200600000000,1,33.133333333333326,20.0,17.25333333333333,-0.3333333333333333,0.0,-0.13333333333333333
200.70000000000002,1700000200.7,1700000200700000000,1,33.099999999999994,20.0,17.24,-0.3333333333333333,0.0,-0.13333333333333333
200.8,1700000200.8,1700000200800000000,1,33.06666666666666,20.0,17.226666666666667,-0.3333333333333333,0.0,-0.13333333333333333
200.9,1700000200.9,1700000200900000000,1,33.03333333333333,20.0,17.21333333333333,-0.3333333333333333,0.0,-0.13333333333333333
201.0,1700000201.0,1700000201000000000,1,33.0,20.0,17.2,-0.3333333333333333,0.0,-0.13333333333333333
201.10000000000002,1700000201.1,1700000201100000000,1,32.96666666666666,20.0,17.186666666666664,-0.3333333333333333,0.0,-0.13333333333333333
201.20000000000002,1700000201.2,1700000201200000000,1,32.93333333333333,20.0,17.173333333333332,-0.3333333333333333,0.0,-0.13333333333333333
201.3,1700000201.3,1700000201300000000,1,32.9,20.0,17.159999999999997,-0.3333333333333333,0.0,-0.13333333333333333
201.4,1700000201.4,1700000201400000000,1,32.86666666666667,20.0,17.146666666666665,-0.3333333333333333,0.0,-0.13333333333333333
201.5,1700000201.5,1700000201500000000,1,32.833333333333336,20.0,17.133333333333333,-0.3333333333333333,0.0,-0.13333333333333333
201.60000000000002,1700000201.6,1700000201600000000,1,32.79999999999999,20.0,17.119999999999997,-0.3333333333333333,0.0,-0.13333333333333333
201.70000000000002,1700000201.7,1700000201700000000,1,32.76666666666666,20.0,17.106666666666666,-0.3333333333333333,0.0,-0.13333333333333333
201.8,1700000201.8,1700000201800000000,1,32.73333333333333,20.0,17.093333333333334,-0.3333333333333333,0.0,-0.13333333333333333
201.9,1700000201.9,1700000201900000000,1,32.699999999999996,20.0,17.08,-0.3333333333333333,0.0,-0.13333333333333333
202.0,1700000202.0,1700000202000000000,1,32.666666666666664,20.0,17.066666666666666,-0.3333333333333333,0.0,-0.13333333333333333
202.10000000000002,1700000202.1,1700000202100000000,1,32.633333333333326,20.0,17.05333333333333,-0.3333333333333333,0.0,-0.13333333333333333
202.20000000000002,1700000202.2,1700000202200000000,1,32.599999999999994,20.0,17.04,-0.3333333333333333,0.0,-0.13333333333333333
202.3,1700000202.3,1700000202300000000,1,32.56666666666666,20.0,17.026666666666664,-0.3333333333333333,0.0,-0.13333333333333333
202.4,1700000202.4,1700000202400000000,1,32.53333333333333,20.0,17.013333333333332,-0.3333333333333333,0.0,-0.13333333333333333
202.5,1700000202.5,1700000202500000000,1,32.5,20.0,17.0,-0.3333333333333333,0.0,-0.13333333333333333
202.60000000000002,1700000202.6,1700000202600000000,1,32.46666666666666,20.0,16.986666666666665,-0.3333333333333333,0.0,-0.13333333333333333
202.70000000000002,1700000202.7,1700000202700000000,1,32.43333333333333,20.0,16.97333333333333,-0.3333333333333333,0.0,-0.13333333333333333
202.8,1700000202.8,1700000202800000000,1,32.4,20.0,16.959999999999997,-0.3333333333333333,0.0,-0.13333333333333333
202.9,1700000202.9,1700000202900000000,1,32.36666666666667,20.0,16.946666666666665,-0.3333333333333333,0.0,-0.13333333333333333
203.0,1700000203.0,1700000203000000000,1,32.333333333333336,20.0,16.933333333333334,-0.3333333333333333,0.0,-0.13333333333333333
203.10000000000002,1700000203.1,1700000203100000000,1,32.29999999999999,20.0,16.919999999999998,-0.3333333333333333,0.0,-0.13333333333333333
203.20000000000002,1700000203.2,1700000203200000000,1,32.26666666666666,20.0,16.906666666666666,-0.3333333333333333,0.0,-0.13333333333333333
203.3,1700000203.3,1700000203300000000,1,32.23333333333333,20.0,16.89333333333333,-0.3333333333333333,0.0,-0.13333333333333333
203.4,1700000203.4,1700000203400000000,1,32.199999999999996,20.0,16.88,-0.3333333333333333,0.0,-0.13333333333333333
203.5,1700000203.5,1700000203500000000,1,32.166666666666664,20.0,16.866666666666667,-0.3333333333333333,0.0,-0.13333333333333333
203.60000000000002,1700000203.6,1700000203600000000,1,32.133333333333326,20.0,16.85333333333333,-0.3333333333333333,0.0,-0.13333333333333333
203.70000000000002,1700000203.7,1700000203700000000,1,32.099999999999994,20.0,16.839999999999996,-0.3333333333333333,0.0,-0.13333333333333333
203.8,1700000203.8,1700000203800000000,1,32.06666666666666,20.0,16.826666666666664,-0.3333333333333333,0.0,-0.13333333333333333
203.9,1700000203.9,1700000203900000000,1,32.03333333333333,20.0,16.813333333333333,-0.3333333333333333,0.0,-0.13333333333333333
204.0,1700000204.0,1700000204000000000,1,32.0,20.0,16.8,-0.3333333333333333,0.0,-0.13333333333333333
204.10000000000002,1700000204.1,1700000204100000000,1,31.966666666666658,20.0,16.78666666666666,-0.3333333333333333,0.0,-0.13333333333333333
204.20000000000002,1700000204.2,1700000204200000000,1,31.93333333333333,20.0,16.77333333333333,-0.3333333333333333,0.0,-0.13333333333333333
204.3,1700000204.3,1700000204300000000,1,31.9,20.0,16.759999999999998,-0.3333333333333333,0.0,-0.13333333333333333
204.4,1700000204.4,1700000204400000000,1,31.866666666666664,20.0,16.746666666666666,-0.3333333333333333,0.0,-0.13333333333333333
204.5,1700000204.5,1700000204500000000,1,31.833333333333336,20.0,16.733333333333334,-0.3333333333333333,0.0,-0.13333333333333333
204.60000000000002,1700000204.6,1700000204600000000,1,31.799999999999994,20.0,16.72,-0.3333333333333333,0.0,-0.13333333333333333
204.70000000000002,1700000204.7,1700000204700000000,1,31.76666666666666,20.0,16.706666666666663,-0.3333333333333333,0.0,-0.13333333333333333
204.8,1700000204.8,1700000204800000000,1,31.73333333333333,20.0,16.69333333333333,-0.3333333333333333,0.0,-0.13333333333333333
204.9,1700000204.9,1700000204900000000,1,31.699999999999996,20.0,16.68,-0.3333333333333333,0.0,-0.13333333333333333
205.0,1700000205.0,1700000205000000000,1,31.666666666666664,20.0,16.666666666666668,-0.3333333333333333,0.0,-0.13333333333333333
205.10000000000002,1700000205.1,1700000205100000000,1,31.633333333333326,20.0,16.65333333333333,-0.3333333333333333,0.0,-0.13333333333333333
205.20000000000002,1700000205.2,1700000205200000000,1,31.599999999999994,20.0,16.639999999999997,-0.3333333333333333,0.0,-0.13333333333333333
205.3,1700000205.3,1700000205300000000,1,31.566666666666663,20.0,16.626666666666665,-0.3333333333333333,0.0,-0.13333333333333333
205.4,1700000205.4,1700000205400000000,1,31.53333333333333,20.0,16.613333333333333,-0.3333333333333333,0.0,-0.13333333333333333
205.5,1700000205.5,1700000205500000000,1,31.5,20.0,16.6,-0.3333333333333333,0.0,-0.13333333333333333
205.60000000000002,1700000205.6,1700000205600000000,1,31.46666666666666,20.0,16.586666666666662,-0.3333333333333333,0.0,-0.13333333333333333
205.70000000000002,1700000205.7,1700000205700000000,1,31.43333333333333,20.0,16.57333333333333,-0.3333333333333333,0.0,-0.13333333333333333
205.8,1700000205.8,1700000205800000000,1,31.399999999999995,20.0,16.56,-0.3333333333333333,0.0,-0.13333333333333333
205.9,1700000205.9,1700000205900000000,1,31.366666666666667,20.0,16.546666666666667,-0.3333333333333333,0.0,-0.13333333333333333
206.0,1700000206.0,1700000206000000000,1,31.333333333333332,20.0,16.53333333333333,-0.3333333333333333,0.0,-0.13333333333333333
206.10000000000002,1700000206.1,1700000206100000000,1,31.29999999999999,20.0,16.519999999999996,-0.3333333333333333,0.0,-0.13333333333333333
206.20000000000002,1700000206.2,1700000206200000000,1,31.266666666666662,20.0,16.506666666666664,-0.3333333333333333,0.0,-0.13333333333333333
206.3,1700000206.3,1700000206300000000,1,31.233333333333327,20.0,16.493333333333332,-0.3333333333333333,0.0,-0.13333333333333333
206.4,1700000206.4,1700000206400000000,1,31.199999999999996,20.0,16.48,-0.3333333333333333,0.0,-0.13333333333333333
206.5,1700000206.5,1700000206500000000,1,31.166666666666668,20.0,16.46666666666667,-0.3333333333333333,0.0,-0.13333333333333333
206.60000000000002,1700000206.6,1700000206600000000,1,31.133333333333326,20.0,16.45333333333333,-0.3333333333333333,0.0,-0.13333333333333333
206.70000000000002,1700000206.7,1700000206700000000,1,31.099999999999994,20.0,16.439999999999998,-0.3333333333333333,0.0,-0.13333333333333333
206.8,1700000206.8,1700000206800000000,1,31.066666666666663,20.0,16.426666666666666,-0.3333333333333333,0.0,-0.13333333333333333
206.9,1700000206.9,1700000206900000000,1,31.03333333333333,20.0,16.413333333333334,-0.3333333333333333,0.0,-0.13333333333333333
207.0,1700000207.0,1700000207000000000,1,31.0,20.0,16.4,-0.3333333333333333,0.0,-0.13333333333333333
207.10000000000002,1700000207.1,1700000207100000000,1,30.96666666666666,20.0,16.386666666666663,-0.3333333333333333,0.0,-0.13333333333333333
207.20000000000002,1700000207.2,1700000207200000000,1,30.933333333333326,20.0,16.37333333333333,-0.3333333333333333,0.0,-0.13333333333333333
207.3,1700000207.3,1700000207300000000,1,30.9,20.0,16.36,-0.3333333333333333,0.0,-0.13333333333333333
207.4,1700000207.4,1700000207400000000,1,30.866666666666664,20.0,16.346666666666664,-0.3333333333333333,0.0,-0.13333333333333333
207.5,1700000207.5,1700000207500000000,1,30.833333333333336,20.0,16.333333333333332,-0.3333333333333333,0.0,-0.13333333333333333
207.60000000000002,1700000207.6,1700000207600000000,1,30.799999999999994,20.0,16.319999999999997,-0.3333333333333333,0.0,-0.13333333333333333
207.70000000000002,1700000207.7,1700000207700000000,1,30.76666666666666,20.0,16.306666666666665,-0.3333333333333333,0.0,-0.13333333333333333
207.8,1700000207.8,1700000207800000000,1,30.733333333333327,20.0,16.293333333333333,-0.3333333333333333,0.0,-0.13333333333333333
207.9,1700000207.9,1700000207900000000,1,30.7,20.0,16.28,-0.3333333333333333,0.0,-0.13333333333333333
208.0,1700000208.0,1700000208000000000,1,30.666666666666664,20.0,16.266666666666666,-0.3333333333333333,0.0,-0.13333333333333333
208.10000000000002,1700000208.1,1700000208100000000,1,30.633333333333326,20.0,16.25333333333333,-0.3333333333333333,0.0,-0.13333333333333333
208.20000000000002,1700000208.2,1700000208200000000,1,30.599999999999994,20.0,16.24,-0.3333333333333333,0.0,-0.13333333333333333
208.3,1700000208.3,1700000208300000000,1,30.566666666666663,20.0,16.226666666666667,-0.3333333333333333,0.0,-0.13333333333333333
208.4,1700000208.4,1700000208400000000,1,30.53333333333333,20.0,16.21333333333333,-0.3333333333333333,0.0,-0.13333333333333333
208.5,1700000208.5,1700000208500000000,1,30.5,20.0,16.2,-0.3333333333333333,0.0,-0.13333333333333333
208.60000000000002,1700000208.6,1700000208600000000,1,30.466666666666658,20.0,16.186666666666664,-0.3333333333333333,0.0,-0.13333333333333333
208.70000000000002,1700000208.7,1700000208700000000,1,30.43333333333333,20.0,16.173333333333332,-0.3333333333333333,0.0,-0.13333333333333333
208.8,1700000208.8,1700000208800000000,1,30.399999999999995,20.0,16.159999999999997,-0.3333333333333333,0.0,-0.13333333333333333
208.9,1700000208.9,1700000208900000000,1,30.366666666666667,20.0,16.146666666666665,-0.3333333333333333,0.0,-0.13333333333333333
209.0,1700000209.0,1700000209000000000,1,30.333333333333336,20.0,16.133333333333333,-0.3333333333333333,0.0,-0.13333333333333333
209.10000000000002,1700000209.1,1700000209100000000,1,30.29999999999999,20.0,16.119999999999997,-0.3333333333333333,0.0,-0.13333333333333333
209.20000000000002,1700000209.2,1700000209200000000,1,30.26666666666666,20.0,16.106666666666666,-0.3333333333333333,0.0,-0.13333333333333333
209.3,1700000209.3,1700000209300000000,1,30.23333333333333,20.0,16.093333333333334,-0.3333333333333333,0.0,-0.13333333333333333
209.4,1700000209.4,1700000209400000000,1,30.199999999999996,20.0,16.08,-0.3333333333333333,0.0,-0.13333333333333333
209.5,1700000209.5,1700000209500000000,1,30.166666666666668,20.0,16.066666666666666,-0.3333333333333333,0.0,-0.13333333333333333
209.60000000000002,1700000209.6,1700000209600000000,1,30.133333333333326,20.0,16.05333333333333,-0.3333333333333333,0.0,-0.13333333333333333
209.70000000000002,1700000209.7,1700000209700000000,1,30.099999999999994,20.0,16.04,-0.3333333333333333,0.0,-0.13333333333333333
209.8,1700000209.8,1700000209800000000,1,30.066666666666663,20.0,16.026666666666664,-0.3333333333333333,0.0,-0.13333333333333333
209.9,1700000209.9,1700000209900000000,1,30.03333333333333,20.0,16.013333333333332,-0.3333333333333333,0.0,-0.13333333333333333
210.0,1700000210.0,1700000210000000000,1,30.0,20.0,16.0,-0.3333333333333333,0.0,-0.13333333333333333
210.10000000000002,1700000210.1,1700000210100000000,1,29.96666666666666,20.0,15.986666666666665,-0.3333333333333333,0.0,-0.13333333333333333
210.20000000000002,1700000210.2,1700000210200000000,1,29.933333333333326,20.0,15.973333333333331,-0.3333333333333333,0.0,-0.13333333333333333
210.3,1700000210.3,1700000210300000000,1,29.899999999999995,20.0,15.959999999999997,-0.3333333333333333,0.0,-0.13333333333333333
210.4,1700000210.4,1700000210400000000,1,29.866666666666667,20.0,15.946666666666665,-0.3333333333333333,0.0,-0.13333333333333333
210.5,1700000210.5,1700000210500000000,1,29.833333333333336,20.0,15.933333333333334,-0.3333333333333333,0.0,-0.13333333333333333
210.60000000000002,1700000210.6,1700000210600000000,1,29.799999999999994,20.0,15.919999999999998,-0.3333333333333333,0.0,-0.13333333333333333
210.70000000000002,1700000210.7,1700000210700000000,1,29.766666666666662,20.0,15.906666666666665,-0.3333333333333333,0.0,-0.13333333333333333
210.8,1700000210.8,1700000210800000000,1,29.733333333333327,20.0,15.89333333333333,-0.3333333333333333,0.0,-0.13333333333333333
210.9,1700000210.9,1700000210900000000,1,29.699999999999996,20.0,15.879999999999999,-0.3333333333333333,0.0,-0.13333333333333333
211.0,1700000211.0,1700000211000000000,1,29.666666666666664,20.0,15.866666666666667,-0.3333333333333333,0.0,-0.13333333333333333
211.10000000000002,1700000211.1,1700000211100000000,1,29.633333333333326,20.0,15.85333333333333,-0.3333333333333333,0.0,-0.13333333333333333
211.20000000000002,1700000211.2,1700000211200000000,1,29.599999999999994,20.0,15.839999999999998,-0.3333333333333333,0.0,-0.13333333333333333
211.3,1700000211.3,1700000211300000000,1,29.566666666666663,20.0,15.826666666666664,-0.3333333333333333,0.0,-0.13333333333333333
211.4,1700000211.4,1700000211400000000,1,29.53333333333333,20.0,15.813333333333333,-0.3333333333333333,0.0,-0.13333333333333333
211.5,1700000211.5,1700000211500000000,1,29.5,20.0,15.8,-0.3333333333333333,0.0,-0.13333333333333333
211.60000000000002,1700000211.6,1700000211600000000,1,29.466666666666658,20.0,15.786666666666664,-0.3333333333333333,0.0,-0.13333333333333333
211.70000000000002,1700000211.7,1700000211700000000,1,29.433333333333326,20.0,15.77333333333333,-0.3333333333333333,0.0,-0.13333333333333333
211.8,1700000211.8,1700000211800000000,1,29.4,20.0,15.759999999999998,-0.3333333333333333,0.0,-0.13333333333333333
211.9,1700000211.9,1700000211900000000,1,29.366666666666667,20.0,15.746666666666666,-0.3333333333333333,0.0,-0.13333333333333333
212.0,1700000212.0,1700000212000000000,1,29.333333333333336,20.0,15.733333333333334,-0.3333333333333333,0.0,-0.13333333333333333
212.10000000000002,1700000212.1,1700000212100000000,1,29.299999999999994,20.0,15.719999999999997,-0.3333333333333333,0.0,-0.13333333333333333
212.20000000000002,1700000212.2,1700000212200000000,1,29.26666666666666,20.0,15.706666666666663,-0.3333333333333333,0.0,-0.13333333333333333
212.3,1700000212.3,1700000212300000000,1,29.233333333333327,20.0,15.693333333333332,-0.3333333333333333,0.0,-0.13333333333333333
212.4,1700000212.4,1700000212400000000,1,29.199999999999996,20.0,15.68,-0.3333333333333333,0.0,-0.13333333333333333
212.5,1700000212.5,1700000212500000000,1,29.166666666666668,20.0,15.666666666666668,-0.3333333333333333,0.0,-0.13333333333333333
212.60000000000002,1700000212.6,1700000212600000000,1,29.133333333333326,20.0,15.65333333333333,-0.3333333333333333,0.0,-0.13333333333333333
212.70000000000002,1700000212.7,1700000212700000000,1,29.099999999999994,20.0,15.639999999999997,-0.3333333333333333,0.0,-0.13333333333333333
212.8,1700000212.8,1700000212800000000,1,29.066666666666663,20.0,15.626666666666665,-0.3333333333333333,0.0,-0.13333333333333333
212.9,1700000212.9,1700000212900000000,1,29.03333333333333,20.0,15.613333333333333,-0.3333333333333333,0.0,-0.13333333333333333
213.0,1700000213.0,1700000213000000000,1,29.0,20.0,15.6,-0.3333333333333333,0.0,-0.13333333333333333
213.10000000000002,1700000213.1,1700000213100000000,1,28.966666666666658,20.0,15.586666666666662,-0.3333333333333333,0.0,-0.13333333333333333
213.20000000000002,1700000213.2,1700000213200000000,1,28.93333333333333,20.0,15.57333333333333,-0.3333333333333333,0.0,-0.13333333333333333
213.3,1700000213.3,1700000213300000000,1,28.9,20.0,15.559999999999999,-0.3333333333333333,0.0,-0.13333333333333333
213.4,1700000213.4,1700000213400000000,1,28.866666666666667,20.0,15.546666666666667,-0.3333333333333333,0.0,-0.13333333333333333
213.5,1700000213.5,1700000213500000000,1,28.833333333333332,20.0,15.533333333333333,-0.3333333333333333,0.0,-0.13333333333333333
213.60000000000002,1700000213.6,1700000213600000000,1,28.79999999999999,20.0,15.519999999999996,-0.3333333333333333,0.0,-0.13333333333333333
213.70000000000002,1700000213.7,1700000213700000000,1,28.76666666666666,20.0,15.506666666666664,-0.3333333333333333,0.0,-0.13333333333333333
213.8,1700000213.8,1700000213800000000,1,28.733333333333327,20.0,15.493333333333332,-0.3333333333333333,0.0,-0.13333333333333333
213.9,1700000213.9,1700000213900000000,1,28.7,20.0,15.48,-0.3333333333333333,0.0,-0.13333333333333333
214.0,1700000214.0,1700000214000000000,1,28.666666666666668,20.0,15.466666666666667,-0.3333333333333333,0.0,-0.13333333333333333
214.10000000000002,1700000214.1,1700000214100000000,1,28.633333333333326,20.0,15.45333333333333,-0.3333333333333333,0.0,-0.13333333333333333
214.20000000000002,1700000214.2,1700000214200000000,1,28.599999999999994,20.0,15.439999999999998,-0.3333333333333333,0.0,-0.13333333333333333
214.3,1700000214.3,1700000214300000000,1,28.566666666666663,20.0,15.426666666666666,-0.3333333333333333,0.0,-0.13333333333333333
214.4,1700000214.4,1700000214400000000,1,28.53333333333333,20.0,15.413333333333332,-0.3333333333333333,0.0,-0.13333333333333333
214.5,1700000214.5,1700000214500000000,1,28.5,20.0,15.4,-0.3333333333333333,0.0,-0.13333333333333333
214.60000000000002,1700000214.6,1700000214600000000,1,28.46666666666666,20.0,15.386666666666663,-0.3333333333333333,0.0,-0.13333333333333333
214.70000000000002,1700000214.7,1700000214700000000,1,28.43333333333333,20.0,15.373333333333331,-0.3333333333333333,0.0,-0.13333333333333333
214.8,1700000214.8,1700000214800000000,1,28.4,20.0,15.36,-0.3333333333333333,0.0,-0.13333333333333333
214.9,1700000214.9,1700000214900000000,1,28.366666666666664,20.0,15.346666666666666,-0.3333333333333333,0.0,-0.13333333333333333
215.0,1700000215.0,1700000215000000000,1,28.333333333333332,20.0,15.333333333333332,-0.3333333333333333,0.0,-0.13333333333333333
215.10000000000002,1700000215.1,1700000215100000000,1,28.29999999999999,20.0,15.319999999999997,-0.3333333333333333,0.0,-0.13333333333333333
215.20000000000002,1700000215.2,1700000215200000000,1,28.26666666666666,20.0,15.306666666666665,-0.3333333333333333,0.0,-0.13333333333333333
215.3,1700000215.3,1700000215300000000,1,28.23333333333333,20.0,15.293333333333333,-0.3333333333333333,0.0,-0.13333333333333333
215.4,1700000215.4,1700000215400000000,1,28.2,20.0,15.28,-0.3333333333333333,0.0,-0.13333333333333333
215.5,1700000215.5,1700000215500000000,1,28.166666666666664,20.0,15.266666666666666,-0.3333333333333333,0.0,-0.13333333333333333
215.60000000000002,1700000215.6,1700000215600000000,1,28.133333333333326,20.0,15.25333333333333,-0.3333333333333333,0.0,-0.13333333333333333
215.70000000000002,1700000215.7,1700000215700000000,1,28.099999999999994,20.0,15.239999999999998,-0.3333333333333333,0.0,-0.13333333333333333
215.8,1700000215.8,1700000215800000000,1,28.066666666666663,20.0,15.226666666666665,-0.3333333333333333,0.0,-0.13333333333333333
215.9,1700000215.9,1700000215900000000,1,28.03333333333333,20.0,15.213333333333333,-0.3333333333333333,0.0,-0.13333333333333333
216.0,1700000216.0,1700000216000000000,1,28.0,20.0,15.2,-0.3333333333333333,0.0,-0.13333333333333333
216.10000000000002,1700000216.1,1700000216100000000,1,27.96666666666666,20.0,15.186666666666664,-0.3333333333333333,0.0,-0.13333333333333333
216.20000000000002,1700000216.2,1700000216200000000,1,27.93333333333333,20.0,15.173333333333332,-0.3333333333333333,0.0,-0.13333333333333333
216.3,1700000216.3,1700000216300000000,1,27.899999999999995,20.0,15.159999999999998,-0.3333333333333333,0.0,-0.13333333333333333
216.4,1700000216.4,1700000216400000000,1,27.866666666666664,20.0,15.146666666666665,-0.3333333333333333,0.0,-0.13333333333333333
216.5,1700000216.5,1700000216500000000,1,27.833333333333336,20.0,15.133333333333333,-0.3333333333333333,0.0,-0.13333333333333333
216.60000000000002,1700000216.6,1700000216600000000,1,27.79999999999999,20.0,15.119999999999997,-0.3333333333333333,0.0,-0.13333333333333333
216.70000000000002,1700000216.7,1700000216700000000,1,27.766666666666662,20.0,15.106666666666666,-0.3333333333333333,0.0,-0.13333333333333333
216.8,1700000216.8,1700000216800000000,1,27.73333333333333,20.0,15.093333333333332,-0.3333333333333333,0.0,-0.13333333333333333
216.9,1700000216.9,1700000216900000000,1,27.699999999999996,20.0,15.079999999999998,-0.3333333333333333,0.0,-0.13333333333333333
217.0,1700000217.0,1700000217000000000,1,27.666666666666664,20.0,15.066666666666666,-0.3333333333333333,0.0,-0.13333333333333333
217.10000000000002,1700000217.1,1700000217100000000,1,27.633333333333326,20.0,15.053333333333331,-0.3333333333333333,0.0,-0.13333333333333333
217.20000000000002,1700000217.2,1700000217200000000,1,27.599999999999994,20.0,15.039999999999997,-0.3333333333333333,0.0,-0.13333333333333333
217.3,1700000217.3,1700000217300000000,1,27.566666666666663,20.0,15.026666666666666,-0.3333333333333333,0.0,-0.13333333333333333
217.4,1700000217.4,1700000217400000000,1,27.53333333333333,20.0,15.013333333333332,-0.3333333333333333,0.0,-0.13333333333333333
217.5,1700000217.5,1700000217500000000,1,27.5,20.0,15.0,-0.3333333333333333,0.0,-0.13333333333333333
217.60000000000002,1700000217.6,1700000217600000000,1,27.46666666666666,20.0,14.986666666666665,-0.3333333333333333,0.0,-0.13333333333333333
217.70000000000002,1700000217.7,1700000217700000000,1,27.433333333333326,20.0,14.973333333333331,-0.3333333333333333,0.0,-0.13333333333333333
217.8,1700000217.8,1700000217800000000,1,27.399999999999995,20.0,14.959999999999997,-0.3333333333333333,0.0,-0.13333333333333333
217.9,1700000217.9,1700000217900000000,1,27.366666666666667,20.0,14.946666666666665,-0.3333333333333333,0.0,-0.13333333333333333
218.0,1700000218.0,1700000218000000000,1,27.333333333333336,20.0,14.933333333333334,-0.3333333333333333,0.0,-0.13333333333333333
218.10000000000002,1700000218.1,1700000218100000000,1,27.299999999999994,20.0,14.919999999999998,-0.3333333333333333,0.0,-0.13333333333333333
218.20000000000002,1700000218.2,1700000218200000000,1,27.266666666666662,20.0,14.906666666666665,-0.3333333333333333,0.0,-0.13333333333333333
218.3,1700000218.3,1700000218300000000,1,27.233333333333327,20.0,14.89333333333333,-0.3333333333333333,0.0,-0.13333333333333333
218.4,1700000218.4,1700000218400000000,1,27.199999999999996,20.0,14.879999999999999,-0.3333333333333333,0.0,-0.13333333333333333
218.5,1700000218.5,1700000218500000000,1,27.166666666666664,20.0,14.866666666666667,-0.3333333333333333,0.0,-0.13333333333333333
218.60000000000002,1700000218.6,1700000218600000000,1,27.133333333333326,20.0,14.85333333333333,-0.3333333333333333,0.0,-0.13333333333333333
218.70000000000002,1700000218.7,1700000218700000000,1,27.099999999999994,20.0,14.839999999999998,-0.3333333333333333,0.0,-0.13333333333333333
218.8,1700000218.8,1700000218800000000,1,27.066666666666663,20.0,14.826666666666664,-0.3333333333333333,0.0,-0.13333333333333333
218.9,1700000218.9,1700000218900000000,1,27.03333333333333,20.0,14.813333333333333,-0.3333333333333333,0.0,-0.13333333333333333
219.0,1700000219.0,1700000219000000000,1,27.0,20.0,14.8,-0.3333333333333333,0.0,-0.13333333333333333
219.10000000000002,1700000219.1,1700000219100000000,1,26.966666666666658,20.0,14.786666666666664,-0.3333333333333333,0.0,-0.13333333333333333
219.20000000000002,1700000219.2,1700000219200000000,1,26.933333333333326,20.0,14.77333333333333,-0.3333333333333333,0.0,-0.13333333333333333
219.3,1700000219.3,1700000219300000000,1,26.9,20.0,14.759999999999998,-0.3333333333333333,0.0,-0.13333333333333333
219.4,1700000219.4,1700000219400000000,1,26.866666666666667,20.0,14.746666666666666,-0.3333333333333333,0.0,-0.13333333333333333
219.5,1700000219.5,1700000219500000000,1,26.833333333333336,20.0,14.733333333333334,-0.3333333333333333,0.0,-0.13333333333333333
219.60000000000002,1700000219.6,1700000219600000000,1,26.799999999999994,20.0,14.719999999999997,-0.3333333333333333,0.0,-0.13333333333333333
219.70000000000002,1700000219.7,1700000219700000000,1,26.76666666666666,20.0,14.706666666666663,-0.3333333333333333,0.0,-0.13333333333333333
219.8,1700000219.8,1700000219800000000,1,26.733333333333327,20.0,14.693333333333332,-0.3333333333333333,0.0,-0.13333333333333333
219.9,1700000219.9,1700000219900000000,1,26.699999999999996,20.0,14.68,-0.3333333333333333,0.0,-0.13333333333333333
220.0,1700000220.0,1700000220000000000,1,26.666666666666668,20.0,14.666666666666668,-0.3333333333333333,0.0,-0.13333333333333333
220.10000000000002,1700000220.1,1700000220100000000,1,26.633333333333326,20.0,14.65333333333333,-0.3333333333333333,0.0,-0.13333333333333333
220.20000000000002,1700000220.2,1700000220200000000,1,26.599999999999994,20.0,14.639999999999997,-0.3333333333333333,0.0,-0.13333333333333333
220.3,1700000220.3,1700000220300000000,1,26.566666666666663,20.0,14.626666666666665,-0.3333333333333333,0.0,-0.13333333333333333
220.4,1700000220.4,1700000220400000000,1,26.53333333333333,20.0,14.613333333333333,-0.3333333333333333,0.0,-0.13333333333333333
220.5,1700000220.5,1700000220500000000,1,26.5,20.0,14.6,-0.3333333333333333,0.0,-0.13333333333333333
220.60000000000002,1700000220.6,1700000220600000000,1,26.466666666666658,20.0,14.586666666666662,-0.3333333333333333,0.0,-0.13333333333333333
220.70000000000002,1700000220.7,1700000220700000000,1,26.43333333333333,20.0,14.57333333333333,-0.3333333333333333,0.0,-0.13333333333333333
220.8,1700000220.8,1700000220800000000,1,26.4,20.0,14.559999999999999,-0.3333333333333333,0.0,-0.13333333333333333
220.9,1700000220.9,1700000220900000000,1,26.366666666666667,20.0,14.546666666666667,-0.3333333333333333,0.0,-0.13333333333333333
221.0,1700000221.0,1700000221000000000,1,26.333333333333332,20.0,14.533333333333333,-0.3333333333333333,0.0,-0.13333333333333333
221.10000000000002,1700000221.1,1700000221100000000,1,26.29999999999999,20.0,14.519999999999996,-0.3333333333333333,0.0,-0.13333333333333333
221.20000000000002,1700000221.2,1700000221200000000,1,26.26666666666666,20.0,14.506666666666664,-0.3333333333333333,0.0,-0.13333333333333333
221.3,1700000221.3,1700000221300000000,1,26.233333333333327,20.0,14.493333333333332,-0.3333333333333333,0.0,-0.13333333333333333
221.4,1700000221.4,1700000221400000000,1,26.2,20.0,14.48,-0.3333333333333333,0.0,-0.13333333333333333
221.5,1700000221.5,1700000221500000000,1,26.166666666666668,20.0,14.466666666666667,-0.3333333333333333,0.0,-0.13333333333333333
221.60000000000002,1700000221.6,1700000221600000000,1,26.133333333333326,20.0,14.45333333333333,-0.3333333333333333,0.0,-0.13333333333333333
221.70000000000002,1700000221.7,1700000221700000000,1,26.099999999999994,20.0,14.439999999999998,-0.3333333333333333,0.0,-0.13333333333333333
221.8,1700000221.8,1700000221800000000,1,26.066666666666663,20.0,14.426666666666666,-0.3333333333333333,0.0,-0.13333333333333333
221.9,1700000221.9,1700000221900000000,1,26.03333333333333,20.0,14.413333333333332,-0.3333333333333333,0.0,-0.13333333333333333
222.0,1700000222.0,1700000222000000000,1,26.0,20.0,14.4,-0.3333333333333333,0.0,-0.13333333333333333
222.10000000000002,1700000222.1,1700000222100000000,1,25.96666666666666,20.0,14.386666666666663,-0.3333333333333333,0.0,-0.13333333333333333
222.20000000000002,1700000222.2,1700000222200000000,1,25.93333333333333,20.0,14.373333333333331,-0.3333333333333333,0.0,-0.13333333333333333
222.3,1700000222.3,1700000222300000000,1,25.9,20.0,14.36,-0.3333333333333333,0.0,-0.13333333333333333
222.4,1700000222.4,1700000222400000000,1,25.866666666666664,20.0,14.346666666666666,-0.3333333333333333,0.0,-0.13333333333333333
222.5,1700000222.5,1700000222500000000,1,25.833333333333332,20.0,14.333333333333332,-0.3333333333333333,0.0,-0.13333333333333333
222.60000000000002,1700000222.6,1700000222600000000,1,25.79999999999999,20.0,14.319999999999997,-0.3333333333333333,0.0,-0.13333333333333333
222.70000000000002,1700000222.7,1700000222700000000,1,25.76666666666666,20.0,14.306666666666665,-0.3333333333333333,0.0,-0.13333333333333333
222.8,1700000222.8,1700000222800000000,1,25.73333333333333,20.0,14.293333333333333,-0.3333333333333333,0.0,-0.13333333333333333
222.9,1700000222.9,1700000222900000000,1,25.7,20.0,14.28,-0.3333333333333333,0.0,-0.13333333333333333
223.0,1700000223.0,1700000223000000000,1,25.666666666666664,20.0,14.266666666666666,-0.3333333333333333,0.0,-0.13333333333333333
223.10000000000002,1700000223.1,1700000223100000000,1,25.633333333333326,20.0,14.25333333333333,-0.3333333333333333,0.0,-0.13333333333333333
223.20000000000002,1700000223.2,1700000223200000000,1,25.599999999999994,20.0,14.239999999999998,-0.3333333333333333,0.0,-0.13333333333333333
223.3,1700000223.3,1700000223300000000,1,25.566666666666663,20.0,14.226666666666665,-0.3333333333333333,0.0,-0.13333333333333333
223.4,1700000223.4,1700000223400000000,1,25.53333333333333,20.0,14.213333333333333,-0.3333333333333333,0.0,-0.13333333333333333
223.5,1700000223.5,1700000223500000000,1,25.5,20.0,14.2,-0.3333333333333333,0.0,-0.13333333333333333
223.60000000000002,1700000223.6,1700000223600000000,1,25.46666666666666,20.0,14.186666666666664,-0.3333333333333333,0.0,-0.13333333333333333
223.70000000000002,1700000223.7,1700000223700000000,1,25.43333333333333,20.0,14.173333333333332,-0.3333333333333333,0.0,-0.13333333333333333
223.8,1700000223.8,1700000223800000000,1,25.399999999999995,20.0,14.159999999999998,-0.3333333333333333,0.0,-0.13333333333333333
223.9,1700000223.9,1700000223900000000,1,25.366666666666664,20.0,14.146666666666665,-0.3333333333333333,0.0,-0.13333333333333333
224.0,1700000224.0,1700000224000000000,1,25.333333333333336,20.0,14.133333333333333,-0.3333333333333333,0.0,-0.13333333333333333
224.10000000000002,1700000224.1,1700000224100000000,1,25.29999999999999,20.0,14.119999999999997,-0.3333333333333333,0.0,-0.13333333333333333
224.20000000000002,1700000224.2,1700000224200000000,1,25.266666666666662,20.0,14.106666666666666,-0.3333333333333333,0.0,-0.13333333333333333
224.3,1700000224.3,1700000224300000000,1,25.23333333333333,20.0,14.093333333333332,-0.3333333333333333,0.0,-0.13333333333333333
224.4,1700000224.4,1700000224400000000,1,25.199999999999996,20.0,14.079999999999998,-0.3333333333333333,0.0,-0.13333333333333333
224.5,1700000224.5,1700000224500000000,1,25.166666666666664,20.0,14.066666666666666,-0.3333333333333333,0.0,-0.13333333333333333
224.60000000000002,1700000224.6,1700000224600000000,1,25.133333333333326,20.0,14.053333333333331,-0.3333333333333333,0.0,-0.13333333333333333
224.70000000000002,1700000224.7,1700000224700000000,1,25.099999999999994,20.0,14.039999999999997,-0.3333333333333333,0.0,-0.13333333333333333
224.8,1700000224.8,1700000224800000000,1,25.066666666666663,20.0,14.026666666666666,-0.3333333333333333,0.0,-0.13333333333333333
224.9,1700000224.9,1700000224900000000,1,25.03333333333333,20.0,14.013333333333332,-0.3333333333333333,0.0,-0.13333333333333333
225.0,1700000225.0,1700000225000000000,1,25.0,20.0,14.0,-0.3333333333333333,0.0,-0.13333333333333333
225.10000000000002,1700000225.1,1700000225100000000,1,24.96666666666666,20.0,13.986666666666665,-0.3333333333333333,0.0,-0.13333333333333333
225.20000000000002,1700000225.2,1700000225200000000,1,24.933333333333326,20.0,13.973333333333331,-0.3333333333333333,0.0,-0.13333333333333333
225.3,1700000225.3,1700000225300000000,1,24.899999999999995,20.0,13.959999999999997,-0.3333333333333333,0.0,-0.13333333333333333
225.4,1700000225.4,1700000225400000000,1,24.866666666666667,20.0,13.946666666666665,-0.3333333333333333,0.0,-0.13333333333333333
225.5,1700000225.5,1700000225500000000,1,24.833333333333336,20.0,13.933333333333334,-0.3333333333333333,0.0,-0.13333333333333333
225.60000000000002,1700000225.6,1700000225600000000,1,24.799999999999994,20.0,13.919999999999998,-0.3333333333333333,0.0,-0.13333333333333333
225.70000000000002,1700000225.7,1700000225700000000,1,24.766666666666662,20.0,13.906666666666665,-0.3333333333333333,0.0,-0.13333333333333333
225.8,1700000225.8,1700000225800000000,1,24.733333333333327,20.0,13.89333333333333,-0.3333333333333333,0.0,-0.13333333333333333
225.9,1700000225.9,1700000225900000000,1,24.699999999999996,20.0,13.879999999999999,-0.3333333333333333,0.0,-0.13333333333333333
226.0,1700000226.0,1700000226000000000,1,24.666666666666664,20.0,13.866666666666667,-0.3333333333333333,0.0,-0.13333333333333333
226.10000000000002,1700000226.1,1700000226100000000,1,24.633333333333326,20.0,13.85333333333333,-0.3333333333333333,0.0,-0.13333333333333333
226.20000000000002,1700000226.2,1700000226200000000,1,24.599999999999994,20.0,13.839999999999998,-0.3333333333333333,0.0,-0.13333333333333333
226.3,1700000226.3,1700000226300000000,1,24.566666666666663,20.0,13.826666666666664,-0.3333333333333333,0.0,-0.13333333333333333
226.4,1700000226.4,1700000226400000000,1,24.53333333333333,20.0,13.813333333333333,-0.3333333333333333,0.0,-0.13333333333333333
226.5,1700000226.5,1700000226500000000,1,24.5,20.0,13.8,-0.3333333333333333,0.0,-0.13333333333333333
226.60000000000002,1700000226.6,1700000226600000000,1,24.466666666666658,20.0,13.786666666666664,-0.3333333333333333,0.0,-0.13333333333333333
226.70000000000002,1700000226.7,1700000226700000000,1,24.433333333333326,20.0,13.77333333333333,-0.3333333333333333,0.0,-0.13333333333333333
226.8,1700000226.8,1700000226800000000,1,24.4,20.0,13.759999999999998,-0.3333333333333333,0.0,-0.13333333333333333
226.9,1700000226.9,1700000226900000000,1,24.366666666666667,20.0,13.746666666666666,-0.3333333333333333,0.0,-0.13333333333333333
227.0,1700000227.0,1700000227000000000,1,24.333333333333336,20.0,13.733333333333334,-0.3333333333333333,0.0,-0.13333333333333333
227.10000000000002,1700000227.1,1700000227100000000,1,24.299999999999994,20.0,13.719999999999997,-0.3333333333333333,0.0,-0.13333333333333333
227.20000000000002,1700000227.2,1700000227200000000,1,24.26666666666666,20.0,13.706666666666663,-0.3333333333333333,0.0,-0.13333333333333333
227.3,1700000227.3,1700000227300000000,1,24.233333333333327,20.0,13.693333333333332,-0.3333333333333333,0.0,-0.13333333333333333
227.4,1700000227.4,1700000227400000000,1,24.199999999999996,20.0,13.68,-0.3333333333333333,0.0,-0.13333333333333333
227.5,1700000227.5,1700000227500000000,1,24.166666666666668,20.0,13.666666666666668,-0.3333333333333333,0.0,-0.13333333333333333
227.60000000000002,1700000227.6,1700000227600000000,1,24.133333333333326,20.0,13.65333333333333,-0.3333333333333333,0.0,-0.13333333333333333
227.70000000000002,1700000227.7,1700000227700000000,1,24.099999999999994,20.0,13.639999999999997,-0.3333333333333333,0.0,-0.13333333333333333
227.8,1700000227.8,1700000227800000000,1,24.066666666666663,20.0,13.626666666666665,-0.3333333333333333,0.0,-0.13333333333333333
227.9,1700000227.9,1700000227900000000,1,24.03333333333333,20.0,13.613333333333333,-0.3333333333333333,0.0,-0.13333333333333333
228.0,1700000228.0,1700000228000000000,1,24.0,20.0,13.6,-0.3333333333333333,0.0,-0.13333333333333333
228.10000000000002,1700000228.1,1700000228100000000,1,23.966666666666658,20.0,13.586666666666662,-0.3333333333333333,0.0,-0.13333333333333333
228.20000000000002,1700000228.2,1700000228200000000,1,23.93333333333333,20.0,13.57333333333333,-0.3333333333333333,0.0,-0.13333333333333333
228.3,1700000228.3,1700000228300000000,1,23.9,20.0,13.559999999999999,-0.3333333333333333,0.0,-0.13333333333333333
228.4,1700000228.4,1700000228400000000,1,23.866666666666664,20.0,13.546666666666667,-0.3333333333333333,0.0,-0.13333333333333333
228.5,1700000228.5,1700000228500000000,1,23.833333333333332,20.0,13.533333333333333,-0.3333333333333333,0.0,-0.13333333333333333
228.60000000000002,1700000228.6,1700000228600000000,1,23.799999999999994,20.0,13.519999999999996,-0.3333333333333333,0.0,-0.13333333333333333
228.70000000000002,1700000228.7,1700000228700000000,1,23.76666666666666,20.0,13.506666666666664,-0.3333333333333333,0.0,-0.13333333333333333
228.8,1700000228.8,1700000228800000000,1,23.733333333333327,20.0,13.493333333333332,-0.3333333333333333,0.0,-0.13333333333333333
228.9,1700000228.9,1700000228900000000,1,23.7,20.0,13.48,-0.3333333333333333,0.0,-0.13333333333333333
229.0,1700000229.0,1700000229000000000,1,23.666666666666668,20.0,13.466666666666667,-0.3333333333333333,0.0,-0.13333333333333333
229.10000000000002,1700000229.1,1700000229100000000,1,23.633333333333326,20.0,13.45333333333333,-0.3333333333333333,0.0,-0.13333333333333333
229.20000000000002,1700000229.2,1700000229200000000,1,23.599999999999994,20.0,13.439999999999998,-0.3333333333333333,0.0,-0.13333333333333333
229.3,1700000229.3,1700000229300000000,1,23.566666666666663,20.0,13.426666666666666,-0.3333333333333333,0.0,-0.13333333333333333
229.4,1700000229.4,1700000229400000000,1,23.53333333333333,20.0,13.413333333333332,-0.3333333333333333,0.0,-0.13333333333333333
229.5,1700000229.5,1700000229500000000,1,23.5,20.0,13.4,-0.3333333333333333,0.0,-0.13333333333333333
229.60000000000002,1700000229.6,1700000229600000000,1,23.46666666666666,20.0,13.386666666666663,-0.3333333333333333,0.0,-0.13333333333333333
229.70000000000002,1700000229.7,1700000229700000000,1,23.43333333333333,20.0,13.373333333333331,-0.3333333333333333,0.0,-0.13333333333333333
229.8,1700000229.8,1700000229800000000,1,23.399999999999995,20.0,13.36,-0.3333333333333333,0.0,-0.13333333333333333
229.9,1700000229.9,1700000229900000000,1,23.366666666666664,20.0,13.346666666666666,-0.3333333333333333,0.0,-0.13333333333333333
230.0,1700000230.0,1700000230000000000,1,23.333333333333332,20.0,13.333333333333332,-0.3333333333333333,0.0,-0.13333333333333333
230.10000000000002,1700000230.1,1700000230100000000,1,23.29999999999999,20.0,13.319999999999997,-0.3333333333333333,0.0,-0.13333333333333333
230.20000000000002,1700000230.2,1700000230200000000,1,23.26666666666666,20.0,13.306666666666665,-0.3333333333333333,0.0,-0.13333333333333333
230.3,1700000230.3,1700000230300000000,1,23.23333333333333,20.0,13.293333333333333,-0.3333333333333333,0.0,-0.13333333333333333
230.4,1700000230.4,1700000230400000000,1,23.2,20.0,13.28,-0.3333333333333333,0.0,-0.13333333333333333
230.5,1700000230.5,1700000230500000000,1,23.166666666666668,20.0,13.266666666666666,-0.3333333333333333,0.0,-0.13333333333333333
230.60000000000002,1700000230.6,1700000230600000000,1,23.133333333333326,20.0,13.25333333333333,-0.3333333333333333,0.0,-0.13333333333333333
230.70000000000002,1700000230.7,1700000230700000000,1,23.099999999999994,20.0,13.239999999999998,-0.3333333333333333,0.0,-0.13333333333333333
230.8,1700000230.8,1700000230800000000,1,23.066666666666663,20.0,13.226666666666665,-0.3333333333333333,0.0,-0.13333333333333333
230.9,1700000230.9,1700000230900000000,1,23.03333333333333,20.0,13.213333333333333,-0.3333333333333333,0.0,-0.13333333333333333
231.0,1700000231.0,1700000231000000000,1,23.0,20.0,13.2,-0.3333333333333333,0.0,-0.13333333333333333
231.10000000000002,1700000231.1,1700000231100000000,1,22.96666666666666,20.0,13.186666666666664,-0.3333333333333333,0.0,-0.13333333333333333
231.20000000000002,1700000231.2,1700000231200000000,1,22.933333333333326,20.0,13.173333333333332,-0.3333333333333333,0.0,-0.13333333333333333
231.3,1700000231.3,1700000231300000000,1,22.899999999999995,20.0,13.159999999999998,-0.3333333333333333,0.0,-0.13333333333333333
231.4,1700000231.4,1700000231400000000,1,22.866666666666664,20.0,13.146666666666665,-0.3333333333333333,0.0,-0.13333333333333333
231.5,1700000231.5,1700000231500000000,1,22.833333333333336,20.0,13.133333333333333,-0.3333333333333333,0.0,-0.13333333333333333
231.60000000000002,1700000231.6,1700000231600000000,1,22.79999999999999,20.0,13.119999999999997,-0.3333333333333333,0.0,-0.13333333333333333
231.70000000000002,1700000231.7,1700000231700000000,1,22.766666666666662,20.0,13.106666666666666,-0.3333333333333333,0.0,-0.13333333333333333
231.8,1700000231.8,1700000231800000000,1,22.73333333333333,20.0,13.093333333333332,-0.3333333333333333,0.0,-0.13333333333333333
231.9,1700000231.9,1700000231900000000,1,22.7,20.0,13.079999999999998,-0.3333333333333333,0.0,-0.13333333333333333
232.0,1700000232.0,1700000232000000000,1,22.666666666666664,20.0,13.066666666666666,-0.3333333333333333,0.0,-0.13333333333333333
232.10000000000002,1700000232.1,1700000232100000000,1,22.633333333333326,20.0,13.053333333333331,-0.3333333333333333,0.0,-0.13333333333333333
232.20000000000002,1700000232.2,1700000232200000000,1,22.599999999999994,20.0,13.039999999999997,-0.3333333333333333,0.0,-0.13333333333333333
232.3,1700000232.3,1700000232300000000,1,22.566666666666663,20.0,13.026666666666666,-0.3333333333333333,0.0,-0.13333333333333333
232.4,1700000232.4,1700000232400000000,1,22.53333333333333,20.0,13.013333333333332,-0.3333333333333333,0.0,-0.13333333333333333
232.5,1700000232.5,1700000232500000000,1,22.5,20.0,13.0,-0.3333333333333333,0.0,-0.13333333333333333
232.60000000000002,1700000232.6,1700000232600000000,1,22.466666666666658,20.0,12.986666666666665,-0.3333333333333333,0.0,-0.13333333333333333
232.70000000000002,1700000232.7,1700000232700000000,1,22.433333333333326,20.0,12.973333333333331,-0.3333333333333333,0.0,-0.13333333333333333
232.8,1700000232.8,1700000232800000000,1,22.399999999999995,20.0,12.959999999999997,-0.3333333333333333,0.0,-0.13333333333333333
232.9,1700000232.9,1700000232900000000,1,22.366666666666667,20.0,12.946666666666665,-0.3333333333333333,0.0,-0.13333333333333333
233.0,1700000233.0,1700000233000000000,1,22.333333333333336,20.0,12.933333333333334,-0.3333333333333333,0.0,-0.13333333333333333
233.10000000000002,1700000233.1,1700000233100000000,1,22.299999999999994,20.0,12.919999999999998,-0.3333333333333333,0.0,-0.13333333333333333
233.20000000000002,1700000233.2,1700000233200000000,1,22.266666666666662,20.0,12.906666666666665,-0.3333333333333333,0.0,-0.13333333333333333
233.3,1700000233.3,1700000233300000000,1,22.23333333333333,20.0,12.89333333333333,-0.3333333333333333,0.0,-0.13333333333333333
233.4,1700000233.4,1700000233400000000,1,22.199999999999996,20.0,12.879999999999999,-0.3333333333333333,0.0,-0.13333333333333333
233.5,1700000233.5,1700000233500000000,1,22.166666666666664,20.0,12.866666666666667,-0.3333333333333333,0.0,-0.13333333333333333
233.60000000000002,1700000233.6,1700000233600000000,1,22.133333333333326,20.0,12.85333333333333,-0.3333333333333333,0.0,-0.13333333333333333
233.70000000000002,1700000233.7,1700000233700000000,1,22.099999999999994,20.0,12.839999999999998,-0.3333333333333333,0.0,-0.13333333333333333
233.8,1700000233.8,1700000233800000000,1,22.066666666666663,20.0,12.826666666666664,-0.3333333333333333,0.0,-0.13333333333333333
233.9,1700000233.9,1700000233900000000,1,22.03333333333333,20.0,12.813333333333333,-0.3333333333333333,0.0,-0.13333333333333333
234.0,1700000234.0,1700000234000000000,1,22.0,20.0,12.8,-0.3333333333333333,0.0,-0.13333333333333333
234.10000000000002,1700000234.1,1700000234100000000,1,21.966666666666658,20.0,12.786666666666664,-0.3333333333333333,0.0,-0.13333333333333333
234.20000000000002,1700000234.2,1700000234200000000,1,21.933333333333326,20.0,12.77333333333333,-0.3333333333333333,0.0,-0.13333333333333333
234.3,1700000234.3,1700000234300000000,1,21.9,20.0,12.759999999999998,-0.3333333333333333,0.0,-0.13333333333333333
234.4,1700000234.4,1700000234400000000,1,21.866666666666667,20.0,12.746666666666666,-0.3333333333333333,0.0,-0.13333333333333333
234.5,1700000234.5,1700000234500000000,1,21.833333333333332,20.0,12.733333333333334,-0.3333333333333333,0.0,-0.13333333333333333
234.60000000000002,1700000234.6,1700000234600000000,1,21.799999999999994,20.0,12.719999999999997,-0.3333333333333333,0.0,-0.13333333333333333
234.70000000000002,1700000234.7,1700000234700000000,1,21.766666666666662,20.0,12.706666666666663,-0.3333333333333333,0.0,-0.13333333333333333
234.8,1700000234.8,1700000234800000000,1,21.733333333333327,20.0,12.693333333333332,-0.3333333333333333,0.0,-0.13333333333333333
234.9,1700000234.9,1700000234900000000,1,21.699999999999996,20.0,12.68,-0.3333333333333333,0.0,-0.13333333333333333
235.0,1700000235.0,1700000235000000000,1,21.666666666666668,20.0,12.666666666666668,-0.3333333333333333,0.0,-0.13333333333333333
235.10000000000002,1700000235.1,1700000235100000000,1,21.633333333333326,20.0,12.65333333333333,-0.3333333333333333,0.0,-0.13333333333333333
235.20000000000002,1700000235.2,1700000235200000000,1,21.599999999999994,20.0,12.639999999999997,-0.3333333333333333,0.0,-0.13333333333333333
235.3,1700000235.3,1700000235300000000,1,21.566666666666663,20.0,12.626666666666665,-0.3333333333333333,0.0,-0.13333333333333333
235.4,1700000235.4,1700000235400000000,1,21.53333333333333,20.0,12.613333333333333,-0.3333333333333333,0.0,-0.13333333333333333
235.5,1700000235.5,1700000235500000000,1,21.5,20.0,12.6,-0.3333333333333333,0.0,-0.13333333333333333
235.60000000000002,1700000235.6,1700000235600000000,1,21.466666666666658,20.0,12.586666666666662,-0.3333333333333333,0.0,-0.13333333333333333
235.70000000000002,1700000235.7,1700000235700000000,1,21.43333333333333,20.0,12.57333333333333,-0.3333333333333333,0.0,-0.13333333333333333
235.8,1700000235.8,1700000235800000000,1,21.4,20.0,12.559999999999999,-0.3333333333333333,0.0,-0.13333333333333333
235.9,1700000235.9,1700000235900000000,1,21.366666666666664,20.0,12.546666666666667,-0.3333333333333333,0.0,-0.13333333333333333
236.0,1700000236.0,1700000236000000000,1,21.333333333333332,20.0,12.533333333333333,-0.3333333333333333,0.0,-0.13333333333333333
236.10000000000002,1700000236.1,1700000236100000000,1,21.299999999999994,20.0,12.519999999999996,-0.3333333333333333,0.0,-0.13333333333333333
236.20000000000002,1700000236.2,1700000236200000000,1,21.26666666666666,20.0,12.506666666666664,-0.3333333333333333,0.0,-0.13333333333333333
236.3,1700000236.3,1700000236300000000,1,21.233333333333327,20.0,12.493333333333332,-0.3333333333333333,0.0,-0.13333333333333333
236.4,1700000236.4,1700000236400000000,1,21.2,20.0,12.48,-0.3333333333333333,0.0,-0.13333333333333333
236.5,1700000236.5,1700000236500000000,1,21.166666666666668,20.0,12.466666666666667,-0.3333333333333333,0.0,-0.13333333333333333
236.60000000000002,1700000236.6,1700000236600000000,1,21.133333333333326,20.0,12.45333333333333,-0.3333333333333333,0.0,-0.13333333333333333
236.70000000000002,1700000236.7,1700000236700000000,1,21.099999999999994,20.0,12.439999999999998,-0.3333333333333333,0.0,-0.13333333333333333
236.8,1700000236.8,1700000236800000000,1,21.066666666666663,20.0,12.426666666666666,-0.3333333333333333,0.0,-0.13333333333333333
236.9,1700000236.9,1700000236900000000,1,21.03333333333333,20.0,12.413333333333332,-0.3333333333333333,0.0,-0.13333333333333333
237.0,1700000237.0,1700000237000000000,1,21.0,20.0,12.4,-0.3333333333333333,0.0,-0.13333333333333333
237.10000000000002,1700000237.1,1700000237100000000,1,20.96666666666666,20.0,12.386666666666663,-0.3333333333333333,0.0,-0.13333333333333333
237.20000000000002,1700000237.2,1700000237200000000,1,20.93333333333333,20.0,12.373333333333331,-0.3333333333333333,0.0,-0.13333333333333333
237.3,1700000237.3,1700000237300000000,1,20.899999999999995,20.0,12.36,-0.3333333333333333,0.0,-0.13333333333333333
237.4,1700000237.4,1700000237400000000,1,20.866666666666664,20.0,12.346666666666666,-0.3333333333333333,0.0,-0.13333333333333333
237.5,1700000237.5,1700000237500000000,1,20.833333333333332,20.0,12.333333333333332,-0.3333333333333333,0.0,-0.13333333333333333
237.60000000000002,1700000237.6,1700000237600000000,1,20.79999999999999,20.0,12.319999999999997,-0.3333333333333333,0.0,-0.13333333333333333
237.70000000000002,1700000237.7,1700000237700000000,1,20.76666666666666,20.0,12.306666666666665,-0.3333333333333333,0.0,-0.13333333333333333
237.8,1700000237.8,1700000237800000000,1,20.73333333333333,20.0,12.293333333333333,-0.3333333333333333,0.0,-0.13333333333333333
237.9,1700000237.9,1700000237900000000,1,20.7,20.0,12.28,-0.3333333333333333,0.0,-0.13333333333333333
238.0,1700000238.0,1700000238000000000,1,20.666666666666668,20.0,12.266666666666666,-0.3333333333333333,0.0,-0.13333333333333333
238.10000000000002,1700000238.1,1700000238100000000,1,20.633333333333326,20.0,12.25333333333333,-0.3333333333333333,0.0,-0.13333333333333333
238.20000000000002,1700000238.2,1700000238200000000,1,20.599999999999994,20.0,12.239999999999998,-0.3333333333333333,0.0,-0.13333333333333333
238.3,1700000238.3,1700000238300000000,1,20.566666666666663,20.0,12.226666666666665,-0.3333333333333333,0.0,-0.13333333333333333
238.4,1700000238.4,1700000238400000000,1,20.53333333333333,20.0,12.213333333333333,-0.3333333333333333,0.0,-0.13333333333333333
238.5,1700000238.5,1700000238500000000,1,20.5,20.0,12.2,-0.3333333333333333,0.0,-0.13333333333333333
238.60000000000002,1700000238.6,1700000238600000000,1,20.46666666666666,20.0,12.186666666666664,-0.3333333333333333,0.0,-0.13333333333333333
238.70000000000002,1700000238.7,1700000238700000000,1,20.433333333333326,20.0,12.173333333333332,-0.3333333333333333,0.0,-0.13333333333333333
238.8,1700000238.8,1700000238800000000,1,20.399999999999995,20.0,12.159999999999998,-0.3333333333333333,0.0,-0.13333333333333333
238.9,1700000238.9,1700000238900000000,1,20.366666666666664,20.0,12.146666666666665,-0.3333333333333333,0.0,-0.13333333333333333
239.0,1700000239.0,1700000239000000000,1,20.333333333333336,20.0,12.133333333333333,-0.3333333333333333,0.0,-0.13333333333333333
239.10000000000002,1700000239.1,1700000239100000000,1,20.29999999999999,20.0,12.119999999999997,-0.3333333333333333,0.0,-0.13333333333333333
239.20000000000002,1700000239.2,1700000239200000000,1,20.266666666666662,20.0,12.106666666666666,-0.3333333333333333,0.0,-0.13333333333333333
239.3,1700000239.3,1700000239300000000,1,20.23333333333333,20.0,12.093333333333332,-0.3333333333333333,0.0,-0.13333333333333333
239.4,1700000239.4,1700000239400000000,1,20.2,20.0,12.079999999999998,-0.3333333333333333,0.0,-0.13333333333333333
239.5,1700000239.5,1700000239500000000,1,20.166666666666664,20.0,12.066666666666666,-0.3333333333333333,0.0,-0.13333333333333333
239.60000000000002,1700000239.6,1700000239600000000,1,20.133333333333326,20.0,12.053333333333331,-0.3333333333333333,0.0,-0.13333333333333333
239.70000000000002,1700000239.7,1700000239700000000,1,20.099999999999994,20.0,12.039999999999997,-0.3333333333333333,0.0,-0.13333333333333333
239.8,1700000239.8,1700000239800000000,1,20.066666666666663,20.0,12.026666666666666,-0.3333333333333333,0.0,-0.13333333333333333
239.9,1700000239.9,1700000239900000000,1,20.03333333333333,20.0,12.013333333333332,-0.3333333333333333,0.0,-0.13333333333333333
240.0,1700000240.0,1700000240000000000,1,20.0,20.0,12.0,-0.3333333333333333,-0.3333333333333333,-0.11666666666666667
240.10000000000002,1700000240.1,1700000240100000000,1,19.966666666666658,19.966666666666658,11.988333333333332,-0.3333333333333333,-0.3333333333333333,-0.11666666666666667
240.20000000000002,1700000240.2,1700000240200000000,1,19.933333333333326,19.933333333333326,11.976666666666665,-0.3333333333333333,-0.3333333333333333,-0.11666666666666667
240.3,1700000240.3,1700000240300000000,1,19.899999999999995,19.899999999999995,11.964999999999998,-0.3333333333333333,-0.3333333333333333,-0.11666666666666667
240.4,1700000240.4,1700000240400000000,1,19.866666666666664,19.866666666666664,11.953333333333333,-0.3333333333333333,-0.3333333333333333,-0.11666666666666667
240.5,1700000240.5,1700000240500000000,1,19.833333333333332,19.833333333333332,11.941666666666666,-0.3333333333333333,-0.3333333333333333,-0.11666666666666667
240.60000000000002,1700000240.6,1700000240600000000,1,19.799999999999994,19.799999999999994,11.929999999999998,-0.3333333333333333,-0.3333333333333333,-0.11666666666666667
240.70000000000002,1700000240.7,1700000240700000000,1,19.766666666666662,19.766666666666662,11.918333333333331,-0.3333333333333333,-0.3333333333333333,-0.11666666666666667
240.8,1700000240.8,1700000240800000000,1,19.73333333333333,19.73333333333333,11.906666666666665,-0.3333333333333333,-0.3333333333333333,-0.11666666666666667
240.9,1700000240.9,1700000240900000000,1,19.7,19.7,11.895,-0.3333333333333333,-0.3333333333333333,-0.11666666666666667
241.0,1700000241.0,1700000241000000000,1,19.666666666666668,19.666666666666668,11.883333333333333,-0.3333333333333333,-0.3333333333333333,-0.11666666666666667
241.10000000000002,1700000241.1,1700000241100000000,1,19.633333333333326,19.633333333333326,11.871666666666664,-0.3333333333333333,-0.3333333333333333,-0.11666666666666667
241.20000000000002,1700000241.2,1700000241200000000,1,19.599999999999994,19.599999999999994,11.859999999999998,-0.3333333333333333,-0.3333333333333333,-0.11666666666666667
241.3,1700000241.3,1700000241300000000,1,19.566666666666663,19.566666666666663,11.848333333333333,-0.3333333333333333,-0.3333333333333333,-0.11666666666666667
241.4,1700000241.4,1700000241400000000,1,19.53333333333333,19.53333333333333,11.836666666666666,-0.3333333333333333,-0.3333333333333333,-0.11666666666666667
241.5,1700000241.5,1700000241500000000,1,19.5,19.5,11.825,-0.3333333333333333,-0.3333333333333333,-0.11666666666666667
241.60000000000002,1700000241.6,1700000241600000000,1,19.466666666666658,19.466666666666658,11.81333333333333,-0.3333333333333333,-0.3333333333333333,-0.11666666666666667
241.70000000000002,1700000241.7,1700000241700000000,1,19.433333333333326,19.433333333333326,11.801666666666664,-0.3333333333333333,-0.3333333333333333,-0.11666666666666667
241.8,1700000241.8,1700000241800000000,1,19.399999999999995,19.399999999999995,11.79,-0.3333333333333333,-0.3333333333333333,-0.11666666666666667
241.9,1700000241.9,1700000241900000000,1,19.366666666666664,19.366666666666664,11.778333333333332,-0.3333333333333333,-0.3333333333333333,-0.11666666666666667
242.0,1700000242.0,1700000242000000000,1,19.333333333333332,19.333333333333332,11.766666666666667,-0.3333333333333333,-0.3333333333333333,-0.11666666666666667
242.10000000000002,1700000242.1,1700000242100000000,1,19.299999999999994,19.299999999999994,11.754999999999997,-0.3333333333333333,-0.3333333333333333,-0.11666666666666667
242.20000000000002,1700000242.2,1700000242200000000,1,19.266666666666662,19.266666666666662,11.74333333333333,-0.3333333333333333,-0.3333333333333333,-0.11666666666666667
242.3,1700000242.3,1700000242300000000,1,19.23333333333333,19.23333333333333,11.731666666666666,-0.3333333333333333,-0.3333333333333333,-0.11666666666666667
242.4,1700000242.4,1700000242400000000,1,19.2,19.2,11.719999999999999,-0.3333333333333333,-0.3333333333333333,-0.11666666666666667
242.5,1700000242.5,1700000242500000000,1,19.166666666666668,19.166666666666668,11.708333333333334,-0.3333333333333333,-0.3333333333333333,-0.11666666666666667
242.60000000000002,1700000242.6,1700000242600000000,1,19.133333333333326,19.133333333333326,11.696666666666664,-0.3333333333333333,-0.3333333333333333,-0.11666666666666667
242.70000000000002,1700000242.7,1700000242700000000,1,19.099999999999994,19.099999999999994,11.684999999999999,-0.3333333333333333,-0.3333333333333333,-0.11666666666666667
242.8,1700000242.8,1700000242800000000,1,19.066666666666663,19.066666666666663,11.673333333333332,-0.3333333333333333,-0.3333333333333333,-0.11666666666666667
242.9,1700000242.9,1700000242900000000,1,19.03333333333333,19.03333333333333,11.661666666666665,-0.3333333333333333,-0.3333333333333333,-0.11666666666666667
243.0,1700000243.0,1700000243000000000,1,19.0,19.0,11.65,-0.3333333333333333,-0.3333333333333333,-0.11666666666666667
243.10000000000002,1700000243.1,1700000243100000000,1,18.966666666666658,18.966666666666658,11.63833333333333,-0.3333333333333333,-0.3333333333333333,-0.11666666666666667
243.20000000000002,1700000243.2,1700000243200000000,1,18.933333333333326,18.933333333333326,11.626666666666665,-0.3333333333333333,-0.3333333333333333,-0.11666666666666667
243.3,1700000243.3,1700000243300000000,1,18.899999999999995,18.899999999999995,11.614999999999998,-0.3333333333333333,-0.3333333333333333,-0.11666666666666667
243.4,1700000243.4,1700000243400000000,1,18.866666666666664,18.866666666666664,11.603333333333333,-0.3333333333333333,-0.3333333333333333,-0.11666666666666667
243.5,1700000243.5,1700000243500000000,1,18.833333333333332,18.833333333333332,11.591666666666667,-0.3333333333333333,-0.3333333333333333,-0.11666666666666667
243.60000000000002,1700000243.6,1700000243600000000,1,18.799999999999994,18.799999999999994,11.579999999999997,-0.3333333333333333,-0.3333333333333333,-0.11666666666666667
243.70000000000002,1700000243.7,1700000243700000000,1,18.766666666666662,18.766666666666662,11.568333333333332,-0.3333333333333333,-0.3333333333333333,-0.11666666666666667
243.8,1700000243.8,1700000243800000000,1,18.73333333333333,18.73333333333333,11.556666666666665,-0.3333333333333333,-0.3333333333333333,-0.11666666666666667
243.9,1700000243.9,1700000243900000000,1,18.7,18.7,11.545,-0.3333333333333333,-0.3333333333333333,-0.11666666666666667
244.0,1700000244.0,1700000244000000000,1,18.666666666666668,18.666666666666668,11.533333333333333,-0.3333333333333333,-0.3333333333333333,-0.11666666666666667
244.10000000000002,1700000244.1,1700000244100000000,1,18.633333333333326,18.633333333333326,11.521666666666665,-0.3333333333333333,-0.3333333333333333,-0.11666666666666667
244.20000000000002,1700000244.2,1700000244200000000,1,18.599999999999994,18.599999999999994,11.509999999999998,-0.3333333333333333,-0.3333333333333333,-0.11666666666666667
244.3,1700000244.3,1700000244300000000,1,18.566666666666663,18.566666666666663,11.498333333333331,-0.3333333333333333,-0.3333333333333333,-0.11666666666666667
244.4,1700000244.4,1700000244400000000,1,18.53333333333333,18.53333333333333,11.486666666666666,-0.3333333333333333,-0.3333333333333333,-0.11666666666666667
244.5,1700000244.5,1700000244500000000,1,18.5,18.5,11.475,-0.3333333333333333,-0.3333333333333333,-0.11666666666666667
244.60000000000002,1700000244.6,1700000244600000000,1,18.466666666666658,18.466666666666658,11.463333333333331,-0.3333333333333333,-0.3333333333333333,-0.11666666666666667
244.70000000000002,1700000244.7,1700000244700000000,1,18.433333333333326,18.433333333333326,11.451666666666664,-0.3333333333333333,-0.3333333333333333,-0.11666666666666667
244.8,1700000244.8,1700000244800000000,1,18.399999999999995,18.399999999999995,11.439999999999998,-0.3333333333333333,-0.3333333333333333,-0.11666666666666667
244.9,1700000244.9,1700000244900000000,1,18.366666666666664,18.366666666666664,11.428333333333333,-0.3333333333333333,-0.3333333333333333,-0.11666666666666667
245.0,1700000245.0,1700000245000000000,1,18.333333333333332,18.333333333333332,11.416666666666666,-0.3333333333333333,-0.3333333333333333,-0.11666666666666667
245.10000000000002,1700000245.1,1700000245100000000,1,18.299999999999994,18.299999999999994,11.404999999999998,-0.3333333333333333,-0.3333333333333333,-0.11666666666666667
245.20000000000002,1700000245.2,1700000245200000000,1,18.266666666666662,18.266666666666662,11.39333333333333,-0.3333333333333333,-0.3333333333333333,-0.11666666666666667
245.3,1700000245.3,1700000245300000000,1,18.23333333333333,18.23333333333333,11.381666666666666,-0.3333333333333333,-0.3333333333333333,-0.11666666666666667
245.4,1700000245.4,1700000245400000000,1,18.2,18.2,11.37,-0.3333333333333333,-0.3333333333333333,-0.11666666666666667
245.5,1700000245.5,1700000245500000000,1,18.166666666666668,18.166666666666668,11.358333333333334,-0.3333333333333333,-0.3333333333333333,-0.11666666666666667
245.60000000000002,1700000245.6,1700000245600000000,1,18.133333333333326,18.133333333333326,11.346666666666664,-0.3333333333333333,-0.3333333333333333,-0.11666666666666667
245.70000000000002,1700000245.7,1700000245700000000,1,18.099999999999994,18.099999999999994,11.334999999999997,-0.3333333333333333,-0.3333333333333333,-0.11666666666666667
245.8,1700000245.8,1700000245800000000,1,18.066666666666663,18.066666666666663,11.323333333333332,-0.3333333333333333,-0.3333333333333333,-0.11666666666666667
245.9,1700000245.9,1700000245900000000,1,18.03333333333333,18.03333333333333,11.311666666666666,-0.3333333333333333,-0.3333333333333333,-0.11666666666666667
246.0,1700000246.0,1700000246000000000,1,18.0,18.0,11.3,-0.3333333333333333,-0.3333333333333333,-0.11666666666666667
246.10000000000002,1700000246.1,1700000246100000000,1,17.966666666666658,17.966666666666658,11.28833333333333,-0.3333333333333333,-0.3333333333333333,-0.11666666666666667
246.20000000000002,1700000246.2,1700000246200000000,1,17.933333333333326,17.933333333333326,11.276666666666664,-0.3333333333333333,-0.3333333333333333,-0.11666666666666667
246.3,1700000246.3,1700000246300000000,1,17.899999999999995,17.899999999999995,11.264999999999999,-0.3333333333333333,-0.3333333333333333,-0.11666666666666667
246.4,1700000246.4,1700000246400000000,1,17.866666666666664,17.866666666666664,11.253333333333332,-0.3333333333333333,-0.3333333333333333,-0.11666666666666667
246.5,1700000246.5,1700000246500000000,1,17.833333333333332,17.833333333333332,11.241666666666667,-0.3333333333333333,-0.3333333333333333,-0.11666666666666667
246.60000000000002,1700000246.6,1700000246600000000,1,17.799999999999994,17.799999999999994,11.229999999999997,-0.3333333333333333,-0.3333333333333333,-0.11666666666666667
246.70000000000002,1700000246.7,1700000246700000000,1,17.766666666666662,17.766666666666662,11.218333333333332,-0.3333333333333333,-0.3333333333333333,-0.11666666666666667
246.8,1700000246.8,1700000246800000000,1,17.73333333333333,17.73333333333333,11.206666666666665,-0.3333333333333333,-0.3333333333333333,-0.11666666666666667
246.9,1700000246.9,1700000246900000000,1,17.7,17.7,11.195,-0.3333333333333333,-0.3333333333333333,-0.11666666666666667
247.0,1700000247.0,1700000247000000000,1,17.666666666666668,17.666666666666668,11.183333333333334,-0.3333333333333333,-0.3333333333333333,-0.11666666666666667
247.10000000000002,1700000247.1,1700000247100000000,1,17.633333333333326,17.633333333333326,11.171666666666663,-0.3333333333333333,-0.3333333333333333,-0.11666666666666667
247.20000000000002,1700000247.2,1700000247200000000,1,17.599999999999994,17.599999999999994,11.159999999999998,-0.3333333333333333,-0.3333333333333333,-0.11666666666666667
247.3,1700000247.3,1700000247300000000,1,17.566666666666663,17.566666666666663,11.148333333333332,-0.3333333333333333,-0.3333333333333333,-0.11666666666666667
247.4,1700000247.4,1700000247400000000,1,17.53333333333333,17.53333333333333,11.136666666666667,-0.3333333333333333,-0.3333333333333333,-0.11666666666666667
247.5,1700000247.5,1700000247500000000,1,17.5,17.5,11.125,-0.3333333333333333,-0.3333333333333333,-0.11666666666666667
247.60000000000002,1700000247.6,1700000247600000000,1,17.466666666666658,17.466666666666658,11.113333333333332,-0.3333333333333333,-0.3333333333333333,-0.11666666666666667
247.70000000000002,1700000247.7,1700000247700000000,1,17.433333333333326,17.433333333333326,11.101666666666665,-0.3333333333333333,-0.3333333333333333,-0.11666666666666667
247.8,1700000247.8,1700000247800000000,1,17.399999999999995,17.399999999999995,11.089999999999998,-0.3333333333333333,-0.3333333333333333,-0.11666666666666667
247.9,1700000247.9,1700000247900000000,1,17.366666666666664,17.366666666666664,11.078333333333333,-0.3333333333333333,-0.3333333333333333,-0.11666666666666667
248.0,1700000248.0,1700000248000000000,1,17.333333333333332,17.333333333333332,11.066666666666666,-0.3333333333333333,-0.3333333333333333,-0.11666666666666667
248.10000000000002,1700000248.1,1700000248100000000,1,17.299999999999994,17.299999999999994,11.054999999999998,-0.3333333333333333,-0.3333333333333333,-0.11666666666666667
248.20000000000002,1700000248.2,1700000248200000000,1,17.266666666666662,17.266666666666662,11.043333333333331,-0.3333333333333333,-0.3333333333333333,-0.11666666666666667
248.3,1700000248.3,1700000248300000000,1,17.23333333333333,17.23333333333333,11.031666666666665,-0.3333333333333333,-0.3333333333333333,-0.11666666666666667
248.4,1700000248.4,1700000248400000000,1,17.2,17.2,11.02,-0.3333333333333333,-0.3333333333333333,-0.11666666666666667
248.5,1700000248.5,1700000248500000000,1,17.166666666666668,17.166666666666668,11.008333333333333,-0.3333333333333333,-0.3333333333333333,-0.11666666666666667
248.60000000000002,1700000248.6,1700000248600000000,1,17.133333333333326,17.133333333333326,10.996666666666664,-0.3333333333333333,-0.3333333333333333,-0.11666666666666667
248.70000000000002,1700000248.7,1700000248700000000,1,17.099999999999994,17.099999999999994,10.984999999999998,-0.3333333333333333,-0.3333333333333333,-0.11666666666666667
248.8,1700000248.8,1700000248800000000,1,17.066666666666663,17.066666666666663,10.973333333333333,-0.3333333333333333,-0.3333333333333333,-0.11666666666666667
248.9,1700000248.9,1700000248900000000,1,17.03333333333333,17.03333333333333,10.961666666666666,-0.3333333333333333,-0.3333333333333333,-0.11666666666666667
249.0,1700000249.0,1700000249000000000,1,17.0,17.0,10.95,-0.3333333333333333,-0.3333333333333333,-0.11666666666666667
249.10000000000002,1700000249.1,1700000249100000000,1,16.966666666666658,16.966666666666658,10.93833333333333,-0.3333333333333333,-0.3333333333333333,-0.11666666666666667
249.20000000000002,1700000249.2,1700000249200000000,1,16.933333333333326,16.933333333333326,10.926666666666664,-0.3333333333333333,-0.3333333333333333,-0.11666666666666667
249.3,1700000249.3,1700000249300000000,1,16.899999999999995,16.899999999999995,10.915,-0.3333333333333333,-0.3333333333333333,-0.11666666666666667
249.4,1700000249.4,1700000249400000000,1,16.866666666666664,16.866666666666664,10.903333333333332,-0.3333333333333333,-0.3333333333333333,-0.11666666666666667
249.5,1700000249.5,1700000249500000000,1,16.833333333333332,16.833333333333332,10.891666666666666,-0.3333333333333333,-0.3333333333333333,-0.11666666666666667
249.60000000000002,1700000249.6,1700000249600000000,1,16.799999999999994,16.799999999999994,10.879999999999997,-0.3333333333333333,-0.3333333333333333,-0.11666666666666667
249.70000000000002,1700000249.7,1700000249700000000,1,16.766666666666662,16.766666666666662,10.868333333333332,-0.3333333333333333,-0.3333333333333333,-0.11666666666666667
249.8,1700000249.8,1700000249800000000,1,16.73333333333333,16.73333333333333,10.856666666666666,-0.3333333333333333,-0.3333333333333333,-0.11666666666666667
249.9,1700000249.9,1700000249900000000,1,16.7,16.7,10.844999999999999,-0.3333333333333333,-0.3333333333333333,-0.11666666666666667
250.0,1700000250.0,1700000250000000000,1,16.666666666666668,16.666666666666668,10.833333333333334,-0.3333333333333333,-0.3333333333333333,-0.11666666666666667
250.10000000000002,1700000250.1,1700000250100000000,1,16.633333333333326,16.633333333333326,10.821666666666664,-0.3333333333333333,-0.3333333333333333,-0.11666666666666667
250.20000000000002,1700000250.2,1700000250200000000,1,16.599999999999994,16.599999999999994,10.809999999999999,-0.3333333333333333,-0.3333333333333333,-0.11666666666666667
250.3,1700000250.3,1700000250300000000,1,16.566666666666663,16.566666666666663,10.798333333333332,-0.3333333333333333,-0.3333333333333333,-0.11666666666666667
250.4,1700000250.4,1700000250400000000,1,16.53333333333333,16.53333333333333,10.786666666666665,-0.3333333333333333,-0.3333333333333333,-0.11666666666666667
250.5,1700000250.5,1700000250500000000,1,16.5,16.5,10.775,-0.3333333333333333,-0.3333333333333333,-0.11666666666666667
250.60000000000002,1700000250.6,1700000250600000000,1,16.466666666666658,16.466666666666658,10.76333333333333,-0.3333333333333333,-0.3333333333333333,-0.11666666666666667
250.70000000000002,1700000250.7,1700000250700000000,1,16.433333333333326,16.433333333333326,10.751666666666665,-0.3333333333333333,-0.3333333333333333,-0.11666666666666667
250.8,1700000250.8,1700000250800000000,1,16.399999999999995,16.399999999999995,10.739999999999998,-0.3333333333333333,-0.3333333333333333,-0.11666666666666667
250.9,1700000250.9,1700000250900000000,1,16.366666666666664,16.366666666666664,10.728333333333332,-0.3333333333333333,-0.3333333333333333,-0.11666666666666667
251.0,1700000251.0,1700000251000000000,1,16.333333333333332,16.333333333333332,10.716666666666667,-0.3333333333333333,-0.3333333333333333,-0.11666666666666667
251.10000000000002,1700000251.1,1700000251100000000,1,16.299999999999994,16.299999999999994,10.704999999999998,-0.3333333333333333,-0.3333333333333333,-0.11666666666666667
251.20000000000002,1700000251.2,1700000251200000000,1,16.266666666666662,16.266666666666662,10.693333333333332,-0.3333333333333333,-0.3333333333333333,-0.11666666666666667
251.3,1700000251.3,1700000251300000000,1,16.23333333333333,16.23333333333333,10.681666666666665,-0.3333333333333333,-0.3333333333333333,-0.11666666666666667
251.4,1700000251.4,1700000251400000000,1,16.2,16.2,10.67,-0.3333333333333333,-0.3333333333333333,-0.11666666666666667
251.5,1700000251.5,1700000251500000000,1,16.166666666666668,16.166666666666668,10.658333333333333,-0.3333333333333333,-0.3333333333333333,-0.11666666666666667
251.60000000000002,1700000251.6,1700000251600000000,1,16.133333333333326,16.133333333333326,10.646666666666665,-0.3333333333333333,-0.3333333333333333,-0.11666666666666667
251.70000000000002,1700000251.7,1700000251700000000,1,16.099999999999994,16.099999999999994,10.634999999999998,-0.3333333333333333,-0.3333333333333333,-0.11666666666666667
251.8,1700000251.8,1700000251800000000,1,16.066666666666663,16.066666666666663,10.623333333333331,-0.3333333333333333,-0.3333333333333333,-0.11666666666666667
251.9,1700000251.9,1700000251900000000,1,16.03333333333333,16.03333333333333,10.611666666666666,-0.3333333333333333,-0.3333333333333333,-0.11666666666666667
252.0,1700000252.0,1700000252000000000,1,16.0,16.0,10.6,-0.3333333333333333,-0.3333333333333333,-0.11666666666666667
252.10000000000002,1700000252.1,1700000252100000000,1,15.966666666666658,15.966666666666658,10.588333333333331,-0.3333333333333333,-0.3333333333333333,-0.11666666666666667
252.20000000000002,1700000252.2,1700000252200000000,1,15.933333333333326,15.933333333333326,10.576666666666664,-0.3333333333333333,-0.3333333333333333,-0.11666666666666667
252.3,1700000252.3,1700000252300000000,1,15.899999999999997,15.899999999999997,10.564999999999998,-0.3333333333333333,-0.3333333333333333,-0.11666666666666667
252.4,1700000252.4,1700000252400000000,1,15.866666666666665,15.866666666666665,10.553333333333333,-0.3333333333333333,-0.3333333333333333,-0.11666666666666667
252.5,1700000252.5,1700000252500000000,1,15.833333333333332,15.833333333333332,10.541666666666666,-0.3333333333333333,-0.3333333333333333,-0.11666666666666667
252.60000000000002,1700000252.6,1700000252600000000,1,15.799999999999994,15.799999999999994,10.529999999999998,-0.3333333333333333,-0.3333333333333333,-0.11666666666666667
252.70000000000002,1700000252.7,1700000252700000000,1,15.766666666666662,15.766666666666662,10.51833333333333,-0.3333333333333333,-0.3333333333333333,-0.11666666666666667
252.8,1700000252.8,1700000252800000000,1,15.73333333333333,15.73333333333333,10.506666666666666,-0.3333333333333333,-0.3333333333333333,-0.11666666666666667
252.9,1700000252.9,1700000252900000000,1,15.699999999999998,15.699999999999998,10.495,-0.3333333333333333,-0.3333333333333333,-0.11666666666666667
253.0,1700000253.0,1700000253000000000,1,15.666666666666666,15.666666666666666,10.483333333333334,-0.3333333333333333,-0.3333333333333333,-0.11666666666666667
253.10000000000002,1700000253.1,1700000253100000000,1,15.633333333333326,15.633333333333326,10.471666666666664,-0.3333333333333333,-0.3333333333333333,-0.11666666666666667
253.20000000000002,1700000253.2,1700000253200000000,1,15.599999999999994,15.599999999999994,10.459999999999997,-0.3333333333333333,-0.3333333333333333,-0.11666666666666667
253.3,1700000253.3,1700000253300000000,1,15.566666666666663,15.566666666666663,10.448333333333332,-0.3333333333333333,-0.3333333333333333,-0.11666666666666667
253.4,1700000253.4,1700000253400000000,1,15.533333333333331,15.533333333333331,10.436666666666666,-0.3333333333333333,-0.3333333333333333,-0.11666666666666667
253.5,1700000253.5,1700000253500000000,1,15.5,15.5,10.425,-0.3333333333333333,-0.3333333333333333,-0.11666666666666667
253.60000000000002,1700000253.6,1700000253600000000,1,15.466666666666658,15.466666666666658,10.41333333333333,-0.3333333333333333,-0.3333333333333333,-0.11666666666666667
253.70000000000002,1700000253.7,1700000253700000000,1,15.433333333333328,15.433333333333328,10.401666666666664,-0.3333333333333333,-0.3333333333333333,-0.11666666666666667
253.8,1700000253.8,1700000253800000000,1,15.399999999999997,15.399999999999997,10.389999999999999,-0.3333333333333333,-0.3333333333333333,-0.11666666666666667
253.9,1700000253.9,1700000253900000000,1,15.366666666666664,15.366666666666664,10.378333333333332,-0.3333333333333333,-0.3333333333333333,-0.11666666666666667
254.0,1700000254.0,1700000254000000000,1,15.333333333333332,15.333333333333332,10.366666666666667,-0.3333333333333333,-0.3333333333333333,-0.11666666666666667
254.10000000000002,1700000254.1,1700000254100000000,1,15.299999999999994,15.299999999999994,10.354999999999997,-0.3333333333333333,-0.3333333333333333,-0.11666666666666667
254.20000000000002,1700000254.2,1700000254200000000,1,15.266666666666662,15.266666666666662,10.343333333333332,-0.3333333333333333,-0.3333333333333333,-0.11666666666666667
254.3,1700000254.3,1700000254300000000,1,15.233333333333329,15.233333333333329,10.331666666666665,-0.3333333333333333,-0.3333333333333333,-0.11666666666666667
254.4,1700000254.4,1700000254400000000,1,15.199999999999998,15.199999999999998,10.32,-0.3333333333333333,-0.3333333333333333,-0.11666666666666667
254.5,1700000254.5,1700000254500000000,1,15.166666666666668,15.166666666666668,10.308333333333334,-0.3333333333333333,-0.3333333333333333,-0.11666666666666667
254.60000000000002,1700000254.6,1700000254600000000,1,15.133333333333326,15.133333333333326,10.296666666666663,-0.3333333333333333,-0.3333333333333333,-0.11666666666666667
254.70000000000002,1700000254.7,1700000254700000000,1,15.099999999999994,15.099999999999994,10.284999999999998,-0.3333333333333333,-0.3333333333333333,-0.11666666666666667
254.8,1700000254.8,1700000254800000000,1,15.066666666666663,15.066666666666663,10.273333333333332,-0.3333333333333333,-0.3333333333333333,-0.11666666666666667
254.9,1700000254.9,1700000254900000000,1,15.033333333333331,15.033333333333331,10.261666666666667,-0.3333333333333333,-0.3333333333333333,-0.11666666666666667
255.0,1700000255.0,1700000255000000000,1,15.0,15.0,10.25,-0.3333333333333333,-0.3333333333333333,-0.11666666666666667
255.10000000000002,1700000255.1,1700000255100000000,1,14.96666666666666,14.96666666666666,10.23833333333333,-0.3333333333333333,-0.3333333333333333,-0.11666666666666667
255.20000000000002,1700000255.2,1700000255200000000,1,14.933333333333326,14.933333333333326,10.226666666666665,-0.3333333333333333,-0.3333333333333333,-0.11666666666666667
255.3,1700000255.3,1700000255300000000,1,14.899999999999997,14.899999999999997,10.214999999999998,-0.3333333333333333,-0.3333333333333333,-0.11666666666666667
255.4,1700000255.4,1700000255400000000,1,14.866666666666664,14.866666666666664,10.203333333333333,-0.3333333333333333,-0.3333333333333333,-0.11666666666666667
255.5,1700000255.5,1700000255500000000,1,14.833333333333332,14.833333333333332,10.191666666666666,-0.3333333333333333,-0.3333333333333333,-0.11666666666666667
255.60000000000002,1700000255.6,1700000255600000000,1,14.799999999999992,14.799999999999992,10.179999999999998,-0.3333333333333333,-0.3333333333333333,-0.11666666666666667
255.70000000000002,1700000255.7,1700000255700000000,1,14.766666666666662,14.766666666666662,10.168333333333331,-0.3333333333333333,-0.3333333333333333,-0.11666666666666667
255.8,1700000255.8,1700000255800000000,1,14.733333333333329,14.733333333333329,10.156666666666666,-0.3333333333333333,-0.3333333333333333,-0.11666666666666667
255.9,1700000255.9,1700000255900000000,1,14.7,14.7,10.145,-0.3333333333333333,-0.3333333333333333,-0.11666666666666667
256.0,1700000256.0,1700000256000000000,1,14.666666666666668,14.666666666666668,10.133333333333333,-0.3333333333333333,-0.3333333333333333,-0.11666666666666667
256.1,1700000256.1,1700000256100000000,1,14.633333333333326,14.633333333333326,10.121666666666664,-0.3333333333333333,-0.3333333333333333,-0.11666666666666667
256.2,1700000256.2,1700000256200000000,1,14.600000000000005,14.600000000000005,10.110000000000001,-0.3333333333333333,-0.3333333333333333,-0.11666666666666667
256.3,1700000256.3,1700000256300000000,1,14.566666666666663,14.566666666666663,10.098333333333333,-0.3333333333333333,-0.3333333333333333,-0.11666666666666667
256.40000000000003,1700000256.4,1700000256400000000,1,14.53333333333332,14.53333333333332,10.086666666666662,-0.3333333333333333,-0.3333333333333333,-0.11666666666666667
256.5,1700000256.5,1700000256500000000,1,14.5,14.5,10.075,-0.3333333333333333,-0.3333333333333333,-0.11666666666666667
256.6,1700000256.6,1700000256600000000,1,14.466666666666658,14.466666666666658,10.06333333333333,-0.3333333333333333,-0.3333333333333333,-0.11666666666666667
256.7,1700000256.7,1700000256700000000,1,14.433333333333337,14.433333333333337,10.051666666666668,-0.3333333333333333,-0.3333333333333333,-0.11666666666666667
256.8,1700000256.8,1700000256800000000,1,14.399999999999995,14.399999999999995,10.04,-0.3333333333333333,-0.3333333333333333,-0.11666666666666667
256.90000000000003,1700000256.9,1700000256900000000,1,14.366666666666656,14.366666666666656,10.028333333333329,-0.3333333333333333,-0.3333333333333333,-0.11666666666666667
257.0,1700000257.0,1700000257000000000,1,14.333333333333334,14.333333333333334,10.016666666666666,-0.3333333333333333,-0.3333333333333333,-0.11666666666666667
257.1,1700000257.1,1700000257100000000,1,14.299999999999994,14.299999999999994,10.004999999999997,-0.3333333333333333,-0.3333333333333333,-0.11666666666666667
257.2,1700000257.2,1700000257200000000,1,14.266666666666671,14.266666666666671,9.993333333333336,-0.3333333333333333,-0.3333333333333333,-0.11666666666666667
257.3,1700000257.3,1700000257300000000,1,14.23333333333333,14.23333333333333,9.981666666666666,-0.3333333333333333,-0.3333333333333333,-0.11666666666666667
257.40000000000003,1700000257.4,1700000257400000000,1,14.199999999999989,14.199999999999989,9.969999999999995,-0.3333333333333333,-0.3333333333333333,-0.11666666666666667
257.5,1700000257.5,1700000257500000000,1,14.166666666666666,14.166666666666666,9.958333333333332,-0.3333333333333333,-0.3333333333333333,-0.11666666666666667
257.6,1700000257.6,1700000257600000000,1,14.133333333333326,14.133333333333326,9.946666666666664,-0.3333333333333333,-0.3333333333333333,-0.11666666666666667
257.7,1700000257.7,1700000257700000000,1,14.100000000000003,14.100000000000003,9.935000000000002,-0.3333333333333333,-0.3333333333333333,-0.11666666666666667
257.8,1700000257.8,1700000257800000000,1,14.066666666666663,14.066666666666663,9.923333333333332,-0.3333333333333333,-0.3333333333333333,-0.11666666666666667
257.90000000000003,1700000257.9,1700000257900000000,1,14.033333333333323,14.033333333333323,9.911666666666662,-0.3333333333333333,-0.3333333333333333,-0.11666666666666667
258.0,1700000258.0,1700000258000000000,1,14.0,14.0,9.9,-0.3333333333333333,-0.3333333333333333,-0.11666666666666667
258.1,1700000258.1,1700000258100000000,1,13.96666666666666,13.96666666666666,9.888333333333332,-0.3333333333333333,-0.3333333333333333,-0.11666666666666667
258.2,1700000258.2,1700000258200000000,1,13.933333333333337,13.933333333333337,9.876666666666669,-0.3333333333333333,-0.3333333333333333,-0.11666666666666667
258.3,1700000258.3,1700000258300000000,1,13.899999999999995,13.899999999999995,9.864999999999998,-0.3333333333333333,-0.3333333333333333,-0.11666666666666667
258.40000000000003,1700000258.4,1700000258400000000,1,13.866666666666655,13.866666666666655,9.853333333333328,-0.3333333333333333,-0.3333333333333333,-0.11666666666666667
258.5,1700000258.5,1700000258500000000,1,13.833333333333332,13.833333333333332,9.841666666666667,-0.3333333333333333,-0.3333333333333333,-0.11666666666666667
258.6,1700000258.6,1700000258600000000,1,13.799999999999992,13.799999999999992,9.829999999999998,-0.3333333333333333,-0.3333333333333333,-0.11666666666666667
258.7,1700000258.7,1700000258700000000,1,13.76666666666667,13.76666666666667,9.818333333333335,-0.3333333333333333,-0.3333333333333333,-0.11666666666666667
258.8,1700000258.8,1700000258800000000,1,13.73333333333333,13.73333333333333,9.806666666666665,-0.3333333333333333,-0.3333333333333333,-0.11666666666666667
258.90000000000003,1700000258.9,1700000258900000000,1,13.699999999999989,13.699999999999989,9.794999999999996,-0.3333333333333333,-0.3333333333333333,-0.11666666666666667
259.0,1700000259.0,1700000259000000000,1,13.666666666666668,13.666666666666668,9.783333333333333,-0.3333333333333333,-0.3333333333333333,-0.11666666666666667
259.1,1700000259.1,1700000259100000000,1,13.633333333333326,13.633333333333326,9.771666666666665,-0.3333333333333333,-0.3333333333333333,-0.11666666666666667
259.2,1700000259.2,1700000259200000000,1,13.600000000000005,13.600000000000005,9.760000000000002,-0.3333333333333333,-0.3333333333333333,-0.11666666666666667
259.3,1700000259.3,1700000259300000000,1,13.566666666666663,13.566666666666663,9.748333333333331,-0.3333333333333333,-0.3333333333333333,-0.11666666666666667
259.40000000000003,1700000259.4,1700000259400000000,1,13.53333333333332,13.53333333333332,9.736666666666663,-0.3333333333333333,-0.3333333333333333,-0.11666666666666667
259.5,1700000259.5,1700000259500000000,1,13.5,13.5,9.725,-0.3333333333333333,-0.3333333333333333,-0.11666666666666667
259.6,1700000259.6,1700000259600000000,1,13.466666666666658,13.466666666666658,9.713333333333331,-0.3333333333333333,-0.3333333333333333,-0.11666666666666667
259.7,1700000259.7,1700000259700000000,1,13.433333333333337,13.433333333333337,9.701666666666668,-0.3333333333333333,-0.3333333333333333,-0.11666666666666667
259.8,1700000259.8,1700000259800000000,1,13.399999999999997,13.399999999999997,9.689999999999998,-0.3333333333333333,-0.3333333333333333,-0.11666666666666667
259.90000000000003,1700000259.9,1700000259900000000,1,13.366666666666656,13.366666666666656,9.67833333333333,-0.3333333333333333,-0.3333333333333333,-0.11666666666666667
260.0,1700000260.0,1700000260000000000,1,13.333333333333334,13.333333333333334,9.666666666666668,-0.3333333333333333,-0.3333333333333333,-0.11666666666666667
260.1,1700000260.1,1700000260100000000,1,13.299999999999994,13.299999999999994,9.654999999999998,-0.3333333333333333,-0.3333333333333333,-0.11666666666666667
260.2,1700000260.2,1700000260200000000,1,13.26666666666667,13.26666666666667,9.643333333333334,-0.3333333333333333,-0.3333333333333333,-0.11666666666666667
260.3,1700000260.3,1700000260300000000,1,13.233333333333329,13.233333333333329,9.631666666666664,-0.3333333333333333,-0.3333333333333333,-0.11666666666666667
260.40000000000003,1700000260.4,1700000260400000000,1,13.199999999999989,13.199999999999989,9.619999999999996,-0.3333333333333333,-0.3333333333333333,-0.11666666666666667
260.5,1700000260.5,1700000260500000000,1,13.166666666666666,13.166666666666666,9.608333333333334,-0.3333333333333333,-0.3333333333333333,-0.11666666666666667
260.6,1700000260.6,1700000260600000000,1,13.133333333333326,13.133333333333326,9.596666666666664,-0.3333333333333333,-0.3333333333333333,-0.11666666666666667
260.7,1700000260.7,1700000260700000000,1,13.100000000000005,13.100000000000005,9.585,-0.3333333333333333,-0.3333333333333333,-0.11666666666666667
260.8,1700000260.8,1700000260800000000,1,13.066666666666663,13.066666666666663,9.573333333333332,-0.3333333333333333,-0.3333333333333333,-0.11666666666666667
260.90000000000003,1700000260.9,1700000260900000000,1,13.033333333333323,13.033333333333323,9.561666666666664,-0.3333333333333333,-0.3333333333333333,-0.11666666666666667
261.0,1700000261.0,1700000261000000000,1,13.0,13.0,9.55,-0.3333333333333333,-0.3333333333333333,-0.11666666666666667
261.1,1700000261.1,1700000261100000000,1,12.966666666666658,12.966666666666658,9.53833333333333,-0.3333333333333333,-0.3333333333333333,-0.11666666666666667
261.2,1700000261.2,1700000261200000000,1,12.933333333333337,12.933333333333337,9.526666666666667,-0.3333333333333333,-0.3333333333333333,-0.11666666666666667
261.3,1700000261.3,1700000261300000000,1,12.899999999999995,12.899999999999995,9.514999999999999,-0.3333333333333333,-0.3333333333333333,-0.11666666666666667
261.40000000000003,1700000261.4,1700000261400000000,1,12.866666666666655,12.866666666666655,9.50333333333333,-0.3333333333333333,-0.3333333333333333,-0.11666666666666667
261.5,1700000261.5,1700000261500000000,1,12.833333333333332,12.833333333333332,9.491666666666667,-0.3333333333333333,-0.3333333333333333,-0.11666666666666667
261.6,1700000261.6,1700000261600000000,1,12.799999999999994,12.799999999999994,9.479999999999997,-0.3333333333333333,-0.3333333333333333,-0.11666666666666667
261.7,1700000261.7,1700000261700000000,1,12.766666666666671,12.766666666666671,9.468333333333334,-0.3333333333333333,-0.3333333333333333,-0.11666666666666667
261.8,1700000261.8,1700000261800000000,1,12.73333333333333,12.73333333333333,9.456666666666665,-0.3333333333333333,-0.3333333333333333,-0.11666666666666667
261.90000000000003,1700000261.9,1700000261900000000,1,12.699999999999989,12.699999999999989,9.444999999999997,-0.3333333333333333,-0.3333333333333333,-0.11666666666666667
262.0,1700000262.0,1700000262000000000,1,12.666666666666668,12.666666666666668,9.433333333333334,-0.3333333333333333,-0.3333333333333333,-0.11666666666666667
262.1,1700000262.1,1700000262100000000,1,12.633333333333326,12.633333333333326,9.421666666666663,-0.3333333333333333,-0.3333333333333333,-0.11666666666666667
262.2,1700000262.2,1700000262200000000,1,12.600000000000003,12.600000000000003,9.41,-0.3333333333333333,-0.3333333333333333,-0.11666666666666667
262.3,1700000262.3,1700000262300000000,1,12.566666666666663,12.566666666666663,9.398333333333332,-0.3333333333333333,-0.3333333333333333,-0.11666666666666667
262.40000000000003,1700000262.4,1700000262400000000,1,12.53333333333332,12.53333333333332,9.386666666666663,-0.3333333333333333,-0.3333333333333333,-0.11666666666666667
262.5,1700000262.5,1700000262500000000,1,12.5,12.5,9.375,-0.3333333333333333,-0.3333333333333333,-0.11666666666666667
262.6,1700000262.6,1700000262600000000,1,12.46666666666666,12.46666666666666,9.36333333333333,-0.3333333333333333,-0.3333333333333333,-0.11666666666666667
262.7,1700000262.7,1700000262700000000,1,12.433333333333337,12.433333333333337,9.351666666666668,-0.3333333333333333,-0.3333333333333333,-0.11666666666666667
262.8,1700000262.8,1700000262800000000,1,12.399999999999997,12.399999999999997,9.34,-0.3333333333333333,-0.3333333333333333,-0.11666666666666667
262.90000000000003,1700000262.9,1700000262900000000,1,12.366666666666656,12.366666666666656,9.32833333333333,-0.3333333333333333,-0.3333333333333333,-0.11666666666666667
263.0,1700000263.0,1700000263000000000,1,12.333333333333332,12.333333333333332,9.316666666666666,-0.3333333333333333,-0.3333333333333333,-0.11666666666666667
263.1,1700000263.1,1700000263100000000,1,12.299999999999992,12.299999999999992,9.304999999999996,-0.3333333333333333,-0.3333333333333333,-0.11666666666666667
263.2,1700000263.2,1700000263200000000,1,12.26666666666667,12.26666666666667,9.293333333333335,-0.3333333333333333,-0.3333333333333333,-0.11666666666666667
263.3,1700000263.3,1700000263300000000,1,12.233333333333329,12.233333333333329,9.281666666666666,-0.3333333333333333,-0.3333333333333333,-0.11666666666666667
263.40000000000003,1700000263.4,1700000263400000000,1,12.199999999999989,12.199999999999989,9.269999999999996,-0.3333333333333333,-0.3333333333333333,-0.11666666666666667
263.5,1700000263.5,1700000263500000000,1,12.166666666666668,12.166666666666668,9.258333333333333,-0.3333333333333333,-0.3333333333333333,-0.11666666666666667
263.6,1700000263.6,1700000263600000000,1,12.133333333333326,12.133333333333326,9.246666666666664,-0.3333333333333333,-0.3333333333333333,-0.11666666666666667
263.7,1700000263.7,1700000263700000000,1,12.100000000000005,12.100000000000005,9.235000000000001,-0.3333333333333333,-0.3333333333333333,-0.11666666666666667
263.8,1700000263.8,1700000263800000000,1,12.066666666666663,12.066666666666663,9.223333333333333,-0.3333333333333333,-0.3333333333333333,-0.11666666666666667
263.90000000000003,1700000263.9,1700000263900000000,1,12.03333333333332,12.03333333333332,9.211666666666662,-0.3333333333333333,-0.3333333333333333,-0.11666666666666667
264.0,1700000264.0,1700000264000000000,1,12.0,12.0,9.2,-0.3333333333333333,-0.3333333333333333,-0.11666666666666667
264.1,1700000264.1,1700000264100000000,1,11.966666666666658,11.966666666666658,9.18833333333333,-0.3333333333333333,-0.3333333333333333,-0.11666666666666667
264.2,1700000264.2,1700000264200000000,1,11.933333333333337,11.933333333333337,9.176666666666668,-0.3333333333333333,-0.3333333333333333,-0.11666666666666667
264.3,1700000264.3,1700000264300000000,1,11.899999999999997,11.899999999999997,9.165,-0.3333333333333333,-0.3333333333333333,-0.11666666666666667
264.40000000000003,1700000264.4,1700000264400000000,1,11.866666666666655,11.866666666666655,9.153333333333329,-0.3333333333333333,-0.3333333333333333,-0.11666666666666667
264.5,1700000264.5,1700000264500000000,1,11.833333333333334,11.833333333333334,9.141666666666666,-0.3333333333333333,-0.3333333333333333,-0.11666666666666667
264.6,1700000264.6,1700000264600000000,1,11.799999999999994,11.799999999999994,9.129999999999997,-0.3333333333333333,-0.3333333333333333,-0.11666666666666667
264.7,1700000264.7,1700000264700000000,1,11.766666666666671,11.766666666666671,9.118333333333336,-0.3333333333333333,-0.3333333333333333,-0.11666666666666667
264.8,1700000264.8,1700000264800000000,1,11.73333333333333,11.73333333333333,9.106666666666666,-0.3333333333333333,-0.3333333333333333,-0.11666666666666667
264.90000000000003,1700000264.9,1700000264900000000,1,11.699999999999989,11.699999999999989,9.094999999999995,-0.3333333333333333,-0.3333333333333333,-0.11666666666666667
265.0,1700000265.0,1700000265000000000,1,11.666666666666666,11.666666666666666,9.083333333333332,-0.3333333333333333,-0.3333333333333333,-0.11666666666666667
265.1,1700000265.1,1700000265100000000,1,11.633333333333326,11.633333333333326,9.071666666666664,-0.3333333333333333,-0.3333333333333333,-0.11666666666666667
265.2,1700000265.2,1700000265200000000,1,11.600000000000003,11.600000000000003,9.060000000000002,-0.3333333333333333,-0.3333333333333333,-0.11666666666666667
265.3,1700000265.3,1700000265300000000,1,11.566666666666663,11.566666666666663,9.048333333333332,-0.3333333333333333,-0.3333333333333333,-0.11666666666666667
265.40000000000003,1700000265.4,1700000265400000000,1,11.533333333333323,11.533333333333323,9.036666666666662,-0.3333333333333333,-0.3333333333333333,-0.11666666666666667
265.5,1700000265.5,1700000265500000000,1,11.5,11.5,9.025,-0.3333333333333333,-0.3333333333333333,-0.11666666666666667
265.6,1700000265.6,1700000265600000000,1,11.46666666666666,11.46666666666666,9.013333333333332,-0.3333333333333333,-0.3333333333333333,-0.11666666666666667
265.7,1700000265.7,1700000265700000000,1,11.433333333333337,11.433333333333337,9.001666666666669,-0.3333333333333333,-0.3333333333333333,-0.11666666666666667
265.8,1700000265.8,1700000265800000000,1,11.399999999999995,11.399999999999995,8.989999999999998,-0.3333333333333333,-0.3333333333333333,-0.11666666666666667
265.90000000000003,1700000265.9,1700000265900000000,1,11.366666666666655,11.366666666666655,8.978333333333328,-0.3333333333333333,-0.3333333333333333,-0.11666666666666667
266.0,1700000266.0,1700000266000000000,1,11.333333333333332,11.333333333333332,8.966666666666667,-0.3333333333333333,-0.3333333333333333,-0.11666666666666667
266.1,1700000266.1,1700000266100000000,1,11.299999999999992,11.299999999999992,8.954999999999998,-0.3333333333333333,-0.3333333333333333,-0.11666666666666667
266.2,1700000266.2,1700000266200000000,1,11.266666666666671,11.266666666666671,8.943333333333335,-0.3333333333333333,-0.3333333333333333,-0.11666666666666667
266.3,1700000266.3,1700000266300000000,1,11.233333333333329,11.233333333333329,8.931666666666665,-0.3333333333333333,-0.3333333333333333,-0.11666666666666667
266.40000000000003,1700000266.4,1700000266400000000,1,11.199999999999989,11.199999999999989,8.919999999999996,-0.3333333333333333,-0.3333333333333333,-0.11666666666666667
266.5,1700000266.5,1700000266500000000,1,11.166666666666668,11.166666666666668,8.908333333333333,-0.3333333333333333,-0.3333333333333333,-0.11666666666666667
266.6,1700000266.6,1700000266600000000,1,11.133333333333326,11.133333333333326,8.896666666666665,-0.3333333333333333,-0.3333333333333333,-0.11666666666666667
266.7,1700000266.7,1700000266700000000,1,11.100000000000005,11.100000000000005,8.885000000000002,-0.3333333333333333,-0.3333333333333333,-0.11666666666666667
266.8,1700000266.8,1700000266800000000,1,11.066666666666663,11.066666666666663,8.873333333333331,-0.3333333333333333,-0.3333333333333333,-0.11666666666666667
266.90000000000003,1700000266.9,1700000266900000000,1,11.03333333333332,11.03333333333332,8.861666666666663,-0.3333333333333333,-0.3333333333333333,-0.11666666666666667
267.0,1700000267.0,1700000267000000000,1,11.0,11.0,8.85,-0.3333333333333333,-0.3333333333333333,-0.11666666666666667
267.1,1700000267.1,1700000267100000000,1,10.96666666666666,10.96666666666666,8.838333333333331,-0.3333333333333333,-0.3333333333333333,-0.11666666666666667
267.2,1700000267.2,1700000267200000000,1,10.933333333333337,10.933333333333337,8.826666666666668,-0.3333333333333333,-0.3333333333333333,-0.11666666666666667
267.3,1700000267.3,1700000267300000000,1,10.899999999999997,10.899999999999997,8.814999999999998,-0.3333333333333333,-0.3333333333333333,-0.11666666666666667
267.40000000000003,1700000267.4,1700000267400000000,1,10.866666666666656,10.866666666666656,8.80333333333333,-0.3333333333333333,-0.3333333333333333,-0.11666666666666667
267.5,1700000267.5,1700000267500000000,1,10.833333333333334,10.833333333333334,8.791666666666668,-0.3333333333333333,-0.3333333333333333,-0.11666666666666667
267.6,1700000267.6,1700000267600000000,1,10.799999999999994,10.799999999999994,8.779999999999998,-0.3333333333333333,-0.3333333333333333,-0.11666666666666667
267.7,1700000267.7,1700000267700000000,1,10.76666666666667,10.76666666666667,8.768333333333334,-0.3333333333333333,-0.3333333333333333,-0.11666666666666667
267.8,1700000267.8,1700000267800000000,1,10.733333333333329,10.733333333333329,8.756666666666664,-0.3333333333333333,-0.3333333333333333,-0.11666666666666667
267.90000000000003,1700000267.9,1700000267900000000,1,10.699999999999989,10.699999999999989,8.744999999999996,-0.3333333333333333,-0.3333333333333333,-0.11666666666666667
268.0,1700000268.0,1700000268000000000,1,10.666666666666666,10.666666666666666,8.733333333333334,-0.3333333333333333,-0.3333333333333333,-0.11666666666666667
268.1,1700000268.1,1700000268100000000,1,10.633333333333326,10.633333333333326,8.721666666666664,-0.3333333333333333,-0.3333333333333333,-0.11666666666666667
268.2,1700000268.2,1700000268200000000,1,10.600000000000003,10.600000000000003,8.71,-0.3333333333333333,-0.3333333333333333,-0.11666666666666667
268.3,1700000268.3,1700000268300000000,1,10.566666666666663,10.566666666666663,8.698333333333332,-0.3333333333333333,-0.3333333333333333,-0.11666666666666667
268.40000000000003,1700000268.4,1700000268400000000,1,10.533333333333323,10.533333333333323,8.686666666666664,-0.3333333333333333,-0.3333333333333333,-0.11666666666666667
268.5,1700000268.5,1700000268500000000,1,10.5,10.5,8.675,-0.3333333333333333,-0.3333333333333333,-0.11666666666666667
268.6,1700000268.6,1700000268600000000,1,10.466666666666658,10.466666666666658,8.66333333333333,-0.3333333333333333,-0.3333333333333333,-0.11666666666666667
268.7,1700000268.7,1700000268700000000,1,10.433333333333337,10.433333333333337,8.651666666666667,-0.3333333333333333,-0.3333333333333333,-0.11666666666666667
268.8,1700000268.8,1700000268800000000,1,10.399999999999995,10.399999999999995,8.639999999999999,-0.3333333333333333,-0.3333333333333333,-0.11666666666666667
268.90000000000003,1700000268.9,1700000268900000000,1,10.366666666666655,10.366666666666655,8.62833333333333,-0.3333333333333333,-0.3333333333333333,-0.11666666666666667
269.0,1700000269.0,1700000269000000000,1,10.333333333333334,10.333333333333334,8.616666666666667,-0.3333333333333333,-0.3333333333333333,-0.11666666666666667
269.1,1700000269.1,1700000269100000000,1,10.299999999999992,10.299999999999992,8.604999999999997,-0.3333333333333333,-0.3333333333333333,-0.11666666666666667
269.2,1700000269.2,1700000269200000000,1,10.266666666666671,10.266666666666671,8.593333333333334,-0.3333333333333333,-0.3333333333333333,-0.11666666666666667
269.3,1700000269.3,1700000269300000000,1,10.23333333333333,10.23333333333333,8.581666666666665,-0.3333333333333333,-0.3333333333333333,-0.11666666666666667
269.40000000000003,1700000269.4,1700000269400000000,1,10.199999999999989,10.199999999999989,8.569999999999997,-0.3333333333333333,-0.3333333333333333,-0.11666666666666667
269.5,1700000269.5,1700000269500000000,1,10.166666666666668,10.166666666666668,8.558333333333334,-0.3333333333333333,-0.3333333333333333,-0.11666666666666667
269.6,1700000269.6,1700000269600000000,1,10.133333333333326,10.133333333333326,8.546666666666663,-0.3333333333333333,-0.3333333333333333,-0.11666666666666667
269.7,1700000269.7,1700000269700000000,1,10.100000000000003,10.100000000000003,8.535,-0.3333333333333333,-0.3333333333333333,-0.11666666666666667
269.8,1700000269.8,1700000269800000000,1,10.066666666666663,10.066666666666663,8.523333333333332,-0.3333333333333333,-0.3333333333333333,-0.11666666666666667
269.90000000000003,1700000269.9,1700000269900000000,1,10.033333333333323,10.033333333333323,8.511666666666663,-0.3333333333333333,-0.3333333333333333,-0.11666666666666667
270.0,1700000270.0,1700000270000000000,1,10.0,10.0,8.5,-0.3333333333333333,-0.3333333333333333,-0.11666666666666667
270.1,1700000270.1,1700000270100000000,1,9.96666666666666,9.96666666666666,8.48833333333333,-0.3333333333333333,-0.3333333333333333,-0.11666666666666667
270.2,1700000270.2,1700000270200000000,1,9.933333333333337,9.933333333333337,8.476666666666667,-0.3333333333333333,-0.3333333333333333,-0.11666666666666667
270.3,1700000270.3,1700000270300000000,1,9.899999999999995,9.899999999999995,8.464999999999998,-0.3333333333333333,-0.3333333333333333,-0.11666666666666667
270.40000000000003,1700000270.4,1700000270400000000,1,9.866666666666655,9.866666666666655,8.45333333333333,-0.3333333333333333,-0.3333333333333333,-0.11666666666666667
270.5,1700000270.5,1700000270500000000,1,9.833333333333334,9.833333333333334,8.441666666666666,-0.3333333333333333,-0.3333333333333333,-0.11666666666666667
270.6,1700000270.6,1700000270600000000,1,9.799999999999994,9.799999999999994,8.429999999999998,-0.3333333333333333,-0.3333333333333333,-0.11666666666666667
270.7,1700000270.7,1700000270700000000,1,9.76666666666667,9.76666666666667,8.418333333333335,-0.3333333333333333,-0.3333333333333333,-0.11666666666666667
270.8,1700000270.8,1700000270800000000,1,9.733333333333329,9.733333333333329,8.406666666666666,-0.3333333333333333,-0.3333333333333333,-0.11666666666666667
270.90000000000003,1700000270.9,1700000270900000000,1,9.699999999999989,9.699999999999989,8.394999999999996,-0.3333333333333333,-0.3333333333333333,-0.11666666666666667
271.0,1700000271.0,1700000271000000000,1,9.666666666666666,9.666666666666666,8.383333333333333,-0.3333333333333333,-0.3333333333333333,-0.11666666666666667
271.1,1700000271.1,1700000271100000000,1,9.633333333333326,9.633333333333326,8.371666666666663,-0.3333333333333333,-0.3333333333333333,-0.11666666666666667
271.2,1700000271.2,1700000271200000000,1,9.600000000000005,9.600000000000005,8.360000000000001,-0.3333333333333333,-0.3333333333333333,-0.11666666666666667
271.3,1700000271.3,1700000271300000000,1,9.566666666666663,9.566666666666663,8.348333333333333,-0.3333333333333333,-0.3333333333333333,-0.11666666666666667
271.40000000000003,1700000271.4,1700000271400000000,1,9.533333333333323,9.533333333333323,8.336666666666662,-0.3333333333333333,-0.3333333333333333,-0.11666666666666667
271.5,1700000271.5,1700000271500000000,1,9.5,9.5,8.325,-0.3333333333333333,-0.3333333333333333,-0.11666666666666667
271.6,1700000271.6,1700000271600000000,1,9.466666666666658,9.466666666666658,8.31333333333333,-0.3333333333333333,-0.3333333333333333,-0.11666666666666667
271.7,1700000271.7,1700000271700000000,1,9.433333333333337,9.433333333333337,8.30166666666667,-0.3333333333333333,-0.3333333333333333,-0.11666666666666667
271.8,1700000271.8,1700000271800000000,1,9.399999999999997,9.399999999999997,8.29,-0.3333333333333333,-0.3333333333333333,-0.11666666666666667
271.90000000000003,1700000271.9,1700000271900000000,1,9.366666666666655,9.366666666666655,8.278333333333329,-0.3333333333333333,-0.3333333333333333,-0.11666666666666667
272.0,1700000272.0,1700000272000000000,1,9.333333333333334,9.333333333333334,8.266666666666666,-0.3333333333333333,-0.3333333333333333,-0.11666666666666667
272.1,1700000272.1,1700000272100000000,1,9.299999999999994,9.299999999999994,8.254999999999997,-0.3333333333333333,-0.3333333333333333,-0.11666666666666667
272.2,1700000272.2,1700000272200000000,1,9.26666666666667,9.26666666666667,8.243333333333334,-0.3333333333333333,-0.3333333333333333,-0.11666666666666667
272.3,1700000272.3,1700000272300000000,1,9.233333333333329,9.233333333333329,8.231666666666666,-0.3333333333333333,-0.3333333333333333,-0.11666666666666667
272.40000000000003,1700000272.4,1700000272400000000,1,9.199999999999989,9.199999999999989,8.219999999999995,-0.3333333333333333,-0.3333333333333333,-0.11666666666666667
272.5,1700000272.5,1700000272500000000,1,9.166666666666668,9.166666666666668,8.208333333333334,-0.3333333333333333,-0.3333333333333333,-0.11666666666666667
272.6,1700000272.6,1700000272600000000,1,9.133333333333326,9.133333333333326,8.196666666666665,-0.3333333333333333,-0.3333333333333333,-0.11666666666666667
272.7,1700000272.7,1700000272700000000,1,9.100000000000003,9.100000000000003,8.185000000000002,-0.3333333333333333,-0.3333333333333333,-0.11666666666666667
272.8,1700000272.8,1700000272800000000,1,9.066666666666663,9.066666666666663,8.173333333333332,-0.3333333333333333,-0.3333333333333333,-0.11666666666666667
272.90000000000003,1700000272.9,1700000272900000000,1,9.033333333333323,9.033333333333323,8.161666666666662,-0.3333333333333333,-0.3333333333333333,-0.11666666666666667
273.0,1700000273.0,1700000273000000000,1,9.0,9.0,8.149999999999999,-0.3333333333333333,-0.3333333333333333,-0.11666666666666667
273.1,1700000273.1,1700000273100000000,1,8.966666666666658,8.966666666666658,8.13833333333333,-0.3333333333333333,-0.3333333333333333,-0.11666666666666667
273.2,1700000273.2,1700000273200000000,1,8.933333333333337,8.933333333333337,8.126666666666669,-0.3333333333333333,-0.3333333333333333,-0.11666666666666667
273.3,1700000273.3,1700000273300000000,1,8.899999999999997,8.899999999999997,8.114999999999998,-0.3333333333333333,-0.3333333333333333,-0.11666666666666667
273.40000000000003,1700000273.4,1700000273400000000,1,8.866666666666656,8.866666666666656,8.10333333333333,-0.3333333333333333,-0.3333333333333333,-0.11666666666666667
273.5,1700000273.5,1700000273500000000,1,8.833333333333332,8.833333333333332,8.091666666666667,-0.3333333333333333,-0.3333333333333333,-0.11666666666666667
273.6,1700000273.6,1700000273600000000,1,8.799999999999992,8.799999999999992,8.079999999999998,-0.3333333333333333,-0.3333333333333333,-0.11666666666666667
273.7,1700000273.7,1700000273700000000,1,8.766666666666671,8.766666666666671,8.068333333333335,-0.3333333333333333,-0.3333333333333333,-0.11666666666666667
273.8,1700000273.8,1700000273800000000,1,8.733333333333329,8.733333333333329,8.056666666666665,-0.3333333333333333,-0.3333333333333333,-0.11666666666666667
273.90000000000003,1700000273.9,1700000273900000000,1,8.699999999999989,8.699999999999989,8.044999999999995,-0.3333333333333333,-0.3333333333333333,-0.11666666666666667
274.0,1700000274.0,1700000274000000000,1,8.666666666666668,8.666666666666668,8.033333333333333,-0.3333333333333333,-0.3333333333333333,-0.11666666666666667
274.1,1700000274.1,1700000274100000000,1,8.633333333333326,8.633333333333326,8.021666666666665,-0.3333333333333333,-0.3333333333333333,-0.11666666666666667
274.2,1700000274.2,1700000274200000000,1,8.600000000000003,8.600000000000003,8.010000000000002,-0.3333333333333333,-0.3333333333333333,-0.11666666666666667
274.3,1700000274.3,1700000274300000000,1,8.566666666666663,8.566666666666663,7.998333333333332,-0.3333333333333333,-0.3333333333333333,-0.11666666666666667
274.40000000000003,1700000274.4,1700000274400000000,1,8.53333333333332,8.53333333333332,7.986666666666663,-0.3333333333333333,-0.3333333333333333,-0.11666666666666667
274.5,1700000274.5,1700000274500000000,1,8.5,8.5,7.9750000000000005,-0.3333333333333333,-0.3333333333333333,-0.11666666666666667
274.6,1700000274.6,1700000274600000000,1,8.46666666666666,8.46666666666666,7.963333333333331,-0.3333333333333333,-0.3333333333333333,-0.11666666666666667
274.7,1700000274.7,1700000274700000000,1,8.433333333333337,8.433333333333337,7.951666666666668,-0.3333333333333333,-0.3333333333333333,-0.11666666666666667
274.8,1700000274.8,1700000274800000000,1,8.399999999999997,8.399999999999997,7.939999999999999,-0.3333333333333333,-0.3333333333333333,-0.11666666666666667
274.90000000000003,1700000274.9,1700000274900000000,1,8.366666666666656,8.366666666666656,7.928333333333329,-0.3333333333333333,-0.3333333333333333,-0.11666666666666667
275.0,1700000275.0,1700000275000000000,1,8.333333333333332,8.333333333333332,7.916666666666666,-0.3333333333333333,-0.3333333333333333,-0.11666666666666667
275.1,1700000275.1,1700000275100000000,1,8.299999999999992,8.299999999999992,7.904999999999998,-0.3333333333333333,-0.3333333333333333,-0.11666666666666667
275.2,1700000275.2,1700000275200000000,1,8.266666666666671,8.266666666666671,7.893333333333334,-0.3333333333333333,-0.3333333333333333,-0.11666666666666667
275.3,1700000275.3,1700000275300000000,1,8.23333333333333,8.23333333333333,7.881666666666666,-0.3333333333333333,-0.3333333333333333,-0.11666666666666667
275.40000000000003,1700000275.4,1700000275400000000,1,8.199999999999989,8.199999999999989,7.8699999999999966,-0.3333333333333333,-0.3333333333333333,-0.11666666666666667
275.5,1700000275.5,1700000275500000000,1,8.166666666666666,8.166666666666666,7.858333333333333,-0.3333333333333333,-0.3333333333333333,-0.11666666666666667
275.6,1700000275.6,1700000275600000000,1,8.133333333333326,8.133333333333326,7.846666666666664,-0.3333333333333333,-0.3333333333333333,-0.11666666666666667
275.7,1700000275.7,1700000275700000000,1,8.100000000000003,8.100000000000003,7.835000000000001,-0.3333333333333333,-0.3333333333333333,-0.11666666666666667
275.8,1700000275.8,1700000275800000000,1,8.066666666666663,8.066666666666663,7.8233333333333315,-0.3333333333333333,-0.3333333333333333,-0.11666666666666667
275.90000000000003,1700000275.9,1700000275900000000,1,8.03333333333332,8.03333333333332,7.811666666666662,-0.3333333333333333,-0.3333333333333333,-0.11666666666666667
276.0,1700000276.0,1700000276000000000,1,8.0,8.0,7.8,-0.3333333333333333,-0.3333333333333333,-0.11666666666666667
276.1,1700000276.1,1700000276100000000,1,7.96666666666666,7.96666666666666,7.78833333333333,-0.3333333333333333,-0.3333333333333333,-0.11666666666666667
276.2,1700000276.2,1700000276200000000,1,7.933333333333337,7.933333333333337,7.776666666666668,-0.3333333333333333,-0.3333333333333333,-0.11666666666666667
276.3,1700000276.3,1700000276300000000,1,7.899999999999995,7.899999999999995,7.764999999999999,-0.3333333333333333,-0.3333333333333333,-0.11666666666666667
276.40000000000003,1700000276.4,1700000276400000000,1,7.866666666666655,7.866666666666655,7.753333333333329,-0.3333333333333333,-0.3333333333333333,-0.11666666666666667
276.5,1700000276.5,1700000276500000000,1,7.833333333333334,7.833333333333334,7.741666666666667,-0.3333333333333333,-0.3333333333333333,-0.11666666666666667
276.6,1700000276.6,1700000276600000000,1,7.799999999999992,7.799999999999992,7.729999999999997,-0.3333333333333333,-0.3333333333333333,-0.11666666666666667
276.7,1700000276.7,1700000276700000000,1,7.766666666666671,7.766666666666671,7.718333333333335,-0.3333333333333333,-0.3333333333333333,-0.11666666666666667
276.8,1700000276.8,1700000276800000000,1,7.733333333333331,7.733333333333331,7.706666666666665,-0.3333333333333333,-0.3333333333333333,-0.11666666666666667
276.90000000000003,1700000276.9,1700000276900000000,1,7.699999999999989,7.699999999999989,7.694999999999996,-0.3333333333333333,-0.3333333333333333,-0.11666666666666667
277.0,1700000277.0,1700000277000000000,1,7.666666666666666,7.666666666666666,7.683333333333334,-0.3333333333333333,-0.3333333333333333,-0.11666666666666667
277.1,1700000277.1,1700000277100000000,1,7.633333333333326,7.633333333333326,7.671666666666664,-0.3333333333333333,-0.3333333333333333,-0.11666666666666667
277.2,1700000277.2,1700000277200000000,1,7.600000000000005,7.600000000000005,7.660000000000002,-0.3333333333333333,-0.3333333333333333,-0.11666666666666667
277.3,1700000277.3,1700000277300000000,1,7.566666666666663,7.566666666666663,7.6483333333333325,-0.3333333333333333,-0.3333333333333333,-0.11666666666666667
277.40000000000003,1700000277.4,1700000277400000000,1,7.533333333333323,7.533333333333323,7.636666666666663,-0.3333333333333333,-0.3333333333333333,-0.11666666666666667
277.5,1700000277.5,1700000277500000000,1,7.5,7.5,7.625,-0.3333333333333333,-0.3333333333333333,-0.11666666666666667
277.6,1700000277.6,1700000277600000000,1,7.46666666666666,7.46666666666666,7.613333333333331,-0.3333333333333333,-0.3333333333333333,-0.11666666666666667
277.7,1700000277.7,1700000277700000000,1,7.433333333333337,7.433333333333337,7.6016666666666675,-0.3333333333333333,-0.3333333333333333,-0.11666666666666667
277.8,1700000277.8,1700000277800000000,1,7.399999999999995,7.399999999999995,7.589999999999998,-0.3333333333333333,-0.3333333333333333,-0.11666666666666667
277.90000000000003,1700000277.9,1700000277900000000,1,7.366666666666655,7.366666666666655,7.57833333333333,-0.3333333333333333,-0.3333333333333333,-0.11666666666666667
278.0,1700000278.0,1700000278000000000,1,7.333333333333334,7.333333333333334,7.566666666666666,-0.3333333333333333,-0.3333333333333333,-0.11666666666666667
278.1,1700000278.1,1700000278100000000,1,7.299999999999994,7.299999999999994,7.554999999999998,-0.3333333333333333,-0.3333333333333333,-0.11666666666666667
278.2,1700000278.2,1700000278200000000,1,7.266666666666669,7.266666666666669,7.543333333333335,-0.3333333333333333,-0.3333333333333333,-0.11666666666666667
278.3,1700000278.3,1700000278300000000,1,7.233333333333329,7.233333333333329,7.531666666666665,-0.3333333333333333,-0.3333333333333333,-0.11666666666666667
278.40000000000003,1700000278.4,1700000278400000000,1,7.199999999999989,7.199999999999989,7.519999999999996,-0.3333333333333333,-0.3333333333333333,-0.11666666666666667
278.5,1700000278.5,1700000278500000000,1,7.166666666666666,7.166666666666666,7.508333333333333,-0.3333333333333333,-0.3333333333333333,-0.11666666666666667
278.6,1700000278.6,1700000278600000000,1,7.133333333333326,7.133333333333326,7.4966666666666635,-0.3333333333333333,-0.3333333333333333,-0.11666666666666667
278.7,1700000278.7,1700000278700000000,1,7.100000000000005,7.100000000000005,7.485000000000001,-0.3333333333333333,-0.3333333333333333,-0.11666666666666667
278.8,1700000278.8,1700000278800000000,1,7.066666666666663,7.066666666666663,7.473333333333332,-0.3333333333333333,-0.3333333333333333,-0.11666666666666667
278.90000000000003,1700000278.9,1700000278900000000,1,7.033333333333323,7.033333333333323,7.4616666666666625,-0.3333333333333333,-0.3333333333333333,-0.11666666666666667
279.0,1700000279.0,1700000279000000000,1,7.0,7.0,7.45,-0.3333333333333333,-0.3333333333333333,-0.11666666666666667
279.1,1700000279.1,1700000279100000000,1,6.966666666666658,6.966666666666658,7.438333333333331,-0.3333333333333333,-0.3333333333333333,-0.11666666666666667
279.2,1700000279.2,1700000279200000000,1,6.933333333333337,6.933333333333337,7.4266666666666685,-0.3333333333333333,-0.3333333333333333,-0.11666666666666667
279.3,1700000279.3,1700000279300000000,1,6.899999999999997,6.899999999999997,7.414999999999999,-0.3333333333333333,-0.3333333333333333,-0.11666666666666667
279.40000000000003,1700000279.4,1700000279400000000,1,6.866666666666655,6.866666666666655,7.403333333333329,-0.3333333333333333,-0.3333333333333333,-0.11666666666666667
279.5,1700000279.5,1700000279500000000,1,6.833333333333334,6.833333333333334,7.391666666666667,-0.3333333333333333,-0.3333333333333333,-0.11666666666666667
279.6,1700000279.6,1700000279600000000,1,6.799999999999994,6.799999999999994,7.379999999999997,-0.3333333333333333,-0.3333333333333333,-0.11666666666666667
279.7,1700000279.7,1700000279700000000,1,6.766666666666669,6.766666666666669,7.368333333333334,-0.3333333333333333,-0.3333333333333333,-0.11666666666666667
279.8,1700000279.8,1700000279800000000,1,6.733333333333329,6.733333333333329,7.356666666666666,-0.3333333333333333,-0.3333333333333333,-0.11666666666666667
279.90000000000003,1700000279.9,1700000279900000000,1,6.699999999999989,6.699999999999989,7.344999999999996,-0.3333333333333333,-0.3333333333333333,-0.11666666666666667
280.0,1700000280.0,1700000280000000000,1,6.666666666666668,6.666666666666668,7.333333333333334,-0.3333333333333333,-0.3333333333333333,-0.11666666666666667
280.1,1700000280.1,1700000280100000000,1,6.633333333333326,6.633333333333326,7.3216666666666645,-0.3333333333333333,-0.3333333333333333,-0.11666666666666667
280.2,1700000280.2,1700000280200000000,1,6.600000000000003,6.600000000000003,7.310000000000001,-0.3333333333333333,-0.3333333333333333,-0.11666666666666667
280.3,1700000280.3,1700000280300000000,1,6.566666666666663,6.566666666666663,7.298333333333332,-0.3333333333333333,-0.3333333333333333,-0.11666666666666667
280.40000000000003,1700000280.4,1700000280400000000,1,6.533333333333323,6.533333333333323,7.286666666666663,-0.3333333333333333,-0.3333333333333333,-0.11666666666666667
280.5,1700000280.5,1700000280500000000,1,6.5,6.5,7.2749999999999995,-0.3333333333333333,-0.3333333333333333,-0.11666666666666667
280.6,1700000280.6,1700000280600000000,1,6.466666666666658,6.466666666666658,7.26333333333333,-0.3333333333333333,-0.3333333333333333,-0.11666666666666667
280.7,1700000280.7,1700000280700000000,1,6.433333333333337,6.433333333333337,7.251666666666668,-0.3333333333333333,-0.3333333333333333,-0.11666666666666667
280.8,1700000280.8,1700000280800000000,1,6.399999999999997,6.399999999999997,7.239999999999998,-0.3333333333333333,-0.3333333333333333,-0.11666666666666667
280.90000000000003,1700000280.9,1700000280900000000,1,6.3666666666666565,6.3666666666666565,7.22833333333333,-0.3333333333333333,-0.3333333333333333,-0.11666666666666667
281.0,1700000281.0,1700000281000000000,1,6.333333333333332,6.333333333333332,7.216666666666667,-0.3333333333333333,-0.3333333333333333,-0.11666666666666667
281.1,1700000281.1,1700000281100000000,1,6.299999999999992,6.299999999999992,7.204999999999997,-0.3333333333333333,-0.3333333333333333,-0.11666666666666667
281.2,1700000281.2,1700000281200000000,1,6.266666666666671,6.266666666666671,7.193333333333335,-0.3333333333333333,-0.3333333333333333,-0.11666666666666667
281.3,1700000281.3,1700000281300000000,1,6.233333333333329,6.233333333333329,7.181666666666665,-0.3333333333333333,-0.3333333333333333,-0.11666666666666667
281.40000000000003,1700000281.4,1700000281400000000,1,6.199999999999989,6.199999999999989,7.1699999999999955,-0.3333333333333333,-0.3333333333333333,-0.11666666666666667
281.5,1700000281.5,1700000281500000000,1,6.166666666666668,6.166666666666668,7.158333333333333,-0.3333333333333333,-0.3333333333333333,-0.11666666666666667
281.6,1700000281.6,1700000281600000000,1,6.133333333333326,6.133333333333326,7.146666666666664,-0.3333333333333333,-0.3333333333333333,-0.11666666666666667
281.7,1700000281.7,1700000281700000000,1,6.100000000000003,6.100000000000003,7.135000000000002,-0.3333333333333333,-0.3333333333333333,-0.11666666666666667
281.8,1700000281.8,1700000281800000000,1,6.066666666666663,6.066666666666663,7.123333333333332,-0.3333333333333333,-0.3333333333333333,-0.11666666666666667
281.90000000000003,1700000281.9,1700000281900000000,1,6.033333333333321,6.033333333333321,7.111666666666663,-0.3333333333333333,-0.3333333333333333,-0.11666666666666667
282.0,1700000282.0,1700000282000000000,1,6.0,6.0,7.1000000000000005,-0.3333333333333333,-0.3333333333333333,-0.11666666666666667
282.1,1700000282.1,1700000282100000000,1,5.96666666666666,5.96666666666666,7.088333333333331,-0.3333333333333333,-0.3333333333333333,-0.11666666666666667
282.2,1700000282.2,1700000282200000000,1,5.933333333333337,5.933333333333337,7.076666666666668,-0.3333333333333333,-0.3333333333333333,-0.11666666666666667
282.3,1700000282.3,1700000282300000000,1,5.899999999999997,5.899999999999997,7.064999999999999,-0.3333333333333333,-0.3333333333333333,-0.11666666666666667
282.40000000000003,1700000282.4,1700000282400000000,1,5.8666666666666565,5.8666666666666565,7.053333333333329,-0.3333333333333333,-0.3333333333333333,-0.11666666666666667
282.5,1700000282.5,1700000282500000000,1,5.833333333333332,5.833333333333332,7.041666666666666,-0.3333333333333333,-0.3333333333333333,-0.11666666666666667
282.6,1700000282.6,1700000282600000000,1,5.799999999999992,5.799999999999992,7.029999999999998,-0.3333333333333333,-0.3333333333333333,-0.11666666666666667
282.7,1700000282.7,1700000282700000000,1,5.766666666666671,5.766666666666671,7.018333333333334,-0.3333333333333333,-0.3333333333333333,-0.11666666666666667
282.8,1700000282.8,1700000282800000000,1,5.733333333333331,5.733333333333331,7.006666666666666,-0.3333333333333333,-0.3333333333333333,-0.11666666666666667
282.90000000000003,1700000282.9,1700000282900000000,1,5.699999999999989,5.699999999999989,6.9949999999999966,-0.3333333333333333,-0.3333333333333333,-0.11666666666666667
283.0,1700000283.0,1700000283000000000,1,5.666666666666666,5.666666666666666,6.983333333333333,-0.3333333333333333,-0.3333333333333333,-0.11666666666666667
283.1,1700000283.1,1700000283100000000,1,5.633333333333326,5.633333333333326,6.971666666666664,-0.3333333333333333,-0.3333333333333333,-0.11666666666666667
283.2,1700000283.2,1700000283200000000,1,5.600000000000003,5.600000000000003,6.960000000000001,-0.3333333333333333,-0.3333333333333333,-0.11666666666666667
283.3,1700000283.3,1700000283300000000,1,5.566666666666663,5.566666666666663,6.9483333333333315,-0.3333333333333333,-0.3333333333333333,-0.11666666666666667
283.40000000000003,1700000283.4,1700000283400000000,1,5.533333333333321,5.533333333333321,6.936666666666662,-0.3333333333333333,-0.3333333333333333,-0.11666666666666667
283.5,1700000283.5,1700000283500000000,1,5.5,5.5,6.925,-0.3333333333333333,-0.3333333333333333,-0.11666666666666667
283.6,1700000283.6,1700000283600000000,1,5.46666666666666,5.46666666666666,6.91333333333333,-0.3333333333333333,-0.3333333333333333,-0.11666666666666667
283.7,1700000283.7,1700000283700000000,1,5.433333333333337,5.433333333333337,6.901666666666668,-0.3333333333333333,-0.3333333333333333,-0.11666666666666667
283.8,1700000283.8,1700000283800000000,1,5.399999999999995,5.399999999999995,6.889999999999999,-0.3333333333333333,-0.3333333333333333,-0.11666666666666667
283.90000000000003,1700000283.9,1700000283900000000,1,5.366666666666655,5.366666666666655,6.878333333333329,-0.3333333333333333,-0.3333333333333333,-0.11666666666666667
284.0,1700000284.0,1700000284000000000,1,5.333333333333334,5.333333333333334,6.866666666666667,-0.3333333333333333,-0.3333333333333333,-0.11666666666666667
284.1,1700000284.1,1700000284100000000,1,5.299999999999992,5.299999999999992,6.854999999999997,-0.3333333333333333,-0.3333333333333333,-0.11666666666666667
284.2,1700000284.2,1700000284200000000,1,5.266666666666671,5.266666666666671,6.843333333333335,-0.3333333333333333,-0.3333333333333333,-0.11666666666666667
284.3,1700000284.3,1700000284300000000,1,5.233333333333331,5.233333333333331,6.831666666666665,-0.3333333333333333,-0.3333333333333333,-0.11666666666666667
284.40000000000003,1700000284.4,1700000284400000000,1,5.199999999999989,5.199999999999989,6.819999999999996,-0.3333333333333333,-0.3333333333333333,-0.11666666666666667
284.5,1700000284.5,1700000284500000000,1,5.166666666666666,5.166666666666666,6.808333333333334,-0.3333333333333333,-0.3333333333333333,-0.11666666666666667
284.6,1700000284.6,1700000284600000000,1,5.133333333333326,5.133333333333326,6.796666666666664,-0.3333333333333333,-0.3333333333333333,-0.11666666666666667
284.7,1700000284.7,1700000284700000000,1,5.100000000000005,5.100000000000005,6.785000000000002,-0.3333333333333333,-0.3333333333333333,-0.11666666666666667
284.8,1700000284.8,1700000284800000000,1,5.066666666666663,5.066666666666663,6.7733333333333325,-0.3333333333333333,-0.3333333333333333,-0.11666666666666667
284.90000000000003,1700000284.9,1700000284900000000,1,5.033333333333323,5.033333333333323,6.761666666666663,-0.3333333333333333,-0.3333333333333333,-0.11666666666666667
285.0,1700000285.0,1700000285000000000,1,5.0,5.0,6.75,-0.3333333333333333,-0.3333333333333333,-0.11666666666666667
285.1,1700000285.1,1700000285100000000,1,4.96666666666666,4.96666666666666,6.738333333333331,-0.3333333333333333,-0.3333333333333333,-0.11666666666666667
285.2,1700000285.2,1700000285200000000,1,4.933333333333337,4.933333333333337,6.7266666666666675,-0.3333333333333333,-0.3333333333333333,-0.11666666666666667
285.3,1700000285.3,1700000285300000000,1,4.899999999999995,4.899999999999995,6.714999999999998,-0.3333333333333333,-0.3333333333333333,-0.11666666666666667
285.40000000000003,1700000285.4,1700000285400000000,1,4.866666666666655,4.866666666666655,6.70333333333333,-0.3333333333333333,-0.3333333333333333,-0.11666666666666667
285.5,1700000285.5,1700000285500000000,1,4.833333333333334,4.833333333333334,6.691666666666666,-0.3333333333333333,-0.3333333333333333,-0.11666666666666667
285.6,1700000285.6,1700000285600000000,1,4.799999999999994,4.799999999999994,6.679999999999998,-0.3333333333333333,-0.3333333333333333,-0.11666666666666667
285.7,1700000285.7,1700000285700000000,1,4.766666666666669,4.766666666666669,6.668333333333335,-0.3333333333333333,-0.3333333333333333,-0.11666666666666667
285.8,1700000285.8,1700000285800000000,1,4.733333333333329,4.733333333333329,6.656666666666665,-0.3333333333333333,-0.3333333333333333,-0.11666666666666667
285.90000000000003,1700000285.9,1700000285900000000,1,4.699999999999989,4.699999999999989,6.644999999999996,-0.3333333333333333,-0.3333333333333333,-0.11666666666666667
286.0,1700000286.0,1700000286000000000,1,4.666666666666666,4.666666666666666,6.633333333333333,-0.3333333333333333,-0.3333333333333333,-0.11666666666666667
286.1,1700000286.1,1700000286100000000,1,4.633333333333326,4.633333333333326,6.6216666666666635,-0.3333333333333333,-0.3333333333333333,-0.11666666666666667
286.2,1700000286.2,1700000286200000000,1,4.600000000000005,4.600000000000005,6.610000000000001,-0.3333333333333333,-0.3333333333333333,-0.11666666666666667
286.3,1700000286.3,1700000286300000000,1,4.566666666666663,4.566666666666663,6.598333333333332,-0.3333333333333333,-0.3333333333333333,-0.11666666666666667
286.40000000000003,1700000286.4,1700000286400000000,1,4.533333333333323,4.533333333333323,6.5866666666666625,-0.3333333333333333,-0.3333333333333333,-0.11666666666666667
286.5,1700000286.5,1700000286500000000,1,4.5,4.5,6.575,-0.3333333333333333,-0.3333333333333333,-0.11666666666666667
286.6,1700000286.6,1700000286600000000,1,4.466666666666658,4.466666666666658,6.563333333333331,-0.3333333333333333,-0.3333333333333333,-0.11666666666666667
286.7,1700000286.7,1700000286700000000,1,4.433333333333337,4.433333333333337,6.5516666666666685,-0.3333333333333333,-0.3333333333333333,-0.11666666666666667
286.8,1700000286.8,1700000286800000000,1,4.399999999999997,4.399999999999997,6.539999999999999,-0.3333333333333333,-0.3333333333333333,-0.11666666666666667
286.90000000000003,1700000286.9,1700000286900000000,1,4.366666666666655,4.366666666666655,6.528333333333329,-0.3333333333333333,-0.3333333333333333,-0.11666666666666667
287.0,1700000287.0,1700000287000000000,1,4.333333333333334,4.333333333333334,6.516666666666667,-0.3333333333333333,-0.3333333333333333,-0.11666666666666667
287.1,1700000287.1,1700000287100000000,1,4.299999999999994,4.299999999999994,6.504999999999997,-0.3333333333333333,-0.3333333333333333,-0.11666666666666667
287.2,1700000287.2,1700000287200000000,1,4.266666666666669,4.266666666666669,6.493333333333334,-0.3333333333333333,-0.3333333333333333,-0.11666666666666667
287.3,1700000287.3,1700000287300000000,1,4.233333333333329,4.233333333333329,6.481666666666666,-0.3333333333333333,-0.3333333333333333,-0.11666666666666667
287.40000000000003,1700000287.4,1700000287400000000,1,4.199999999999989,4.199999999999989,6.469999999999996,-0.3333333333333333,-0.3333333333333333,-0.11666666666666667
287.5,1700000287.5,1700000287500000000,1,4.166666666666668,4.166666666666668,6.458333333333334,-0.3333333333333333,-0.3333333333333333,-0.11666666666666667
287.6,1700000287.6,1700000287600000000,1,4.133333333333326,4.133333333333326,6.4466666666666645,-0.3333333333333333,-0.3333333333333333,-0.11666666666666667
287.7,1700000287.7,1700000287700000000,1,4.100000000000003,4.100000000000003,6.435000000000001,-0.3333333333333333,-0.3333333333333333,-0.11666666666666667
287.8,1700000287.8,1700000287800000000,1,4.066666666666663,4.066666666666663,6.423333333333332,-0.3333333333333333,-0.3333333333333333,-0.11666666666666667
287.90000000000003,1700000287.9,1700000287900000000,1,4.033333333333323,4.033333333333323,6.411666666666663,-0.3333333333333333,-0.3333333333333333,-0.11666666666666667
288.0,1700000288.0,1700000288000000000,1,4.0,4.0,6.3999999999999995,-0.3333333333333333,-0.3333333333333333,-0.11666666666666667
288.1,1700000288.1,1700000288100000000,1,3.966666666666658,3.966666666666658,6.38833333333333,-0.3333333333333333,-0.3333333333333333,-0.11666666666666667
288.2,1700000288.2,1700000288200000000,1,3.933333333333337,3.933333333333337,6.376666666666668,-0.3333333333333333,-0.3333333333333333,-0.11666666666666667
288.3,1700000288.3,1700000288300000000,1,3.8999999999999986,3.8999999999999986,6.364999999999998,-0.3333333333333333,-0.3333333333333333,-0.11666666666666667
288.40000000000003,1700000288.4,1700000288400000000,1,3.8666666666666565,3.8666666666666565,6.35333333333333,-0.3333333333333333,-0.3333333333333333,-0.11666666666666667
288.5,1700000288.5,1700000288500000000,1,3.833333333333332,3.833333333333332,6.341666666666667,-0.3333333333333333,-0.3333333333333333,-0.11666666666666667
288.6,1700000288.6,1700000288600000000,1,3.7999999999999936,3.7999999999999936,6.329999999999997,-0.3333333333333333,-0.3333333333333333,-0.11666666666666667
288.7,1700000288.7,1700000288700000000,1,3.766666666666673,3.766666666666673,6.318333333333335,-0.3333333333333333,-0.3333333333333333,-0.11666666666666667
288.8,1700000288.8,1700000288800000000,1,3.733333333333327,3.733333333333327,6.306666666666665,-0.3333333333333333,-0.3333333333333333,-0.11666666666666667
288.90000000000003,1700000288.9,1700000288900000000,1,3.6999999999999886,3.6999999999999886,6.2949999999999955,-0.3333333333333333,-0.3333333333333333,-0.11666666666666667
289.0,1700000289.0,1700000289000000000,1,3.666666666666668,3.666666666666668,6.283333333333333,-0.3333333333333333,-0.3333333333333333,-0.11666666666666667
289.1,1700000289.1,1700000289100000000,1,3.6333333333333258,3.6333333333333258,6.271666666666664,-0.3333333333333333,-0.3333333333333333,-0.11666666666666667
289.2,1700000289.2,1700000289200000000,1,3.6000000000000014,3.6000000000000014,6.260000000000002,-0.3333333333333333,-0.3333333333333333,-0.11666666666666667
289.3,1700000289.3,1700000289300000000,1,3.566666666666663,3.566666666666663,6.248333333333332,-0.3333333333333333,-0.3333333333333333,-0.11666666666666667
289.40000000000003,1700000289.4,1700000289400000000,1,3.533333333333321,3.533333333333321,6.236666666666663,-0.3333333333333333,-0.3333333333333333,-0.11666666666666667
289.5,1700000289.5,1700000289500000000,1,3.5,3.5,6.2250000000000005,-0.3333333333333333,-0.3333333333333333,-0.11666666666666667
289.6,1700000289.6,1700000289600000000,1,3.4666666666666615,3.4666666666666615,6.213333333333331,-0.3333333333333333,-0.3333333333333333,-0.11666666666666667
289.7,1700000289.7,1700000289700000000,1,3.433333333333337,3.433333333333337,6.201666666666668,-0.3333333333333333,-0.3333333333333333,-0.11666666666666667
289.8,1700000289.8,1700000289800000000,1,3.399999999999995,3.399999999999995,6.189999999999999,-0.3333333333333333,-0.3333333333333333,-0.11666666666666667
289.90000000000003,1700000289.9,1700000289900000000,1,3.3666666666666565,3.3666666666666565,6.178333333333329,-0.3333333333333333,-0.3333333333333333,-0.11666666666666667
290.0,1700000290.0,1700000290000000000,1,3.333333333333332,3.333333333333332,6.166666666666666,-0.3333333333333333,-0.3333333333333333,-0.11666666666666667
290.1,1700000290.1,1700000290100000000,1,3.29999999999999,3.29999999999999,6.154999999999998,-0.3333333333333333,-0.3333333333333333,-0.11666666666666667
290.2,1700000290.2,1700000290200000000,1,3.266666666666673,3.266666666666673,6.143333333333334,-0.3333333333333333,-0.3333333333333333,-0.11666666666666667
290.3,1700000290.3,1700000290300000000,1,3.2333333333333307,3.2333333333333307,6.131666666666666,-0.3333333333333333,-0.3333333333333333,-0.11666666666666667
290.40000000000003,1700000290.4,1700000290400000000,1,3.1999999999999886,3.1999999999999886,6.1199999999999966,-0.3333333333333333,-0.3333333333333333,-0.11666666666666667
290.5,1700000290.5,1700000290500000000,1,3.166666666666668,3.166666666666668,6.108333333333333,-0.3333333333333333,-0.3333333333333333,-0.11666666666666667
290.6,1700000290.6,1700000290600000000,1,3.1333333333333258,3.1333333333333258,6.096666666666664,-0.3333333333333333,-0.3333333333333333,-0.11666666666666667
290.7,1700000290.7,1700000290700000000,1,3.1000000000000014,3.1000000000000014,6.085000000000001,-0.3333333333333333,-0.3333333333333333,-0.11666666666666667
290.8,1700000290.8,1700000290800000000,1,3.066666666666663,3.066666666666663,6.0733333333333315,-0.3333333333333333,-0.3333333333333333,-0.11666666666666667
290.90000000000003,1700000290.9,1700000290900000000,1,3.033333333333321,3.033333333333321,6.061666666666662,-0.3333333333333333,-0.3333333333333333,-0.11666666666666667
291.0,1700000291.0,1700000291000000000,1,3.0,3.0,6.05,-0.3333333333333333,-0.3333333333333333,-0.11666666666666667
291.1,1700000291.1,1700000291100000000,1,2.9666666666666615,2.9666666666666615,6.03833333333333,-0.3333333333333333,-0.3333333333333333,-0.11666666666666667
291.2,1700000291.2,1700000291200000000,1,2.933333333333337,2.933333333333337,6.026666666666668,-0.3333333333333333,-0.3333333333333333,-0.11666666666666667
291.3,1700000291.3,1700000291300000000,1,2.899999999999995,2.899999999999995,6.014999999999999,-0.3333333333333333,-0.3333333333333333,-0.11666666666666667
291.40000000000003,1700000291.4,1700000291400000000,1,2.8666666666666565,2.8666666666666565,6.003333333333329,-0.3333333333333333,-0.3333333333333333,-0.11666666666666667
291.5,1700000291.5,1700000291500000000,1,2.8333333333333357,2.8333333333333357,5.991666666666667,-0.3333333333333333,-0.3333333333333333,-0.11666666666666667
291.6,1700000291.6,1700000291600000000,1,2.79999999999999,2.79999999999999,5.979999999999997,-0.3333333333333333,-0.3333333333333333,-0.11666666666666667
291.7,1700000291.7,1700000291700000000,1,2.7666666666666693,2.7666666666666693,5.968333333333335,-0.3333333333333333,-0.3333333333333333,-0.11666666666666667
291.8,1700000291.8,1700000291800000000,1,2.7333333333333307,2.7333333333333307,5.956666666666665,-0.3333333333333333,-0.3333333333333333,-0.11666666666666667
291.90000000000003,1700000291.9,1700000291900000000,1,2.6999999999999886,2.6999999999999886,5.944999999999996,-0.3333333333333333,-0.3333333333333333,-0.11666666666666667
292.0,1700000292.0,1700000292000000000,1,2.6666666666666643,2.6666666666666643,5.933333333333334,-0.3333333333333333,-0.3333333333333333,-0.11666666666666667
292.1,1700000292.1,1700000292100000000,1,2.6333333333333258,2.6333333333333258,5.921666666666664,-0.3333333333333333,-0.3333333333333333,-0.11666666666666667
292.2,1700000292.2,1700000292200000000,1,2.600000000000005,2.600000000000005,5.910000000000002,-0.3333333333333333,-0.3333333333333333,-0.11666666666666667
292.3,1700000292.3,1700000292300000000,1,2.566666666666663,2.566666666666663,5.8983333333333325,-0.3333333333333333,-0.3333333333333333,-0.11666666666666667
292.40000000000003,1700000292.4,1700000292400000000,1,2.5333333333333243,2.5333333333333243,5.886666666666663,-0.3333333333333333,-0.3333333333333333,-0.11666666666666667
292.5,1700000292.5,1700000292500000000,1,2.5,2.5,5.875,-0.3333333333333333,-0.3333333333333333,-0.11666666666666667
292.6,1700000292.6,1700000292600000000,1,2.466666666666658,2.466666666666658,5.863333333333331,-0.3333333333333333,-0.3333333333333333,-0.11666666666666667
292.7,1700000292.7,1700000292700000000,1,2.433333333333337,2.433333333333337,5.8516666666666675,-0.3333333333333333,-0.3333333333333333,-0.11666666666666667
292.8,1700000292.8,1700000292800000000,1,2.399999999999995,2.399999999999995,5.839999999999998,-0.3333333333333333,-0.3333333333333333,-0.11666666666666667
292.90000000000003,1700000292.9,1700000292900000000,1,2.366666666666653,2.366666666666653,5.82833333333333,-0.3333333333333333,-0.3333333333333333,-0.11666666666666667
293.0,1700000293.0,1700000293000000000,1,2.3333333333333357,2.3333333333333357,5.816666666666666,-0.3333333333333333,-0.3333333333333333,-0.11666666666666667
293.1,1700000293.1,1700000293100000000,1,2.2999999999999936,2.2999999999999936,5.804999999999998,-0.3333333333333333,-0.3333333333333333,-0.11666666666666667
293.2,1700000293.2,1700000293200000000,1,2.2666666666666693,2.2666666666666693,5.793333333333335,-0.3333333333333333,-0.3333333333333333,-0.11666666666666667
293.3,1700000293.3,1700000293300000000,1,2.2333333333333307,2.2333333333333307,5.781666666666665,-0.3333333333333333,-0.3333333333333333,-0.11666666666666667
293.40000000000003,1700000293.4,1700000293400000000,1,2.1999999999999886,2.1999999999999886,5.769999999999996,-0.3333333333333333,-0.3333333333333333,-0.11666666666666667
293.5,1700000293.5,1700000293500000000,1,2.1666666666666643,2.1666666666666643,5.758333333333333,-0.3333333333333333,-0.3333333333333333,-0.11666666666666667
293.6,1700000293.6,1700000293600000000,1,2.1333333333333258,2.1333333333333258,5.7466666666666635,-0.3333333333333333,-0.3333333333333333,-0.11666666666666667
293.7,1700000293.7,1700000293700000000,1,2.100000000000005,2.100000000000005,5.735000000000001,-0.3333333333333333,-0.3333333333333333,-0.11666666666666667
293.8,1700000293.8,1700000293800000000,1,2.066666666666663,2.066666666666663,5.723333333333332,-0.3333333333333333,-0.3333333333333333,-0.11666666666666667
293.90000000000003,1700000293.9,1700000293900000000,1,2.0333333333333243,2.0333333333333243,5.7116666666666625,-0.3333333333333333,-0.3333333333333333,-0.11666666666666667
294.0,1700000294.0,1700000294000000000,1,2.0,2.0,5.7,-0.3333333333333333,-0.3333333333333333,-0.11666666666666667
294.1,1700000294.1,1700000294100000000,1,1.966666666666658,1.966666666666658,5.688333333333331,-0.3333333333333333,-0.3333333333333333,-0.11666666666666667
294.2,1700000294.2,1700000294200000000,1,1.9333333333333371,1.9333333333333371,5.6766666666666685,-0.3333333333333333,-0.3333333333333333,-0.11666666666666667
294.3,1700000294.3,1700000294300000000,1,1.8999999999999986,1.8999999999999986,5.664999999999999,-0.3333333333333333,-0.3333333333333333,-0.11666666666666667
294.40000000000003,1700000294.4,1700000294400000000,1,1.866666666666653,1.866666666666653,5.653333333333329,-0.3333333333333333,-0.3333333333333333,-0.11666666666666667
294.5,1700000294.5,1700000294500000000,1,1.8333333333333321,1.8333333333333321,5.641666666666667,-0.3333333333333333,-0.3333333333333333,-0.11666666666666667
294.6,1700000294.6,1700000294600000000,1,1.7999999999999936,1.7999999999999936,5.629999999999997,-0.3333333333333333,-0.3333333333333333,-0.11666666666666667
294.7,1700000294.7,1700000294700000000,1,1.7666666666666693,1.7666666666666693,5.618333333333334,-0.3333333333333333,-0.3333333333333333,-0.11666666666666667
294.8,1700000294.8,1700000294800000000,1,1.7333333333333272,1.7333333333333272,5.606666666666666,-0.3333333333333333,-0.3333333333333333,-0.11666666666666667
294.90000000000003,1700000294.9,1700000294900000000,1,1.6999999999999886,1.6999999999999886,5.594999999999996,-0.3333333333333333,-0.3333333333333333,-0.11666666666666667
295.0,1700000295.0,1700000295000000000,1,1.6666666666666679,1.6666666666666679,5.583333333333334,-0.3333333333333333,-0.3333333333333333,-0.11666666666666667
295.1,1700000295.1,1700000295100000000,1,1.6333333333333258,1.6333333333333258,5.5716666666666645,-0.3333333333333333,-0.3333333333333333,-0.11666666666666667
295.2,1700000295.2,1700000295200000000,1,1.600000000000005,1.600000000000005,5.560000000000001,-0.3333333333333333,-0.3333333333333333,-0.11666666666666667
295.3,1700000295.3,1700000295300000000,1,1.5666666666666629,1.5666666666666629,5.548333333333332,-0.3333333333333333,-0.3333333333333333,-0.11666666666666667
295.40000000000003,1700000295.4,1700000295400000000,1,1.5333333333333208,1.5333333333333208,5.536666666666663,-0.3333333333333333,-0.3333333333333333,-0.11666666666666667
295.5,1700000295.5,1700000295500000000,1,1.5,1.5,5.5249999999999995,-0.3333333333333333,-0.3333333333333333,-0.11666666666666667
295.6,1700000295.6,1700000295600000000,1,1.466666666666658,1.466666666666658,5.51333333333333,-0.3333333333333333,-0.3333333333333333,-0.11666666666666667
295.7,1700000295.7,1700000295700000000,1,1.4333333333333371,1.4333333333333371,5.501666666666668,-0.3333333333333333,-0.3333333333333333,-0.11666666666666667
295.8,1700000295.8,1700000295800000000,1,1.3999999999999986,1.3999999999999986,5.489999999999998,-0.3333333333333333,-0.3333333333333333,-0.11666666666666667
295.90000000000003,1700000295.9,1700000295900000000,1,1.3666666666666565,1.3666666666666565,5.47833333333333,-0.3333333333333333,-0.3333333333333333,-0.11666666666666667
296.0,1700000296.0,1700000296000000000,1,1.3333333333333321,1.3333333333333321,5.466666666666667,-0.3333333333333333,-0.3333333333333333,-0.11666666666666667
296.1,1700000296.1,1700000296100000000,1,1.2999999999999936,1.2999999999999936,5.454999999999997,-0.3333333333333333,-0.3333333333333333,-0.11666666666666667
296.2,1700000296.2,1700000296200000000,1,1.2666666666666728,1.2666666666666728,5.443333333333335,-0.3333333333333333,-0.3333333333333333,-0.11666666666666667
296.3,1700000296.3,1700000296300000000,1,1.2333333333333272,1.2333333333333272,5.431666666666665,-0.3333333333333333,-0.3333333333333333,-0.11666666666666667
296.40000000000003,1700000296.4,1700000296400000000,1,1.1999999999999886,1.1999999999999886,5.4199999999999955,-0.3333333333333333,-0.3333333333333333,-0.11666666666666667
296.5,1700000296.5,1700000296500000000,1,1.1666666666666679,1.1666666666666679,5.408333333333333,-0.3333333333333333,-0.3333333333333333,-0.11666666666666667
296.6,1700000296.6,1700000296600000000,1,1.1333333333333258,1.1333333333333258,5.396666666666664,-0.3333333333333333,-0.3333333333333333,-0.11666666666666667
296.7,1700000296.7,1700000296700000000,1,1.1000000000000014,1.1000000000000014,5.385000000000002,-0.3333333333333333,-0.3333333333333333,-0.11666666666666667
296.8,1700000296.8,1700000296800000000,1,1.0666666666666629,1.0666666666666629,5.373333333333332,-0.3333333333333333,-0.3333333333333333,-0.11666666666666667
296.90000000000003,1700000296.9,1700000296900000000,1,1.0333333333333208,1.0333333333333208,5.361666666666663,-0.3333333333333333,-0.3333333333333333,-0.11666666666666667
297.0,1700000297.0,1700000297000000000,1,1.0,1.0,5.3500000000000005,-0.3333333333333333,-0.3333333333333333,-0.11666666666666667
297.1,1700000297.1,1700000297100000000,1,0.9666666666666615,0.9666666666666615,5.338333333333331,-0.3333333333333333,-0.3333333333333333,-0.11666666666666667
297.2,1700000297.2,1700000297200000000,1,0.9333333333333371,0.9333333333333371,5.326666666666668,-0.3333333333333333,-0.3333333333333333,-0.11666666666666667
297.3,1700000297.3,1700000297300000000,1,0.899999999999995,0.899999999999995,5.314999999999999,-0.3333333333333333,-0.3333333333333333,-0.11666666666666667
297.40000000000003,1700000297.4,1700000297400000000,1,0.8666666666666565,0.8666666666666565,5.303333333333329,-0.3333333333333333,-0.3333333333333333,-0.11666666666666667
297.5,1700000297.5,1700000297500000000,1,0.8333333333333321,0.8333333333333321,5.291666666666666,-0.3333333333333333,-0.3333333333333333,-0.11666666666666667
297.6,1700000297.6,1700000297600000000,1,0.79999999999999,0.79999999999999,5.279999999999998,-0.3333333333333333,-0.3333333333333333,-0.11666666666666667
297.7,1700000297.7,1700000297700000000,1,0.7666666666666728,0.7666666666666728,5.268333333333334,-0.3333333333333333,-0.3333333333333333,-0.11666666666666667
297.8,1700000297.8,1700000297800000000,1,0.7333333333333307,0.7333333333333307,5.256666666666666,-0.3333333333333333,-0.3333333333333333,-0.11666666666666667
297.90000000000003,1700000297.9,1700000297900000000,1,0.6999999999999886,0.6999999999999886,5.2449999999999966,-0.3333333333333333,-0.3333333333333333,-0.11666666666666667
298.0,1700000298.0,1700000298000000000,1,0.6666666666666679,0.6666666666666679,5.233333333333333,-0.3333333333333333,-0.3333333333333333,-0.11666666666666667
298.1,1700000298.1,1700000298100000000,1,0.6333333333333258,0.6333333333333258,5.221666666666664,-0.3333333333333333,-0.3333333333333333,-0.11666666666666667
298.2,1700000298.2,1700000298200000000,1,0.6000000000000014,0.6000000000000014,5.210000000000001,-0.3333333333333333,-0.3333333333333333,-0.11666666666666667
298.3,1700000298.3,1700000298300000000,1,0.5666666666666629,0.5666666666666629,5.1983333333333315,-0.3333333333333333,-0.3333333333333333,-0.11666666666666667
298.40000000000003,1700000298.4,1700000298400000000,1,0.5333333333333208,0.5333333333333208,5.186666666666662,-0.3333333333333333,-0.3333333333333333,-0.11666666666666667
298.5,1700000298.5,1700000298500000000,1,0.5,0.5,5.175,-0.3333333333333333,-0.3333333333333333,-0.11666666666666667
298.6,1700000298.6,1700000298600000000,1,0.46666666666666146,0.46666666666666146,5.16333333333333,-0.3333333333333333,-0.3333333333333333,-0.11666666666666667
298.7,1700000298.7,1700000298700000000,1,0.4333333333333371,0.4333333333333371,5.151666666666668,-0.3333333333333333,-0.3333333333333333,-0.11666666666666667
298.8,1700000298.8,1700000298800000000,1,0.399999999999995,0.399999999999995,5.139999999999999,-0.3333333333333333,-0.3333333333333333,-0.11666666666666667
298.90000000000003,1700000298.9,1700000298900000000,1,0.3666666666666565,0.3666666666666565,5.128333333333329,-0.3333333333333333,-0.3333333333333333,-0.11666666666666667
299.0,1700000299.0,1700000299000000000,1,0.3333333333333357,0.3333333333333357,5.116666666666667,-0.3333333333333333,-0.3333333333333333,-0.11666666666666667
299.1,1700000299.1,1700000299100000000,1,0.29999999999999005,0.29999999999999005,5.104999999999997,-0.3333333333333333,-0.3333333333333333,-0.11666666666666667
299.2,1700000299.2,1700000299200000000,1,0.26666666666666927,0.26666666666666927,5.093333333333335,-0.3333333333333333,-0.3333333333333333,-0.11666666666666667
299.3,1700000299.3,1700000299300000000,1,0.23333333333333073,0.23333333333333073,5.081666666666665,-0.3333333333333333,-0.3333333333333333,-0.11666666666666667
299.40000000000003,1700000299.4,1700000299400000000,1,0.19999999999998863,0.19999999999998863,5.069999999999996,-0.3333333333333333,-0.3333333333333333,-0.11666666666666667
299.5,1700000299.5,1700000299500000000,1,0.1666666666666643,0.1666666666666643,5.058333333333334,-0.3333333333333333,-0.3333333333333333,-0.11666666666666667
299.6,1700000299.6,1700000299600000000,1,0.13333333333332575,0.13333333333332575,5.046666666666664,-0.3333333333333333,-0.3333333333333333,-0.11666666666666667
299.7,1700000299.7,1700000299700000000,1,0.10000000000000497,0.10000000000000497,5.035000000000002,-0.3333333333333333,-0.3333333333333333,-0.11666666666666667
299.8,1700000299.8,1700000299800000000,1,0.06666666666666288,0.06666666666666288,5.0233333333333325,-0.3333333333333333,-0.3333333333333333,-0.11666666666666667
299.90000000000003,1700000299.9,1700000299900000000,1,0.03333333333332433,0.03333333333332433,5.011666666666663,-0.3333333333333333,-0.3333333333333333,-0.11666666666666667
